number,value,datetime_start,datetime_complete,duration,params_activation,params_dropout,params_hidden_size,params_lr,params_n_layers,params_scale_target,params_scaler,params_weight_decay,state
0,190.5194549560547,2026-01-03 18:23:23.896456,2026-01-03 18:23:33.649016,0 days 00:00:09.752560,gelu,0.48717507844762753,13,0.038372250384464505,2,True,standard,2.1057249878584985e-06,COMPLETE
1,341.612545437283,2026-01-03 18:23:33.660017,2026-01-03 18:23:42.181694,0 days 00:00:08.521677,gelu,0.4086120782270629,10,5.924900895684408e-05,2,False,none,1.95852103415482e-06,COMPLETE
2,176.7728271484375,2026-01-03 18:23:42.189702,2026-01-03 18:23:49.719658,0 days 00:00:07.529956,gelu,0.1426556315817865,29,0.049679502200920225,1,True,minmax,0.00023167456801701227,COMPLETE
3,293.7834789360894,2026-01-03 18:23:49.731658,2026-01-03 18:23:56.500079,0 days 00:00:06.768421,gelu,0.2346751283056655,5,0.00035885270995245864,1,False,robust,1.0098055438468925e-06,COMPLETE
4,196.26016235351562,2026-01-03 18:23:56.674607,2026-01-03 18:24:04.308746,0 days 00:00:07.634139,gelu,0.2331773026489241,30,0.015899274064496316,1,True,minmax,3.238951290955007e-06,COMPLETE
5,192.77386474609375,2026-01-03 18:24:04.318749,2026-01-03 18:24:11.610924,0 days 00:00:07.292175,mish,0.44089623094964747,32,0.0017298577019442516,1,True,standard,0.00023161189605410562,COMPLETE
6,176.80697631835938,2026-01-03 18:24:11.622440,2026-01-03 18:24:18.775614,0 days 00:00:07.153174,silu,0.13283840372544686,9,0.08377041908086573,2,True,none,7.963341879121187e-06,COMPLETE
7,283.5393981933594,2026-01-03 18:24:18.786638,2026-01-03 18:24:27.564841,0 days 00:00:08.778203,gelu,0.28242821915918326,5,0.00011887384217733469,2,True,none,7.302784709361377e-06,COMPLETE
8,198.84426879882812,2026-01-03 18:24:27.573349,2026-01-03 18:24:33.951148,0 days 00:00:06.377799,silu,0.32395042273212615,14,0.0025439341645457393,1,True,minmax,9.961342791921566e-06,COMPLETE
9,241.93363240559893,2026-01-03 18:24:33.959662,2026-01-03 18:24:41.291691,0 days 00:00:07.332029,silu,0.4965103536992248,23,0.0005706327073976341,2,False,robust,0.0008983087251239809,COMPLETE
10,371.58371270073786,2026-01-03 18:24:41.300208,2026-01-03 18:24:47.090508,0 days 00:00:05.790300,relu,0.10050032209455356,19,1.285199010540008e-05,1,False,minmax,8.575113571596447e-05,COMPLETE
11,173.58343505859375,2026-01-03 18:24:47.098019,2026-01-03 18:24:54.071576,0 days 00:00:06.973557,silu,0.1006090126210977,9,0.06879659105065929,2,True,none,4.0900894683612215e-05,COMPLETE
12,199.46722412109375,2026-01-03 18:24:54.080087,2026-01-03 18:25:00.465554,0 days 00:00:06.385467,relu,0.1747941281631461,7,0.013678096151991457,1,True,minmax,4.446720509925644e-05,COMPLETE
13,193.41917419433594,2026-01-03 18:25:00.474068,2026-01-03 18:25:07.739720,0 days 00:00:07.265652,mish,0.17580684740535674,7,0.010453453605861224,2,True,none,0.00023022272013657437,COMPLETE
14,177.23475646972656,2026-01-03 18:25:07.919963,2026-01-03 18:25:14.115218,0 days 00:00:06.195255,silu,0.1006966878104113,17,0.06943970739671644,1,True,none,0.00018897399100253564,COMPLETE
15,198.08209228515625,2026-01-03 18:25:14.123733,2026-01-03 18:25:21.318802,0 days 00:00:07.195069,silu,0.17855914254976732,7,0.027462644883874326,2,True,minmax,2.7639336733926598e-05,COMPLETE
16,200.08070373535156,2026-01-03 18:25:21.326314,2026-01-03 18:25:27.107370,0 days 00:00:05.781056,mish,0.3143732868472178,4,0.005616196825909345,1,True,robust,0.0008960139496064163,COMPLETE
17,180.94822692871094,2026-01-03 18:25:27.115893,2026-01-03 18:25:33.942046,0 days 00:00:06.826153,relu,0.23018118937702536,12,0.035678360497035065,2,True,standard,8.333341726564849e-05,COMPLETE
18,356.9904998101128,2026-01-03 18:25:33.949570,2026-01-03 18:25:41.298707,0 days 00:00:07.349137,silu,0.1416185109680644,23,1.502051393987781e-05,2,False,none,2.3775521637924653e-05,COMPLETE
19,200.13137817382812,2026-01-03 18:25:41.306220,2026-01-03 18:25:48.283309,0 days 00:00:06.977089,gelu,0.34494275306497973,8,0.005596299217934282,1,True,minmax,0.00043443102796751143,COMPLETE
20,175.6865997314453,2026-01-03 18:25:48.292823,2026-01-03 18:25:56.259554,0 days 00:00:07.966731,gelu,0.2699836795654271,16,0.08268941331750748,1,True,minmax,9.152196905005684e-05,COMPLETE
21,174.76974487304688,2026-01-03 18:25:56.270602,2026-01-03 18:26:03.800709,0 days 00:00:07.530107,gelu,0.27078109135825323,18,0.09908846144094964,1,True,minmax,9.440653112668495e-05,COMPLETE
22,176.81820678710938,2026-01-03 18:26:03.810735,2026-01-03 18:26:10.725565,0 days 00:00:06.914830,gelu,0.26760433525886407,16,0.09334541692451344,1,True,minmax,5.8958466474052074e-05,COMPLETE
23,195.55050659179688,2026-01-03 18:26:10.734085,2026-01-03 18:26:17.620073,0 days 00:00:06.885988,gelu,0.3484156078351024,22,0.02571847876749947,1,True,minmax,0.00012138600093012121,COMPLETE
24,186.1536407470703,2026-01-03 18:26:17.627585,2026-01-03 18:26:24.409077,0 days 00:00:06.781492,gelu,0.37920784799215246,11,0.05665918388384787,1,True,minmax,1.5875888618731116e-05,COMPLETE
25,186.99107360839844,2026-01-03 18:26:24.418599,2026-01-03 18:26:30.817103,0 days 00:00:06.398504,silu,0.26183847362156243,15,0.09804521566552449,1,True,none,4.859776838945764e-05,COMPLETE
26,219.23638075086805,2026-01-03 18:26:30.825623,2026-01-03 18:26:37.938882,0 days 00:00:07.113259,relu,0.20307102045319153,20,0.0008054395200082468,2,False,robust,0.00010566895289359444,COMPLETE
27,176.97586059570312,2026-01-03 18:26:37.946398,2026-01-03 18:26:44.270618,0 days 00:00:06.324220,mish,0.3032861548961091,9,0.023303631442812382,1,True,standard,0.0003975408928148916,COMPLETE
28,201.66897583007812,2026-01-03 18:26:44.278638,2026-01-03 18:26:52.533235,0 days 00:00:08.254597,gelu,0.38014652905788077,12,0.008066914819968166,2,True,minmax,1.4444326152872885e-05,COMPLETE
29,172.27783203125,2026-01-03 18:26:52.540246,2026-01-03 18:26:59.422478,0 days 00:00:06.882232,gelu,0.45159618929470857,26,0.04026486621645695,1,True,standard,4.1186302507910196e-05,COMPLETE
30,179.57275390625,2026-01-03 18:26:59.430481,2026-01-03 18:27:07.132034,0 days 00:00:07.701553,silu,0.4537742766989117,28,0.04132610606954375,2,True,standard,3.827333239786553e-05,COMPLETE
31,172.15243530273438,2026-01-03 18:27:07.140047,2026-01-03 18:27:13.926199,0 days 00:00:06.786152,gelu,0.46276998330003893,25,0.051379181994378485,1,True,standard,0.00013809049154656558,COMPLETE
32,173.50942993164062,2026-01-03 18:27:13.933714,2026-01-03 18:27:20.800169,0 days 00:00:06.866455,gelu,0.46320757246656546,26,0.03935346314925561,1,True,standard,0.0001349168944948928,COMPLETE
33,174.612548828125,2026-01-03 18:27:20.808684,2026-01-03 18:27:27.757222,0 days 00:00:06.948538,gelu,0.44268627585614406,26,0.018796673621316137,1,True,standard,0.00015525341705218592,COMPLETE
34,200.7356557888455,2026-01-03 18:27:27.766745,2026-01-03 18:27:34.183745,0 days 00:00:06.417000,gelu,0.47541876986347165,24,0.0008523414380778842,1,False,standard,0.00045802699788101853,COMPLETE
35,173.07676696777344,2026-01-03 18:27:34.192251,2026-01-03 18:27:41.090056,0 days 00:00:06.897805,gelu,0.41007819124816747,27,0.04098630265711371,1,True,standard,6.38523274343135e-05,COMPLETE
36,172.9268798828125,2026-01-03 18:27:41.099575,2026-01-03 18:27:47.923193,0 days 00:00:06.823618,gelu,0.41429202915627733,27,0.03757513043748356,1,True,standard,6.42346088369681e-05,COMPLETE
37,170.4734649658203,2026-01-03 18:27:47.932705,2026-01-03 18:27:54.848123,0 days 00:00:06.915418,gelu,0.41598708034575604,32,0.052758337683037976,1,True,standard,6.178216578221692e-05,COMPLETE
38,198.61625291612413,2026-01-03 18:27:54.857147,2026-01-03 18:28:01.364782,0 days 00:00:06.507635,gelu,0.41735077021475514,32,0.0008659033685527796,1,False,standard,2.5607140925722915e-05,COMPLETE
39,176.2034454345703,2026-01-03 18:28:01.375301,2026-01-03 18:28:08.225794,0 days 00:00:06.850493,gelu,0.39347618202070267,21,0.018232970579540257,1,True,standard,3.152064723070448e-06,COMPLETE
40,170.87741088867188,2026-01-03 18:28:08.233311,2026-01-03 18:28:15.151386,0 days 00:00:06.918075,gelu,0.43418277239240394,32,0.054620485155672,1,True,standard,1.6521916219920743e-05,COMPLETE
41,171.65829467773438,2026-01-03 18:28:15.160900,2026-01-03 18:28:22.036408,0 days 00:00:06.875508,gelu,0.4296332133399078,30,0.05138286345185787,1,True,standard,1.6370219106701946e-05,COMPLETE
42,171.34815979003906,2026-01-03 18:28:22.043925,2026-01-03 18:28:28.948601,0 days 00:00:06.904676,gelu,0.4337569502385562,32,0.05491609932506888,1,True,standard,1.6719931385382085e-05,COMPLETE
43,170.7571563720703,2026-01-03 18:28:28.957122,2026-01-03 18:28:35.927827,0 days 00:00:06.970705,gelu,0.4294373527413772,30,0.058442103061198486,1,True,standard,1.550200166177063e-05,COMPLETE
44,170.5629425048828,2026-01-03 18:28:35.936347,2026-01-03 18:28:42.791640,0 days 00:00:06.855293,gelu,0.42753091924561043,30,0.06231011187010315,1,True,standard,6.151712290136227e-06,COMPLETE
45,175.66563415527344,2026-01-03 18:28:42.799649,2026-01-03 18:28:49.723191,0 days 00:00:06.923542,gelu,0.47963286464219124,31,0.027569862978904833,1,True,standard,5.820997148909258e-06,COMPLETE
46,170.90237426757812,2026-01-03 18:28:49.732707,2026-01-03 18:28:56.518493,0 days 00:00:06.785786,gelu,0.3934750098280896,32,0.06351831277459295,1,True,standard,4.2642565441073825e-06,COMPLETE
47,198.2980006917318,2026-01-03 18:28:56.527012,2026-01-03 18:29:02.836925,0 days 00:00:06.309913,mish,0.3588272370480743,29,0.0009009254419915444,1,False,standard,4.5433448522418955e-06,COMPLETE
48,177.8310089111328,2026-01-03 18:29:02.845439,2026-01-03 18:29:09.631099,0 days 00:00:06.785660,gelu,0.3697047588739863,23,0.012139964492188316,1,True,standard,9.552640431385391e-06,COMPLETE
49,173.96200561523438,2026-01-03 18:29:09.639110,2026-01-03 18:29:16.037633,0 days 00:00:06.398523,relu,0.4948003380207676,29,0.07408721343174993,1,True,robust,1.7144345985162954e-06,COMPLETE
50,171.4901885986328,2026-01-03 18:29:16.047146,2026-01-03 18:29:22.873460,0 days 00:00:06.826314,gelu,0.39638575771254253,20,0.06844085870820116,1,True,standard,3.0019080052221015e-06,COMPLETE
51,170.40318298339844,2026-01-03 18:29:22.880967,2026-01-03 18:29:29.701529,0 days 00:00:06.820562,gelu,0.42986892576758723,32,0.0561853535183808,1,True,standard,1.1521005081967355e-05,COMPLETE
52,170.4088592529297,2026-01-03 18:29:29.709533,2026-01-03 18:29:36.600770,0 days 00:00:06.891237,gelu,0.42441089579522157,32,0.06115348953133941,1,True,standard,1.1274648364467474e-05,COMPLETE
53,173.0665283203125,2026-01-03 18:29:36.609784,2026-01-03 18:29:43.496151,0 days 00:00:06.886367,gelu,0.425018671234801,29,0.0312507090220361,1,True,standard,1.076769666279853e-05,COMPLETE
54,175.5052032470703,2026-01-03 18:29:43.505667,2026-01-03 18:29:50.431807,0 days 00:00:06.926140,gelu,0.40247513471750784,28,0.023160698964009362,1,True,standard,2.1487279776481807e-05,COMPLETE
55,190.54600524902344,2026-01-03 18:29:50.441321,2026-01-03 18:29:57.732408,0 days 00:00:07.291087,gelu,0.4437660531932893,25,0.0020073516893597703,1,True,standard,7.2726159548995775e-06,COMPLETE
56,174.54067993164062,2026-01-03 18:29:57.740923,2026-01-03 18:30:04.411994,0 days 00:00:06.671071,mish,0.4694170340973852,32,0.047617093462713624,1,True,standard,1.1618478463170935e-05,COMPLETE
57,170.09620666503906,2026-01-03 18:30:04.420501,2026-01-03 18:30:11.318737,0 days 00:00:06.898236,gelu,0.33275841172864334,22,0.07300979721278866,1,True,standard,6.556057383530346e-06,COMPLETE
58,172.4490203857422,2026-01-03 18:30:11.327758,2026-01-03 18:30:17.732083,0 days 00:00:06.404325,relu,0.3315276467700894,22,0.07865128277195271,1,True,robust,6.665919710668744e-06,COMPLETE
59,211.86136128743493,2026-01-03 18:30:17.743123,2026-01-03 18:30:24.175978,0 days 00:00:06.432855,gelu,0.38014882936939276,6,0.0009378002705531884,1,False,standard,4.931119086730842e-06,COMPLETE
60,172.71603393554688,2026-01-03 18:30:24.183493,2026-01-03 18:30:31.012802,0 days 00:00:06.829309,gelu,0.36268550211552847,18,0.03311200268806799,1,True,standard,2.51941991602386e-06,COMPLETE
61,171.53878784179688,2026-01-03 18:30:31.022314,2026-01-03 18:30:37.848352,0 days 00:00:06.826038,gelu,0.420981821722041,24,0.06496953211669007,1,True,standard,8.932245354801189e-06,COMPLETE
62,170.20681762695312,2026-01-03 18:30:37.856869,2026-01-03 18:30:44.730747,0 days 00:00:06.873878,gelu,0.43375969728890534,30,0.09999752840146836,1,True,standard,1.2310034156914307e-05,COMPLETE
63,170.03384399414062,2026-01-03 18:30:44.740268,2026-01-03 18:30:51.653679,0 days 00:00:06.913411,gelu,0.45210231163322034,29,0.09659998257226926,1,True,standard,1.236667853275822e-05,COMPLETE
64,183.11459350585938,2026-01-03 18:30:51.663198,2026-01-03 18:30:58.517637,0 days 00:00:06.854439,gelu,0.4529654943254526,28,0.09590695927408459,1,True,none,1.2122858764883503e-05,COMPLETE
65,171.10348510742188,2026-01-03 18:30:58.525156,2026-01-03 18:31:05.373007,0 days 00:00:06.847851,gelu,0.48297456329733623,24,0.0801911484966007,1,True,standard,3.3378683197198336e-05,COMPLETE
66,169.22756958007812,2026-01-03 18:31:05.381521,2026-01-03 18:31:12.336062,0 days 00:00:06.954541,gelu,0.40881888531922883,30,0.09903264761219198,1,True,standard,2.174825462845502e-05,COMPLETE
67,187.3727569580078,2026-01-03 18:31:12.345580,2026-01-03 18:31:18.882112,0 days 00:00:06.536532,mish,0.33376121368136175,27,0.004321117673466315,1,True,standard,3.1524058370063826e-05,COMPLETE
68,193.40206909179688,2026-01-03 18:31:18.891626,2026-01-03 18:31:25.527762,0 days 00:00:06.636136,gelu,0.4069317965534169,4,0.0977272747070207,1,True,robust,2.0439741001320747e-05,COMPLETE
69,168.79283142089844,2026-01-03 18:31:25.536277,2026-01-03 18:31:31.858701,0 days 00:00:06.322424,relu,0.2849985004926099,22,0.046102309245532005,1,True,standard,1.2975368738086577e-05,COMPLETE
70,198.67018832736545,2026-01-03 18:31:31.867218,2026-01-03 18:31:37.824138,0 days 00:00:05.956920,relu,0.24186002133578371,14,0.0009510424435920351,1,False,standard,8.131997579756295e-06,COMPLETE
71,165.07948303222656,2026-01-03 18:31:37.832656,2026-01-03 18:31:44.071511,0 days 00:00:06.238855,relu,0.2846440380140163,21,0.04596305556059208,1,True,standard,1.3273069967650653e-05,COMPLETE
72,198.47994995117188,2026-01-03 18:31:44.080559,2026-01-03 18:31:50.409876,0 days 00:00:06.329317,relu,0.303694620703411,21,0.0002584813204194662,1,True,standard,1.2811632593126055e-05,COMPLETE
73,162.10244750976562,2026-01-03 18:31:51.022845,2026-01-03 18:31:57.304671,0 days 00:00:06.281826,relu,0.2925632847287628,22,0.07656654924547533,1,True,standard,1.9909484293125288e-05,COMPLETE
74,168.19479370117188,2026-01-03 18:31:57.314190,2026-01-03 18:32:03.743664,0 days 00:00:06.429474,relu,0.2887823400289222,19,0.08059198353278496,1,True,standard,1.9719453322379206e-05,COMPLETE
75,182.65866088867188,2026-01-03 18:32:03.754190,2026-01-03 18:32:10.105986,0 days 00:00:06.351796,relu,0.2854768024412249,18,0.08005340912579845,1,True,none,1.983758342043735e-05,COMPLETE
76,164.07847595214844,2026-01-03 18:32:10.114507,2026-01-03 18:32:16.464100,0 days 00:00:06.349593,relu,0.24264289154184904,19,0.04465994826612108,1,True,standard,2.977846445251704e-05,COMPLETE
77,169.5947265625,2026-01-03 18:32:16.473618,2026-01-03 18:32:22.718667,0 days 00:00:06.245049,relu,0.2876771405636512,16,0.0449425613977449,1,True,standard,2.978407293768311e-05,COMPLETE
78,167.41183471679688,2026-01-03 18:32:22.728189,2026-01-03 18:32:29.003340,0 days 00:00:06.275151,relu,0.24869790771403538,16,0.044679310846289684,1,True,standard,2.7908749106019767e-05,COMPLETE
79,173.43545532226562,2026-01-03 18:32:29.012852,2026-01-03 18:32:35.607567,0 days 00:00:06.594715,relu,0.2462100179682193,16,0.019835693080530077,1,True,standard,2.958377989384142e-05,COMPLETE
80,166.0837860107422,2026-01-03 18:32:35.618085,2026-01-03 18:32:42.336978,0 days 00:00:06.718893,relu,0.22518522234900434,19,0.04500892508745207,1,True,standard,2.3372301140364868e-05,COMPLETE
81,167.4188690185547,2026-01-03 18:32:42.346499,2026-01-03 18:32:48.833827,0 days 00:00:06.487328,relu,0.2209911151819192,19,0.04669680224273282,1,True,standard,2.65520015712484e-05,COMPLETE
82,168.3658447265625,2026-01-03 18:32:48.844344,2026-01-03 18:32:55.333136,0 days 00:00:06.488792,relu,0.21482799704690508,19,0.032053006333155026,1,True,standard,5.054224500744911e-05,COMPLETE
83,165.88031005859375,2026-01-03 18:32:55.342646,2026-01-03 18:33:01.859679,0 days 00:00:06.517033,relu,0.21351682288239168,19,0.030812315737353727,1,True,standard,3.6944361494764865e-05,COMPLETE
84,167.2389373779297,2026-01-03 18:33:01.869202,2026-01-03 18:33:08.360903,0 days 00:00:06.491701,relu,0.20969438297374848,19,0.02998036630867212,1,True,standard,5.485917126932405e-05,COMPLETE
85,165.4473876953125,2026-01-03 18:33:08.369424,2026-01-03 18:33:14.781579,0 days 00:00:06.412155,relu,0.2086014036983913,19,0.02819376529296751,1,True,standard,3.511421135314566e-05,COMPLETE
86,176.6475372314453,2026-01-03 18:33:14.791093,2026-01-03 18:33:21.280421,0 days 00:00:06.489328,relu,0.1956746833561213,17,0.016396245387767783,1,True,none,5.360315212556879e-05,COMPLETE
87,171.79747009277344,2026-01-03 18:33:21.289939,2026-01-03 18:33:27.746921,0 days 00:00:06.456982,relu,0.21779155336537465,14,0.027307984048945768,1,True,standard,7.571423276799628e-05,COMPLETE
88,207.1369583468967,2026-01-03 18:33:27.755929,2026-01-03 18:33:33.810999,0 days 00:00:06.055070,relu,0.1623468419910417,20,0.0009649252498168121,1,False,robust,3.933733554489516e-05,COMPLETE
89,177.6920623779297,2026-01-03 18:33:33.819514,2026-01-03 18:33:40.374620,0 days 00:00:06.555106,relu,0.2566610894127725,17,0.009629060462975608,1,True,standard,3.4774608262679404e-05,COMPLETE
90,196.1582489013672,2026-01-03 18:33:40.382135,2026-01-03 18:33:46.804190,0 days 00:00:06.422055,relu,0.2265201254340673,15,0.013682472674235563,1,True,minmax,2.622885234671755e-05,COMPLETE
91,164.94943237304688,2026-01-03 18:33:46.812710,2026-01-03 18:33:53.241142,0 days 00:00:06.428432,relu,0.19539844394019676,19,0.03809163698148429,1,True,standard,4.455961900797698e-05,COMPLETE
92,166.7301788330078,2026-01-03 18:33:53.250658,2026-01-03 18:33:59.711845,0 days 00:00:06.461187,relu,0.19382220336222328,17,0.036787905244557544,1,True,standard,7.415455149497806e-05,COMPLETE
93,171.1527862548828,2026-01-03 18:33:59.720363,2026-01-03 18:34:06.221084,0 days 00:00:06.500721,relu,0.19756359809000626,15,0.02172142824308399,1,True,standard,4.167460923340697e-05,COMPLETE
94,166.2892303466797,2026-01-03 18:34:06.229611,2026-01-03 18:34:12.670735,0 days 00:00:06.441124,relu,0.16281136730301332,13,0.033208921956326264,1,True,standard,7.526805820574769e-05,COMPLETE
95,172.18582153320312,2026-01-03 18:34:12.679253,2026-01-03 18:34:19.117762,0 days 00:00:06.438509,relu,0.16760885729930236,13,0.03481357652631825,1,True,standard,7.685815345998521e-05,COMPLETE
96,170.57833862304688,2026-01-03 18:34:19.127267,2026-01-03 18:34:25.622358,0 days 00:00:06.495091,relu,0.1870029813155833,11,0.029104767755131253,1,True,standard,9.83111999025286e-05,COMPLETE
97,168.99615478515625,2026-01-03 18:34:25.649420,2026-01-03 18:34:32.119249,0 days 00:00:06.469829,relu,0.15307107988127105,18,0.025338275609283097,1,True,standard,5.007134643283031e-05,COMPLETE
98,161.26034545898438,2026-01-03 18:34:32.127272,2026-01-03 18:34:39.701271,0 days 00:00:07.573999,relu,0.12593637681071962,21,0.03847212024933485,2,True,standard,6.924280781563029e-05,COMPLETE
99,166.69161987304688,2026-01-03 18:34:39.709794,2026-01-03 18:34:47.472905,0 days 00:00:07.763111,relu,0.18556101232374314,21,0.04117299251588981,2,True,standard,0.00011669107084765272,COMPLETE
100,166.63076782226562,2026-01-03 18:50:52.919383,2026-01-03 18:51:01.480677,0 days 00:00:08.561294,relu,0.11982534731496146,21,0.03825489187475642,2,True,standard,0.0001759279359713934,COMPLETE
101,157.4201202392578,2026-01-03 18:51:01.489676,2026-01-03 18:51:08.437714,0 days 00:00:06.948038,relu,0.10709670697381746,21,0.04040205722236046,2,True,standard,0.0001733414631505203,COMPLETE
102,162.16600036621094,2026-01-03 18:51:08.445717,2026-01-03 18:51:15.370729,0 days 00:00:06.925012,relu,0.11274237386059743,20,0.037464223494954416,2,True,standard,0.00019767982113760548,COMPLETE
103,165.87442016601562,2026-01-03 18:51:15.378729,2026-01-03 18:51:22.236269,0 days 00:00:06.857540,relu,0.11416522115556121,20,0.02294623573331912,2,True,standard,0.0005593414449797623,COMPLETE
104,165.57321166992188,2026-01-03 18:51:22.244273,2026-01-03 18:51:29.291449,0 days 00:00:07.047176,relu,0.12044680317830986,23,0.02315183968665462,2,True,standard,0.00032015332282029675,COMPLETE
105,165.71470642089844,2026-01-03 18:51:29.299448,2026-01-03 18:51:36.198958,0 days 00:00:06.899510,relu,0.11138701910765983,23,0.02238581058298707,2,True,standard,0.0003514051527342712,COMPLETE
106,175.086669921875,2026-01-03 18:51:36.205957,2026-01-03 18:51:43.235982,0 days 00:00:07.030025,silu,0.11361592764684081,23,0.02071045020823739,2,True,standard,0.00031977369905964207,COMPLETE
107,201.66346218532985,2026-01-03 18:51:43.245991,2026-01-03 18:51:50.021539,0 days 00:00:06.775548,relu,0.13201849936313215,24,0.0009734345863767275,2,False,minmax,0.0007848165773291989,COMPLETE
108,171.50387573242188,2026-01-03 18:51:50.030538,2026-01-03 18:51:56.945521,0 days 00:00:06.914983,relu,0.11182179717220311,20,0.01628506405621232,2,True,standard,0.00028178715898093294,COMPLETE
109,167.7953643798828,2026-01-03 18:51:56.953527,2026-01-03 18:52:04.189650,0 days 00:00:07.236123,relu,0.142611128560139,22,0.023741627087569626,2,True,standard,0.0005620169751699962,COMPLETE
110,175.62380981445312,2026-01-03 18:52:04.196649,2026-01-03 18:52:11.172147,0 days 00:00:06.975498,relu,0.13019297856456324,25,0.017831853099360803,2,True,robust,0.0002186709705904162,COMPLETE
111,164.7598876953125,2026-01-03 18:52:11.180146,2026-01-03 18:52:18.006657,0 days 00:00:06.826511,relu,0.10217105383426373,20,0.026101453222101292,2,True,standard,0.0003292579877178418,COMPLETE
112,173.76193237304688,2026-01-03 18:52:18.060659,2026-01-03 18:52:26.073494,0 days 00:00:08.012835,relu,0.10099650283034725,20,0.011742342289401058,2,True,standard,0.00035387075437809856,COMPLETE
113,164.20419311523438,2026-01-03 18:52:26.082506,2026-01-03 18:52:33.869260,0 days 00:00:07.786754,relu,0.12248266362730933,23,0.025480216144801855,2,True,standard,0.0004981819609643161,COMPLETE
114,169.35623168945312,2026-01-03 18:52:33.878770,2026-01-03 18:52:41.516067,0 days 00:00:07.637297,relu,0.12778769179011254,23,0.02557898872182021,2,True,standard,0.0002588549304454908,COMPLETE
115,162.62220764160156,2026-01-03 18:52:41.526581,2026-01-03 18:52:49.072256,0 days 00:00:07.545675,relu,0.1484694125672808,18,0.036756398636685415,2,True,standard,0.0004892154591210392,COMPLETE
116,159.63037109375,2026-01-03 18:52:49.080276,2026-01-03 18:52:56.701934,0 days 00:00:07.621658,relu,0.14863068083531697,21,0.051965699481566874,2,True,standard,0.0005943802403437747,COMPLETE
117,175.3761749267578,2026-01-03 18:52:56.710451,2026-01-03 18:53:04.247931,0 days 00:00:07.537480,relu,0.14630086393153105,18,0.05283089712494731,2,True,none,0.0004838345993943842,COMPLETE
118,160.56727600097656,2026-01-03 18:53:04.256447,2026-01-03 18:53:11.907090,0 days 00:00:07.650643,relu,0.13709225302548808,21,0.06328156182528008,2,True,standard,0.0005946163743819491,COMPLETE
119,169.29498291015625,2026-01-03 18:53:11.915108,2026-01-03 18:53:19.583467,0 days 00:00:07.668359,silu,0.15251523699758135,21,0.06678027247594832,2,True,standard,0.0007674418312544827,COMPLETE
120,155.2450714111328,2026-01-03 18:53:19.591480,2026-01-03 18:53:27.276745,0 days 00:00:07.685265,relu,0.10099240605727058,21,0.05603448189466483,2,True,standard,0.0006648951347001248,COMPLETE
121,152.9052734375,2026-01-03 18:53:27.285260,2026-01-03 18:53:34.982200,0 days 00:00:07.696940,relu,0.10273691497393798,21,0.061145112398007996,2,True,standard,0.0006277413998620861,COMPLETE
122,150.92642211914062,2026-01-03 18:53:34.990721,2026-01-03 18:53:42.664821,0 days 00:00:07.674100,relu,0.1008971089544145,22,0.06023880237492607,2,True,standard,0.0009955274424436643,COMPLETE
123,151.91844177246094,2026-01-03 18:53:42.673330,2026-01-03 18:53:50.301144,0 days 00:00:07.627814,relu,0.10004800548390153,22,0.06201258979506439,2,True,standard,0.0006987967854960865,COMPLETE
124,166.35897827148438,2026-01-03 18:53:50.310664,2026-01-03 18:53:58.416844,0 days 00:00:08.106180,mish,0.13626574780339115,25,0.056315790978332926,2,True,standard,0.0006876963289534761,COMPLETE
125,154.57730102539062,2026-01-03 18:53:58.426362,2026-01-03 18:54:06.086893,0 days 00:00:07.660531,relu,0.12317337554851315,22,0.060532164139037566,2,True,standard,0.0009294455379945664,COMPLETE
126,145.7736053466797,2026-01-03 18:54:06.096406,2026-01-03 18:54:13.786208,0 days 00:00:07.689802,relu,0.10673956838154441,24,0.06655703017947512,2,True,standard,0.0009013627664792134,COMPLETE
127,198.60952012803818,2026-01-03 18:54:13.794718,2026-01-03 18:54:21.247881,0 days 00:00:07.453163,relu,0.10631808480165153,22,0.000976504351981805,2,False,standard,0.0009271686250047975,COMPLETE
128,149.74847412109375,2026-01-03 18:54:21.257394,2026-01-03 18:54:29.059106,0 days 00:00:07.801712,relu,0.12369103871261738,26,0.07080460131978862,2,True,standard,0.0006416734329155501,COMPLETE
129,151.28993225097656,2026-01-03 18:54:29.067627,2026-01-03 18:54:36.880753,0 days 00:00:07.813126,relu,0.12144344546520514,26,0.06889633020919124,2,True,standard,0.0006257955001588569,COMPLETE
130,157.79513549804688,2026-01-03 18:54:36.891275,2026-01-03 18:54:44.640764,0 days 00:00:07.749489,relu,0.13729552567703118,26,0.07181983880902475,2,True,standard,0.0006497467772277397,COMPLETE
131,152.7413330078125,2026-01-03 18:54:44.648278,2026-01-03 18:54:52.388138,0 days 00:00:07.739860,relu,0.13605116556190072,27,0.0707510616466381,2,True,standard,0.000995679272847394,COMPLETE
132,146.59414672851562,2026-01-03 18:54:52.397655,2026-01-03 18:55:00.156128,0 days 00:00:07.758473,relu,0.12394322384113064,27,0.0660739896549998,2,True,standard,0.0006688721927645573,COMPLETE
133,148.8292999267578,2026-01-03 18:55:00.164644,2026-01-03 18:55:07.888128,0 days 00:00:07.723484,relu,0.13764015073558197,26,0.06824455679102387,2,True,standard,0.0006640938064639185,COMPLETE
134,146.25869750976562,2026-01-03 18:55:07.896645,2026-01-03 18:55:15.568718,0 days 00:00:07.672073,relu,0.10741573110975454,26,0.08437396920388339,2,True,standard,0.000989697658451375,COMPLETE
135,146.8099365234375,2026-01-03 18:55:15.578233,2026-01-03 18:55:23.369981,0 days 00:00:07.791748,relu,0.10658739383879615,26,0.08241247180822521,2,True,standard,0.0009924695147388773,COMPLETE
136,171.71640014648438,2026-01-03 18:55:23.378497,2026-01-03 18:55:31.747891,0 days 00:00:08.369394,relu,0.10680308321649334,26,0.08321896182663337,2,True,minmax,0.000953396713627298,COMPLETE
137,147.23605346679688,2026-01-03 18:55:31.757891,2026-01-03 18:55:39.709554,0 days 00:00:07.951663,relu,0.11964426325750319,27,0.08673177616465638,2,True,standard,0.0008045547714010532,COMPLETE
138,145.338623046875,2026-01-03 18:55:39.722555,2026-01-03 18:55:47.842847,0 days 00:00:08.120292,relu,0.12129128305789355,28,0.08641577932365795,2,True,standard,0.0008435762997708679,COMPLETE
139,151.8673095703125,2026-01-03 18:55:47.852362,2026-01-03 18:55:56.379968,0 days 00:00:08.527606,relu,0.12130050233314273,28,0.08664995748471882,2,True,robust,0.0007886041459207129,COMPLETE
140,171.46481323242188,2026-01-03 18:55:56.389968,2026-01-03 18:56:05.150837,0 days 00:00:08.760869,mish,0.11732806700952042,27,0.08696141812402261,2,True,robust,0.000826101364218504,COMPLETE
141,157.76205444335938,2026-01-03 18:56:05.160838,2026-01-03 18:56:13.250973,0 days 00:00:08.090135,relu,0.12380477410908461,28,0.0704204808939471,2,True,robust,0.0008214808542667216,COMPLETE
142,157.12631225585938,2026-01-03 18:56:13.258973,2026-01-03 18:56:20.430161,0 days 00:00:07.171188,relu,0.12943069695736786,25,0.0849850389422587,2,True,robust,0.0009697155318453531,COMPLETE
143,157.9274139404297,2026-01-03 18:56:20.438161,2026-01-03 18:56:28.321379,0 days 00:00:07.883218,relu,0.11945598559834056,28,0.06387723766899453,2,True,robust,0.0007139358334368439,COMPLETE
144,156.67727661132812,2026-01-03 18:56:28.329888,2026-01-03 18:56:36.660945,0 days 00:00:08.331057,relu,0.10858559135676757,27,0.0727475770174811,2,True,robust,0.0009904130297724942,COMPLETE
145,148.01441955566406,2026-01-03 18:56:36.670947,2026-01-03 18:56:44.467945,0 days 00:00:07.796998,relu,0.12584378686595957,27,0.08630414370888236,2,True,standard,0.0008674093425432337,COMPLETE
146,175.64659118652344,2026-01-03 18:56:44.475945,2026-01-03 18:56:51.948211,0 days 00:00:07.472266,relu,0.13642341852931644,26,0.08836092057264357,2,True,none,0.0004243615715724956,COMPLETE
147,170.53558349609375,2026-01-03 18:56:51.958212,2026-01-03 18:57:00.176375,0 days 00:00:08.218163,silu,0.10090963488379859,24,0.07740781812345811,2,True,standard,0.0007968648294056639,COMPLETE
148,142.1723175048828,2026-01-03 18:57:00.185380,2026-01-03 18:57:07.895331,0 days 00:00:07.709951,relu,0.1154028057961759,27,0.08781418340319769,2,True,standard,0.0007023755224242631,COMPLETE
149,153.3711395263672,2026-01-03 18:57:07.903329,2026-01-03 18:57:16.919609,0 days 00:00:09.016280,relu,0.15631222362442793,29,0.08954118481487267,2,True,standard,0.0007402174493936471,COMPLETE
150,151.89454650878906,2026-01-03 18:57:16.929119,2026-01-03 18:57:25.355788,0 days 00:00:08.426669,relu,0.14209120649114082,25,0.07201538138121272,2,True,standard,0.0008494507255829532,COMPLETE
151,146.14126586914062,2026-01-03 18:57:25.364307,2026-01-03 18:57:33.261582,0 days 00:00:07.897275,relu,0.1162923278710554,25,0.09869243546767256,2,True,standard,0.0008851167335492913,COMPLETE
152,150.9986114501953,2026-01-03 18:57:33.271096,2026-01-03 18:57:41.041711,0 days 00:00:07.770615,relu,0.11554264806530909,25,0.09845544353510885,2,True,standard,0.0008395378340095201,COMPLETE
153,144.8382110595703,2026-01-03 18:57:41.052221,2026-01-03 18:57:48.851465,0 days 00:00:07.799244,relu,0.11586274727905278,25,0.0978413848072619,2,True,standard,0.000848138919628757,COMPLETE
154,147.14964294433594,2026-01-03 18:57:48.859977,2026-01-03 18:57:56.556588,0 days 00:00:07.696611,relu,0.11551599413059307,26,0.09754287303099923,2,True,standard,0.0008410759340862225,COMPLETE
155,198.30449211968318,2026-01-03 18:57:56.564103,2026-01-03 18:58:03.996207,0 days 00:00:07.432104,relu,0.11623109376820577,26,0.0009845302822763598,2,False,standard,0.000510793826101327,COMPLETE
156,144.02517700195312,2026-01-03 18:58:04.003729,2026-01-03 18:58:11.706574,0 days 00:00:07.702845,relu,0.12726545554299643,30,0.09548479253776644,2,True,standard,0.0008771110884417016,COMPLETE
157,145.5245819091797,2026-01-03 18:58:11.715091,2026-01-03 18:58:19.522162,0 days 00:00:07.807071,relu,0.12804884261500427,30,0.09616365221838548,2,True,standard,0.0008718604487413912,COMPLETE
158,145.49462890625,2026-01-03 18:58:19.530681,2026-01-03 18:58:27.378614,0 days 00:00:07.847933,relu,0.13022947448090635,30,0.09983833793537493,2,True,standard,0.0007209304451998587,COMPLETE
159,145.81814575195312,2026-01-03 18:58:27.388128,2026-01-03 18:58:35.083430,0 days 00:00:07.695302,relu,0.12538913296383436,30,0.08803555443049402,2,True,standard,0.0005581245527153586,COMPLETE
160,143.05198669433594,2026-01-03 18:58:35.092950,2026-01-03 18:58:42.895552,0 days 00:00:07.802602,relu,0.12993864849052061,31,0.09959132006133194,2,True,standard,0.0005405743565135951,COMPLETE
161,143.47862243652344,2026-01-03 18:58:42.905068,2026-01-03 18:58:50.795852,0 days 00:00:07.890784,relu,0.1309665072384537,31,0.09063372565695968,2,True,standard,0.0005538823400906138,COMPLETE
162,145.81361389160156,2026-01-03 18:58:50.804365,2026-01-03 18:58:58.470079,0 days 00:00:07.665714,relu,0.1300989230184556,29,0.09833738405043342,2,True,standard,0.0005425722879873027,COMPLETE
163,142.7281036376953,2026-01-03 18:58:58.478582,2026-01-03 18:59:06.359966,0 days 00:00:07.881384,relu,0.13086804200528745,31,0.0991513467205218,2,True,standard,0.0004103061906545863,COMPLETE
164,145.84353637695312,2026-01-03 18:59:06.367983,2026-01-03 18:59:14.203189,0 days 00:00:07.835206,relu,0.132131561426285,31,0.09759036573750564,2,True,standard,0.0005333151476017143,COMPLETE
165,144.19076538085938,2026-01-03 18:59:14.211706,2026-01-03 18:59:21.939728,0 days 00:00:07.728022,relu,0.12963890068835038,31,0.09577824043047352,2,True,standard,0.0004042371646248145,COMPLETE
166,144.8828887939453,2026-01-03 18:59:21.949242,2026-01-03 18:59:29.863290,0 days 00:00:07.914048,relu,0.1439550285330408,31,0.09959544119577754,2,True,standard,0.0004156911028986212,COMPLETE
167,145.4506072998047,2026-01-03 18:59:29.872803,2026-01-03 18:59:37.597836,0 days 00:00:07.725033,relu,0.1447798537934855,31,0.09544299477707652,2,True,standard,0.0004139208655076611,COMPLETE
168,145.49838256835938,2026-01-03 18:59:37.606352,2026-01-03 18:59:45.284400,0 days 00:00:07.678048,relu,0.1584333623615929,31,0.09362758444058615,2,True,standard,0.0003975868448396258,COMPLETE
169,147.14447021484375,2026-01-03 18:59:45.307934,2026-01-03 18:59:53.211488,0 days 00:00:07.903554,relu,0.1602292847811712,31,0.09472968451603903,2,True,standard,0.00039215527281440484,COMPLETE
170,153.48992919921875,2026-01-03 18:59:53.221005,2026-01-03 19:00:01.042859,0 days 00:00:07.821854,relu,0.16978960437084067,31,0.0784833156617283,2,True,standard,0.0004383381321736519,COMPLETE
171,145.91336059570312,2026-01-03 19:00:01.051373,2026-01-03 19:00:08.695809,0 days 00:00:07.644436,relu,0.13297995016242817,30,0.09858802820893062,2,True,standard,0.0004011558626253018,COMPLETE
172,144.9567108154297,2026-01-03 19:00:08.704330,2026-01-03 19:00:16.471605,0 days 00:00:07.767275,relu,0.14564021051343612,30,0.09751865732464414,2,True,standard,0.00039056301875974215,COMPLETE
173,143.3835906982422,2026-01-03 19:00:16.480615,2026-01-03 19:00:24.311233,0 days 00:00:07.830618,relu,0.14473142651680884,31,0.0999899250720207,2,True,standard,0.000543956655664098,COMPLETE
174,146.396728515625,2026-01-03 19:00:24.320742,2026-01-03 19:00:32.043982,0 days 00:00:07.723240,relu,0.14541032356255318,30,0.0774721367158335,2,True,standard,0.00045315528973107676,COMPLETE
175,162.19503784179688,2026-01-03 19:00:32.053504,2026-01-03 19:00:40.184072,0 days 00:00:08.130568,mish,0.1548937631276214,29,0.08352759215660076,2,True,standard,0.00037263203062918687,COMPLETE
176,143.2546844482422,2026-01-03 19:00:40.192590,2026-01-03 19:00:47.933424,0 days 00:00:07.740834,relu,0.1446718797196991,32,0.09852559327446864,2,True,standard,0.0005427855607436486,COMPLETE
177,163.89590454101562,2026-01-03 19:00:47.942938,2026-01-03 19:00:55.700809,0 days 00:00:07.757871,silu,0.14774219699464758,32,0.09924266748170889,2,True,standard,0.0002831246186089411,COMPLETE
178,150.00010681152344,2026-01-03 19:00:55.709321,2026-01-03 19:01:03.550957,0 days 00:00:07.841636,relu,0.17472052592492388,31,0.07934914079179715,2,True,standard,0.00046899604066247757,COMPLETE
179,171.28892517089844,2026-01-03 19:01:03.558969,2026-01-03 19:01:11.260788,0 days 00:00:07.701819,relu,0.14506305160903465,29,0.09863587712624255,2,True,minmax,0.0005437011985145821,COMPLETE
180,198.19768256293403,2026-01-03 19:01:11.271871,2026-01-03 19:01:18.666037,0 days 00:00:07.394166,relu,0.1421617172940082,32,0.0009884248164133292,2,False,standard,0.00042739917093831463,COMPLETE
181,143.7832794189453,2026-01-03 19:01:18.675556,2026-01-03 19:01:26.872281,0 days 00:00:08.196725,relu,0.13071055330087739,30,0.08471187336727279,2,True,standard,0.0005653610958605871,COMPLETE
182,143.99070739746094,2026-01-03 19:01:27.881880,2026-01-03 19:01:36.072255,0 days 00:00:08.190375,relu,0.1319458488895306,29,0.0774357878078698,2,True,standard,0.0005073995945083482,COMPLETE
183,147.30392456054688,2026-01-03 19:01:36.263516,2026-01-03 19:01:43.939892,0 days 00:00:07.676376,relu,0.15673272421803616,30,0.07673361000819438,2,True,standard,0.0004948462334186854,COMPLETE
184,146.6825408935547,2026-01-03 19:01:43.948401,2026-01-03 19:01:51.793912,0 days 00:00:07.845511,relu,0.14137152300306524,31,0.07905660748018903,2,True,standard,0.00038282646006367537,COMPLETE
185,146.4203643798828,2026-01-03 19:01:51.803428,2026-01-03 19:02:00.031702,0 days 00:00:08.228274,relu,0.16649283529730427,32,0.08566965321225095,2,True,standard,0.0003126843753153422,COMPLETE
186,149.80001831054688,2026-01-03 19:02:00.040222,2026-01-03 19:02:08.357826,0 days 00:00:08.317604,relu,0.15144431821400794,29,0.07580442017139656,2,True,standard,0.0005996002698813672,COMPLETE
187,145.37115478515625,2026-01-03 19:02:08.369357,2026-01-03 19:02:19.240018,0 days 00:00:10.870661,relu,0.1310188983675076,30,0.08732758276417077,2,True,standard,0.000447635703141208,COMPLETE
188,173.04409790039062,2026-01-03 19:02:19.250087,2026-01-03 19:02:30.065699,0 days 00:00:10.815612,relu,0.1333460028330695,30,0.08776850752924685,2,True,none,0.00042385919579014376,COMPLETE
189,146.31393432617188,2026-01-03 19:02:30.075217,2026-01-03 19:02:41.204539,0 days 00:00:11.129322,relu,0.1411611031712538,28,0.08791703592412191,2,True,standard,0.0003663280233204853,COMPLETE
190,247.6091766357422,2026-01-03 19:02:41.216568,2026-01-03 19:02:51.992262,0 days 00:00:10.775694,relu,0.13101923354141431,31,0.00014486531600148986,2,True,standard,0.0002722134091645213,COMPLETE
191,148.4331512451172,2026-01-03 19:02:52.002289,2026-01-03 19:03:02.476893,0 days 00:00:10.474604,relu,0.13767024703446634,32,0.07525710938430441,2,True,standard,0.000710287997423321,COMPLETE
192,146.12806701660156,2026-01-03 19:03:02.487419,2026-01-03 19:03:12.660948,0 days 00:00:10.173529,relu,0.14982080838176426,29,0.09934347049659467,2,True,standard,0.00047936291058657597,COMPLETE
193,156.5175018310547,2026-01-03 19:03:12.670466,2026-01-03 19:03:22.829568,0 days 00:00:10.159102,relu,0.13015957559824878,28,0.06838650965378935,2,True,standard,0.0005860408517523331,COMPLETE
194,147.1455841064453,2026-01-03 19:03:22.839085,2026-01-03 19:03:33.333554,0 days 00:00:10.494469,relu,0.16033282606125454,30,0.08708716515471392,2,True,standard,0.000536904818508402,COMPLETE
195,144.3865966796875,2026-01-03 19:03:33.344549,2026-01-03 19:03:43.499563,0 days 00:00:10.155014,relu,0.14223798272681715,31,0.07700330181390094,2,True,standard,1.311445979951157e-06,COMPLETE
196,151.456787109375,2026-01-03 19:03:43.510564,2026-01-03 19:03:53.128679,0 days 00:00:09.618115,relu,0.14419856389337987,31,0.077295745089165,2,True,standard,1.0646801459460871e-06,COMPLETE
197,143.48611450195312,2026-01-03 19:03:53.137679,2026-01-03 19:04:02.771876,0 days 00:00:09.634197,relu,0.13593165688642234,30,0.09947830261570778,2,True,standard,0.00043596980547527754,COMPLETE
198,143.3278350830078,2026-01-03 19:04:02.782876,2026-01-03 19:04:12.276990,0 days 00:00:09.494114,relu,0.15050995889129137,32,0.08680896000735902,2,True,standard,0.000336614060507221,COMPLETE
199,146.86737060546875,2026-01-03 19:04:12.287496,2026-01-03 19:04:21.816149,0 days 00:00:09.528653,relu,0.1377346862845839,32,0.05666573431631778,2,True,standard,0.0003220636673645949,COMPLETE
200,186.88926696777344,2026-01-03 19:04:21.824149,2026-01-03 19:04:31.360759,0 days 00:00:09.536610,relu,0.14368092390925263,28,0.003206760240128903,2,True,standard,0.00045045274587902933,COMPLETE
201,146.9030303955078,2026-01-03 19:04:31.370760,2026-01-03 19:04:41.260555,0 days 00:00:09.889795,relu,0.1526868911838969,30,0.09969616895241616,2,True,standard,0.0003902409214448528,COMPLETE
202,142.09878540039062,2026-01-03 19:04:41.271555,2026-01-03 19:04:52.459495,0 days 00:00:11.187940,relu,0.13498955929553177,32,0.08464178104363558,2,True,standard,0.00047841879574854625,COMPLETE
203,144.03515625,2026-01-03 19:04:52.471529,2026-01-03 19:05:05.009128,0 days 00:00:12.537599,relu,0.1339033957067839,32,0.07858877709772027,2,True,standard,0.0005248579868190685,COMPLETE
204,143.0786590576172,2026-01-03 19:05:05.020131,2026-01-03 19:05:17.404506,0 days 00:00:12.384375,relu,0.13600430542826872,32,0.07806246914174433,2,True,standard,0.0004871171124696047,COMPLETE
205,146.77081298828125,2026-01-03 19:05:17.415507,2026-01-03 19:05:34.547682,0 days 00:00:17.132175,relu,0.1359697317421378,32,0.07657778872668139,2,True,standard,0.000584439817239462,COMPLETE
206,146.30068969726562,2026-01-03 19:05:34.567724,2026-01-03 19:05:50.639980,0 days 00:00:16.072256,relu,0.1276559115355441,29,0.06484292836063506,2,True,standard,0.0004784426122961785,COMPLETE
207,142.22970581054688,2026-01-03 19:05:50.652496,2026-01-03 19:06:06.843457,0 days 00:00:16.190961,relu,0.13721693704520674,32,0.08153041654408301,2,True,standard,0.00034374663691002377,COMPLETE
208,177.49136352539062,2026-01-03 19:06:06.859495,2026-01-03 19:06:20.111756,0 days 00:00:13.252261,relu,0.15040899706825972,8,0.0730064793570249,2,True,standard,0.00033748887739633326,COMPLETE
209,164.65328979492188,2026-01-03 19:06:20.123275,2026-01-03 19:06:34.330183,0 days 00:00:14.206908,mish,0.1362592672862847,32,0.06112689872859323,2,True,standard,0.0005062768950363416,COMPLETE
210,144.07069396972656,2026-01-03 19:06:34.341704,2026-01-03 19:06:47.858571,0 days 00:00:13.516867,relu,0.12043385041254015,28,0.08108856361006764,2,True,standard,0.0005883754028121093,COMPLETE
211,144.54238891601562,2026-01-03 19:06:47.872095,2026-01-03 19:07:01.081726,0 days 00:00:13.209631,relu,0.1215675092465147,29,0.08131490457877717,2,True,standard,0.00023608926110209552,COMPLETE
212,144.53707885742188,2026-01-03 19:07:01.099766,2026-01-03 19:07:21.421422,0 days 00:00:20.321656,relu,0.11374138909666887,32,0.0802552974786919,2,True,standard,0.00024456443884770016,COMPLETE
213,141.49185180664062,2026-01-03 19:07:21.443605,2026-01-03 19:07:43.648608,0 days 00:00:22.205003,relu,0.1164878797330396,32,0.07677264821350384,2,True,standard,0.00022159462958793133,COMPLETE
214,175.5767822265625,2026-01-03 19:07:43.665268,2026-01-03 19:08:05.657496,0 days 00:00:21.992228,relu,0.1132889826151825,32,0.006694730394352842,2,True,standard,0.0002982200628093357,COMPLETE
215,146.1707000732422,2026-01-03 19:08:05.672626,2026-01-03 19:08:26.866483,0 days 00:00:21.193857,relu,0.11922248267923108,29,0.06931030738501645,2,True,standard,0.00021193488769177693,COMPLETE
216,145.07167053222656,2026-01-03 19:08:26.878007,2026-01-03 19:08:40.080157,0 days 00:00:13.202150,relu,0.11287103589422122,32,0.0782826642259191,2,True,standard,0.0006078027450194309,COMPLETE
217,196.17431640625,2026-01-03 19:08:40.092676,2026-01-03 19:08:51.491219,0 days 00:00:11.398543,silu,0.12436217197798943,29,0.051239713597499535,2,True,minmax,0.00024245068767278881,COMPLETE
218,148.0441131591797,2026-01-03 19:08:51.506758,2026-01-03 19:09:02.722322,0 days 00:00:11.215564,relu,0.12524207436372584,31,0.060896357347418086,2,True,standard,0.00026281382267949704,COMPLETE
219,198.17303771972655,2026-01-03 19:09:02.736356,2026-01-03 19:09:13.274131,0 days 00:00:10.537775,relu,0.11353547350317385,28,0.0009911955388684952,2,False,standard,0.00024088184489842935,COMPLETE
220,143.7921905517578,2026-01-03 19:09:13.286659,2026-01-03 19:09:24.339868,0 days 00:00:11.053209,relu,0.13484344814503896,32,0.0795585842264238,2,True,standard,0.00016741344143428216,COMPLETE
221,145.41590881347656,2026-01-03 19:09:24.348892,2026-01-03 19:09:34.326914,0 days 00:00:09.978022,relu,0.13472068539987345,32,0.08073856256881624,2,True,standard,0.00022856315366261986,COMPLETE
222,145.38351440429688,2026-01-03 19:09:34.339430,2026-01-03 19:09:45.621445,0 days 00:00:11.282015,relu,0.12594880750409201,30,0.07037486659126727,2,True,standard,0.00018538865454706052,COMPLETE
223,144.888671875,2026-01-03 19:09:45.637484,2026-01-03 19:09:56.621972,0 days 00:00:10.984488,relu,0.1186733555487336,31,0.0767337559500944,2,True,standard,0.00016788613119888258,COMPLETE
224,147.14627075195312,2026-01-03 19:09:56.632486,2026-01-03 19:10:07.369394,0 days 00:00:10.736908,relu,0.13471391877862912,29,0.0835237561249783,2,True,standard,0.00034204278421891694,COMPLETE
225,146.14854431152344,2026-01-03 19:10:07.386428,2026-01-03 19:10:18.198040,0 days 00:00:10.811612,relu,0.12714893727649107,32,0.0675375549480488,2,True,standard,0.00014231242120043875,COMPLETE
226,197.7656707763672,2026-01-03 19:10:18.208628,2026-01-03 19:10:28.674191,0 days 00:00:10.465563,relu,0.13819183676277874,5,0.08436747650219545,2,True,standard,0.0005466597146865581,COMPLETE
227,149.718505859375,2026-01-03 19:10:28.685715,2026-01-03 19:10:39.593170,0 days 00:00:10.907455,relu,0.11223213930299256,31,0.08293378009633726,2,True,standard,0.0006500261555647281,COMPLETE
228,172.6006622314453,2026-01-03 19:10:39.603684,2026-01-03 19:10:50.513412,0 days 00:00:10.909728,relu,0.12934775834815784,29,0.058034215006713886,2,True,none,0.0005086398489073499,COMPLETE
229,146.37448120117188,2026-01-03 19:10:50.525440,2026-01-03 19:11:01.583836,0 days 00:00:11.058396,relu,0.12025501477817627,28,0.07152807649078424,2,True,standard,0.0002156037367651634,COMPLETE
230,143.6405792236328,2026-01-03 19:11:01.595488,2026-01-03 19:11:12.625584,0 days 00:00:11.030096,relu,0.13941602143660106,30,0.08556777327359184,2,True,standard,0.00028955971767523526,COMPLETE
231,150.2566680908203,2026-01-03 19:11:12.638106,2026-01-03 19:11:23.648872,0 days 00:00:11.010766,relu,0.13958041281621,30,0.08497141431922815,2,True,standard,0.000471866559987269,COMPLETE
232,141.34530639648438,2026-01-03 19:11:23.657391,2026-01-03 19:11:34.714598,0 days 00:00:11.057207,relu,0.1318004336056373,32,0.08593092964163045,2,True,standard,0.00028213862417456926,COMPLETE
233,143.79481506347656,2026-01-03 19:11:34.726628,2026-01-03 19:11:45.930683,0 days 00:00:11.204055,relu,0.13161586596237657,32,0.07594108466374876,2,True,standard,0.00029509758533813037,COMPLETE
234,148.07806396484375,2026-01-03 19:11:45.944226,2026-01-03 19:11:56.981199,0 days 00:00:11.036973,relu,0.13879954211522116,32,0.06774957921785676,2,True,standard,0.0002739590450875692,COMPLETE
235,147.13934326171875,2026-01-03 19:11:56.991715,2026-01-03 19:12:07.614443,0 days 00:00:10.622728,relu,0.15254597250941884,32,0.07253207427103196,2,True,standard,0.00030312134104978905,COMPLETE
236,146.14111328125,2026-01-03 19:12:07.625962,2026-01-03 19:12:19.112587,0 days 00:00:11.486625,relu,0.13376285082963252,31,0.08685684672216165,2,True,standard,0.0003627110196134243,COMPLETE
237,147.13681030273438,2026-01-03 19:12:19.128116,2026-01-03 19:12:30.661500,0 days 00:00:11.533384,relu,0.14658850644904498,30,0.06260668943465401,2,True,standard,0.00028935160463071125,COMPLETE
238,168.79319763183594,2026-01-03 19:12:30.673544,2026-01-03 19:12:40.383533,0 days 00:00:09.709989,relu,0.1316038002431264,10,0.07632556096937378,2,True,standard,0.00036465907629586614,COMPLETE
239,148.62673950195312,2026-01-03 19:12:40.393047,2026-01-03 19:12:51.486965,0 days 00:00:11.093918,relu,0.1393588486827897,32,0.08634780727645917,2,True,standard,0.0003166177971796399,COMPLETE
240,147.04638671875,2026-01-03 19:12:51.500488,2026-01-03 19:13:01.910619,0 days 00:00:10.410131,relu,0.12727352953881996,31,0.08629205640152064,2,True,standard,0.0005429874362775599,COMPLETE
241,148.01828002929688,2026-01-03 19:13:01.921134,2026-01-03 19:13:14.395526,0 days 00:00:12.474392,relu,0.12385603682020759,30,0.07735430769702621,2,True,standard,0.00024626247128283195,COMPLETE
242,142.0029296875,2026-01-03 19:13:14.408042,2026-01-03 19:13:25.388605,0 days 00:00:10.980563,relu,0.13099863819316807,29,0.08656223857479624,2,True,standard,0.00020961784955983207,COMPLETE
243,143.9878692626953,2026-01-03 19:13:25.399624,2026-01-03 19:13:36.225189,0 days 00:00:10.825565,relu,0.1319413688221462,31,0.08737732597320999,2,True,standard,0.0002036151077688423,COMPLETE
244,145.8058319091797,2026-01-03 19:13:36.233699,2026-01-03 19:13:47.285942,0 days 00:00:11.052243,relu,0.1426853972159366,30,0.09987546269636896,2,True,standard,0.00019930933445455408,COMPLETE
245,143.1925811767578,2026-01-03 19:13:47.295459,2026-01-03 19:13:58.685405,0 days 00:00:11.389946,relu,0.13488450689999062,31,0.08727997311538002,2,True,standard,0.00018922083216710972,COMPLETE
246,142.448974609375,2026-01-03 19:13:58.696928,2026-01-03 19:14:08.252568,0 days 00:00:09.555640,relu,0.13077518934338006,28,0.08905554632520223,2,True,standard,0.00017170004380698994,COMPLETE
247,144.53372192382812,2026-01-03 19:14:08.268095,2026-01-03 19:14:17.837588,0 days 00:00:09.569493,relu,0.13116253260583827,28,0.08787240609230602,2,True,standard,0.0001375398170171803,COMPLETE
248,148.27777099609375,2026-01-03 19:14:17.849107,2026-01-03 19:14:27.372268,0 days 00:00:09.523161,relu,0.15059689702991744,29,0.06892751331217065,2,True,standard,0.00015882915790610736,COMPLETE
249,137.5039520263672,2026-01-03 19:14:27.381787,2026-01-03 19:14:37.585429,0 days 00:00:10.203642,relu,0.13508185106519627,30,0.08717315365854672,2,True,standard,0.0001855726801633577,COMPLETE
250,146.27972412109375,2026-01-03 19:14:37.598947,2026-01-03 19:14:47.280435,0 days 00:00:09.681488,relu,0.13692478039903547,30,0.0856339126369676,2,True,standard,0.00017030190179634776,COMPLETE
251,167.6964111328125,2026-01-03 19:14:47.291459,2026-01-03 19:14:58.107569,0 days 00:00:10.816110,mish,0.13588695353967006,32,0.0647648004762713,2,True,standard,0.00015875435693640203,COMPLETE
252,145.793212890625,2026-01-03 19:14:58.119086,2026-01-03 19:15:10.359807,0 days 00:00:12.240721,relu,0.14734413497664756,30,0.08937576892109157,2,True,standard,0.00020354665191917528,COMPLETE
253,144.05435180664062,2026-01-03 19:15:10.376840,2026-01-03 19:15:26.654090,0 days 00:00:16.277250,relu,0.13080596167360758,31,0.0985098092932544,2,True,standard,0.00019407092782015327,COMPLETE
254,198.2538475884332,2026-01-03 19:15:26.665605,2026-01-03 19:15:39.028794,0 days 00:00:12.363189,silu,0.15462099750954436,29,0.000994243291036134,2,False,standard,0.00011525605988668302,COMPLETE
255,176.34475708007812,2026-01-03 19:15:39.047343,2026-01-03 19:15:53.203228,0 days 00:00:14.155885,relu,0.1385348075359668,32,0.07165074850690004,2,True,minmax,0.0002720184806796409,COMPLETE
256,149.42857360839844,2026-01-03 19:15:53.217349,2026-01-03 19:16:06.975147,0 days 00:00:13.757798,relu,0.12714606006945875,30,0.0550169791074487,2,True,standard,0.00018417132464207378,COMPLETE
257,145.63323974609375,2026-01-03 19:16:06.988260,2026-01-03 19:16:19.247183,0 days 00:00:12.258923,relu,0.14808553415522516,28,0.08784634414978917,2,True,standard,0.00021249827404352698,COMPLETE
258,164.5135955810547,2026-01-03 19:16:19.262819,2026-01-03 19:16:32.658813,0 days 00:00:13.395994,relu,0.31527055728825853,30,0.07325151701291166,2,True,standard,0.00018455290013291538,COMPLETE
259,143.5269012451172,2026-01-03 19:16:32.671846,2026-01-03 19:16:46.487561,0 days 00:00:13.815715,relu,0.1423571264472836,32,0.08963003343874701,2,True,standard,0.0001511430453741411,COMPLETE
260,144.9095916748047,2026-01-03 19:16:46.499077,2026-01-03 19:16:59.264217,0 days 00:00:12.765140,relu,0.1425712321972054,27,0.08938629046001126,2,True,standard,0.00012953808066820715,COMPLETE
261,173.5914764404297,2026-01-03 19:16:59.273733,2026-01-03 19:17:11.283079,0 days 00:00:12.009346,relu,0.12497535988875264,31,0.09984211350728484,2,True,none,0.000149633586059174,COMPLETE
262,149.42605590820312,2026-01-03 19:17:11.295601,2026-01-03 19:17:25.056839,0 days 00:00:13.761238,relu,0.14144255199880626,29,0.06358781239144495,2,True,standard,0.0002274350822608509,COMPLETE
263,143.65609741210938,2026-01-03 19:17:25.069361,2026-01-03 19:17:39.776246,0 days 00:00:14.706885,relu,0.15835914061151818,31,0.09989910719475568,2,True,standard,0.00016213158051911882,COMPLETE
264,144.54049682617188,2026-01-03 19:17:39.791277,2026-01-03 19:17:55.907085,0 days 00:00:16.115808,relu,0.15341125903622027,32,0.09956131316106277,2,True,standard,0.00014413566252611848,COMPLETE
265,146.05514526367188,2026-01-03 19:17:55.925135,2026-01-03 19:18:12.564603,0 days 00:00:16.639468,relu,0.16535712479334108,31,0.07691152052936263,2,True,standard,0.00016951841367261178,COMPLETE
266,197.82821655273438,2026-01-03 19:18:12.574122,2026-01-03 19:18:25.657300,0 days 00:00:13.083178,relu,0.1545857283894262,30,0.0005607889499810979,2,True,standard,0.0001998406846174972,COMPLETE
267,145.18836975097656,2026-01-03 19:18:25.670324,2026-01-03 19:18:36.321250,0 days 00:00:10.650926,relu,0.15708944012956383,32,0.08649574552360899,2,True,standard,0.00012140192697541621,COMPLETE
268,147.13388061523438,2026-01-03 19:18:36.331764,2026-01-03 19:18:46.950566,0 days 00:00:10.618802,relu,0.14637159974689792,28,0.07148216754787796,2,True,standard,0.00015917641213897713,COMPLETE
269,141.56936645507812,2026-01-03 19:18:46.963597,2026-01-03 19:18:58.756364,0 days 00:00:11.792767,relu,0.13460868771758874,31,0.08682813548101374,2,True,standard,0.0001900231193224969,COMPLETE
270,146.3957061767578,2026-01-03 19:18:58.767882,2026-01-03 19:19:09.246292,0 days 00:00:10.478410,relu,0.16381345385137847,31,0.08845382892412915,2,True,standard,0.00019512921404974442,COMPLETE
271,144.10426330566406,2026-01-03 19:19:09.258812,2026-01-03 19:19:19.991513,0 days 00:00:10.732701,relu,0.1397061183728965,32,0.09942410506609622,2,True,standard,0.00024014225465770824,COMPLETE
272,198.48917256673178,2026-01-03 19:19:20.004045,2026-01-03 19:19:30.853198,0 days 00:00:10.849153,relu,0.13414958254363554,30,0.0009939472044083208,2,False,standard,0.0002667786594300202,COMPLETE
273,145.98497009277344,2026-01-03 19:19:30.866721,2026-01-03 19:19:41.548112,0 days 00:00:10.681391,relu,0.14738930232643185,31,0.08733577474229687,2,True,standard,0.00017543955748157024,COMPLETE
274,164.96420288085938,2026-01-03 19:19:41.558630,2026-01-03 19:19:54.182542,0 days 00:00:12.623912,mish,0.12117392635416029,29,0.06440557413781763,2,True,standard,0.00020935253732078273,COMPLETE
275,143.09854125976562,2026-01-03 19:19:54.194061,2026-01-03 19:20:05.956552,0 days 00:00:11.762491,relu,0.14129028596565407,32,0.0757120417385569,2,True,standard,0.0003058705061674382,COMPLETE
276,148.38075256347656,2026-01-03 19:20:05.969582,2026-01-03 19:20:18.258010,0 days 00:00:12.288428,relu,0.1768355715617044,32,0.0714079043544321,2,True,standard,0.00032690738460641397,COMPLETE
277,170.7011260986328,2026-01-03 19:20:18.270037,2026-01-03 19:20:28.572543,0 days 00:00:10.302506,silu,0.14318923908586773,27,0.05800692622324454,2,True,standard,0.00029386969890394425,COMPLETE
278,150.67617797851562,2026-01-03 19:20:28.583062,2026-01-03 19:20:38.982673,0 days 00:00:10.399611,relu,0.1571417825041632,32,0.07699369367778192,2,True,standard,0.0003388004904662522,COMPLETE
279,171.25796508789062,2026-01-03 19:20:38.992193,2026-01-03 19:20:49.100575,0 days 00:00:10.108382,relu,0.13952148707513412,30,0.08665826503586242,2,True,minmax,0.0004321197655556441,COMPLETE
280,146.3094024658203,2026-01-03 19:20:49.112098,2026-01-03 19:20:59.914743,0 days 00:00:10.802645,relu,0.14650264019986167,29,0.06688230498803238,2,True,standard,0.00026031791904267116,COMPLETE
281,142.81777954101562,2026-01-03 19:20:59.927261,2026-01-03 19:21:12.132209,0 days 00:00:12.204948,relu,0.12412247795295402,32,0.09954855409750903,2,True,standard,0.00015267314862811685,COMPLETE
282,144.3831787109375,2026-01-03 19:21:12.144238,2026-01-03 19:21:22.859353,0 days 00:00:10.715115,relu,0.11838524688504842,28,0.09769100347899695,2,True,standard,9.991962745979972e-05,COMPLETE
283,142.11083984375,2026-01-03 19:21:22.871880,2026-01-03 19:21:33.494254,0 days 00:00:10.622374,relu,0.12481764306483215,30,0.09982026028876524,2,True,standard,0.00014008101750494136,COMPLETE
284,142.15634155273438,2026-01-03 19:21:33.506775,2026-01-03 19:21:44.829619,0 days 00:00:11.322844,relu,0.11144050258066523,30,0.0897468576164416,2,True,standard,0.00013242776572360018,COMPLETE
285,146.2040252685547,2026-01-03 19:21:44.840137,2026-01-03 19:21:54.914673,0 days 00:00:10.074536,relu,0.10799490051217943,29,0.098256144003321,2,True,standard,0.00012875581931565182,COMPLETE
286,179.01095581054688,2026-01-03 19:21:54.924194,2026-01-03 19:22:04.733515,0 days 00:00:09.809321,relu,0.11096906606643785,30,0.09929859877290163,2,True,none,0.0001444956127332366,COMPLETE
287,143.7491912841797,2026-01-03 19:22:04.747035,2026-01-03 19:22:14.365873,0 days 00:00:09.618838,relu,0.1192305448936754,28,0.09983023295778838,2,True,standard,0.00012168645957191561,COMPLETE
288,142.40028381347656,2026-01-03 19:22:14.375389,2026-01-03 19:22:24.380434,0 days 00:00:10.005045,relu,0.12296069760124537,31,0.08631002492613349,2,True,standard,0.0001072384962907275,COMPLETE
289,141.57484436035156,2026-01-03 19:22:24.388941,2026-01-03 19:22:34.163835,0 days 00:00:09.774894,relu,0.11114568804033842,29,0.0855774075940093,2,True,standard,0.00010338822183887926,COMPLETE
290,145.67825317382812,2026-01-03 19:22:34.175858,2026-01-03 19:22:44.003318,0 days 00:00:09.827460,relu,0.10607952243808338,27,0.08070687151216037,2,True,standard,8.744712113334589e-05,COMPLETE
291,145.20901489257812,2026-01-03 19:22:44.014838,2026-01-03 19:22:53.743391,0 days 00:00:09.728553,relu,0.11281967287448608,29,0.07142675917880396,2,True,standard,0.0001358784361748715,COMPLETE
292,198.21831556532115,2026-01-03 19:22:53.753905,2026-01-03 19:23:03.475461,0 days 00:00:09.721556,relu,0.1184114781734529,31,0.0009941004438962047,2,False,standard,0.00011628884507885956,COMPLETE
293,139.87313842773438,2026-01-03 19:23:03.488489,2026-01-03 19:23:15.058474,0 days 00:00:11.569985,relu,0.10940295409292024,32,0.08650829285710776,2,True,standard,0.00010359318187423375,COMPLETE
294,188.65420532226562,2026-01-03 19:23:15.072005,2026-01-03 19:23:27.044025,0 days 00:00:11.972020,relu,0.10890448269089369,28,0.0040873893976283385,2,True,robust,9.2215794633113e-05,COMPLETE
295,192.49996948242188,2026-01-03 19:23:28.757992,2026-01-03 19:23:40.588114,0 days 00:00:11.830122,relu,0.10005981876557027,30,0.001984405464694273,2,True,standard,0.00010914709511231926,COMPLETE
296,139.94178771972656,2026-01-03 19:23:40.599638,2026-01-03 19:23:52.211808,0 days 00:00:11.612170,relu,0.11387061012395755,31,0.0780842961578277,2,True,standard,0.00010250330944062094,COMPLETE
297,146.8056182861328,2026-01-03 19:23:52.224325,2026-01-03 19:24:03.854864,0 days 00:00:11.630539,relu,0.11412739230374186,32,0.05603943884730833,2,True,standard,9.754516308098637e-05,COMPLETE
298,147.90390014648438,2026-01-03 19:24:03.867894,2026-01-03 19:24:16.246346,0 days 00:00:12.378452,relu,0.10769558105806444,31,0.06401631146264185,2,True,standard,0.0001090991936818132,COMPLETE
299,162.3482208251953,2026-01-03 19:24:16.256866,2026-01-03 19:24:27.493238,0 days 00:00:11.236372,mish,0.1192392828566346,29,0.07672817599182431,2,True,standard,0.0001137212714751554,COMPLETE
300,144.59628295898438,2026-01-03 19:24:27.502757,2026-01-03 19:24:38.259324,0 days 00:00:10.756567,relu,0.1102989597597204,31,0.07082159840860522,2,True,standard,9.009760897522353e-05,COMPLETE
301,141.47865295410156,2026-01-03 19:24:38.269845,2026-01-03 19:24:48.802289,0 days 00:00:10.532444,relu,0.12280640709780566,32,0.08094354913878743,2,True,standard,8.207794801971118e-05,COMPLETE
302,147.50845336914062,2026-01-03 19:24:48.813807,2026-01-03 19:24:59.310842,0 days 00:00:10.497035,relu,0.12405586179252606,32,0.051893526716195716,2,True,standard,7.267075454559928e-05,COMPLETE
303,164.8636016845703,2026-01-03 19:24:59.324362,2026-01-03 19:25:09.973136,0 days 00:00:10.648774,silu,0.11647738073636307,29,0.06284343442357111,2,True,standard,8.527611030611967e-05,COMPLETE
304,199.7390594482422,2026-01-03 19:25:09.983652,2026-01-03 19:25:19.920414,0 days 00:00:09.936762,relu,0.12318486986409853,6,0.08049476510720166,2,True,minmax,0.00010361291268088785,COMPLETE
305,143.7377166748047,2026-01-03 19:25:19.929924,2026-01-03 19:25:30.368240,0 days 00:00:10.438316,relu,0.10685451679624129,27,0.08311467510693328,2,True,standard,6.207103685463342e-05,COMPLETE
306,146.5961456298828,2026-01-03 19:25:30.379756,2026-01-03 19:25:40.917790,0 days 00:00:10.538034,relu,0.11418182149176383,30,0.0711997362505517,2,True,standard,0.00012868092296505117,COMPLETE
307,163.3825225830078,2026-01-03 19:25:40.928320,2026-01-03 19:25:50.967455,0 days 00:00:10.039135,relu,0.12445232522322697,12,0.08557955316665192,2,True,standard,7.9314377203443e-05,COMPLETE
308,145.44589233398438,2026-01-03 19:25:50.978485,2026-01-03 19:26:01.280675,0 days 00:00:10.302190,relu,0.12200526333184115,32,0.07414674231258368,2,True,standard,0.00014478683125862006,COMPLETE
309,143.25448608398438,2026-01-03 19:26:01.288698,2026-01-03 19:26:11.811948,0 days 00:00:10.523250,relu,0.10035997343392837,31,0.06324386419611043,2,True,standard,0.00010524432725517947,COMPLETE
310,144.11585998535156,2026-01-03 19:26:11.821468,2026-01-03 19:26:22.405298,0 days 00:00:10.583830,relu,0.11133873995878654,32,0.0576648751394535,2,True,standard,9.68460832265113e-05,COMPLETE
311,171.84927368164062,2026-01-03 19:26:22.414820,2026-01-03 19:26:32.779276,0 days 00:00:10.364456,relu,0.10434358473431321,28,0.06472885848164192,2,True,none,0.00010364704490451352,COMPLETE
312,144.17173767089844,2026-01-03 19:26:32.789808,2026-01-03 19:26:43.276011,0 days 00:00:10.486203,relu,0.10007629924312411,29,0.07559375993659692,2,True,standard,0.00012780404865630733,COMPLETE
313,198.3174038357205,2026-01-03 19:26:43.285527,2026-01-03 19:26:53.333891,0 days 00:00:10.048364,relu,0.11489901061724762,30,0.0009943811162554362,2,False,standard,0.00014576318646215415,COMPLETE
314,144.6956024169922,2026-01-03 19:26:53.343407,2026-01-03 19:27:03.988047,0 days 00:00:10.644640,relu,0.12288276334940695,30,0.08520813351400044,2,True,standard,0.00011880302681414644,COMPLETE
315,151.10922241210938,2026-01-03 19:27:03.996554,2026-01-03 19:27:14.431213,0 days 00:00:10.434659,relu,0.10859996855251113,32,0.06841542326259245,2,True,standard,0.00018241473069413128,COMPLETE
316,151.27920532226562,2026-01-03 19:27:14.443731,2026-01-03 19:27:24.961861,0 days 00:00:10.518130,relu,0.12535228104260998,31,0.061210941555711974,2,True,robust,8.578309693391446e-05,COMPLETE
317,152.45980834960938,2026-01-03 19:27:24.972380,2026-01-03 19:27:35.351185,0 days 00:00:10.378805,relu,0.11692599873811262,27,0.04941586576900946,2,True,standard,0.00010508291551853957,COMPLETE
318,141.0475616455078,2026-01-03 19:27:35.362700,2026-01-03 19:27:45.818219,0 days 00:00:10.455519,relu,0.10545109091674396,30,0.08535546818145238,2,True,standard,0.0001325287380184397,COMPLETE
319,149.37496948242188,2026-01-03 19:27:45.825224,2026-01-03 19:27:56.844383,0 days 00:00:11.019159,relu,0.10086275815798454,29,0.07722404402898933,2,True,standard,0.00013371207709466314,COMPLETE
320,143.54315185546875,2026-01-03 19:27:56.853409,2026-01-03 19:28:06.883735,0 days 00:00:10.030326,relu,0.10015657480200275,28,0.08681153036429642,2,True,standard,0.00011240420307725941,COMPLETE
321,193.95761108398438,2026-01-03 19:28:06.893254,2026-01-03 19:28:16.557427,0 days 00:00:09.664173,relu,0.10843682499563856,31,0.001317093331033079,2,True,standard,0.0001582323923838148,COMPLETE
322,143.29202270507812,2026-01-03 19:28:16.569944,2026-01-03 19:28:26.227342,0 days 00:00:09.657398,relu,0.11111119299906543,29,0.06768503359817137,2,True,standard,0.00013022928308993028,COMPLETE
323,142.1918487548828,2026-01-03 19:28:26.239863,2026-01-03 19:28:36.362912,0 days 00:00:10.123049,relu,0.1159580585654302,30,0.08796831749681094,2,True,standard,9.184129230186455e-05,COMPLETE
324,163.31455993652344,2026-01-03 19:28:36.374433,2026-01-03 19:28:48.923991,0 days 00:00:12.549558,mish,0.1182380528343986,28,0.07706014085338925,2,True,standard,7.36292760895453e-05,COMPLETE
325,147.35189819335938,2026-01-03 19:28:48.934509,2026-01-03 19:28:59.437245,0 days 00:00:10.502736,relu,0.10789266891119328,27,0.05849513637012246,2,True,standard,8.496040761458741e-05,COMPLETE
326,173.95327758789062,2026-01-03 19:28:59.449280,2026-01-03 19:29:15.104153,0 days 00:00:15.654873,relu,0.11607249683315768,30,0.009091696437239578,2,True,standard,0.00010309991434751418,COMPLETE
327,141.2288360595703,2026-01-03 19:29:15.118193,2026-01-03 19:29:27.233890,0 days 00:00:12.115697,relu,0.1265775382057584,30,0.08509275449960559,2,True,standard,9.554434215617281e-05,COMPLETE
328,166.31980895996094,2026-01-03 19:29:27.247004,2026-01-03 19:29:38.051604,0 days 00:00:10.804600,silu,0.12681981965058253,29,0.0878670940627141,2,True,standard,8.881531175161588e-05,COMPLETE
329,146.06503295898438,2026-01-03 19:29:38.062627,2026-01-03 19:29:48.429953,0 days 00:00:10.367326,relu,0.1275411807402307,30,0.07838675434737696,2,True,standard,0.00017966725041158787,COMPLETE
330,273.90228271484375,2026-01-03 19:29:48.439535,2026-01-03 19:29:58.800499,0 days 00:00:10.360964,relu,0.12226384856923722,28,0.000316922150426254,2,True,minmax,0.00015162600462983978,COMPLETE
331,153.09857177734375,2026-01-03 19:29:58.813610,2026-01-03 19:30:08.967819,0 days 00:00:10.154209,relu,0.23559195142057548,30,0.08817546850386945,2,True,standard,0.00012182798342825947,COMPLETE
332,147.66921997070312,2026-01-03 19:30:08.979336,2026-01-03 19:30:19.386260,0 days 00:00:10.406924,relu,0.11740494768622504,27,0.07424595459966984,2,True,standard,0.00022024139791479666,COMPLETE
333,198.47326741536457,2026-01-03 19:30:19.399359,2026-01-03 19:30:31.106207,0 days 00:00:11.706848,relu,0.1280856015737755,29,0.000994156491543384,2,False,standard,0.00017851151207625755,COMPLETE
334,139.78541564941406,2026-01-03 19:30:31.122731,2026-01-03 19:30:42.588711,0 days 00:00:11.465980,relu,0.11522073960125546,31,0.08779716735846423,2,True,standard,9.899768640140142e-05,COMPLETE
335,146.24879455566406,2026-01-03 19:30:42.601226,2026-01-03 19:30:53.783105,0 days 00:00:11.181879,relu,0.11344355387158842,30,0.0701963401306806,2,True,standard,6.818406617865179e-05,COMPLETE
336,143.76768493652344,2026-01-03 19:30:53.797135,2026-01-03 19:31:05.447540,0 days 00:00:11.650405,relu,0.1185394671398521,32,0.08828131374583328,2,True,standard,9.841367064347544e-05,COMPLETE
337,172.50454711914062,2026-01-03 19:31:05.461062,2026-01-03 19:31:18.123873,0 days 00:00:12.662811,relu,0.10934389928457278,29,0.07807682560944243,2,True,none,7.951094911332565e-05,COMPLETE
338,141.12820434570312,2026-01-03 19:31:18.139413,2026-01-03 19:31:30.417741,0 days 00:00:12.278328,relu,0.12302128894916055,31,0.08832127642604155,2,True,standard,9.28948775220396e-05,COMPLETE
339,146.24215698242188,2026-01-03 19:31:30.430255,2026-01-03 19:31:43.123945,0 days 00:00:12.693690,relu,0.12233990512780805,28,0.09878699488123742,2,True,standard,9.286616542180249e-05,COMPLETE
340,168.4280242919922,2026-01-03 19:31:43.136979,2026-01-03 19:31:54.646708,0 days 00:00:11.509729,gelu,0.1142408707839136,8,0.08746935235793925,2,True,standard,8.218615127280417e-05,COMPLETE
341,144.5993194580078,2026-01-03 19:31:54.656283,2026-01-03 19:32:05.156189,0 days 00:00:10.499906,relu,0.12743290348410755,30,0.08773063391489036,2,True,standard,0.00011221042652399288,COMPLETE
342,158.81192016601562,2026-01-03 19:32:05.170711,2026-01-03 19:32:15.834224,0 days 00:00:10.663513,relu,0.26511062634693067,31,0.09990278799179934,2,True,robust,0.00012415736553189827,COMPLETE
343,143.5940399169922,2026-01-03 19:32:15.845349,2026-01-03 19:32:26.292750,0 days 00:00:10.447401,relu,0.10705732922146065,27,0.06784836002774222,2,True,standard,9.053483698966735e-05,COMPLETE
344,146.4235382080078,2026-01-03 19:32:26.306793,2026-01-03 19:32:36.464870,0 days 00:00:10.158077,relu,0.12388911799052534,29,0.08341527551481746,2,True,standard,7.067694490275641e-05,COMPLETE
345,142.04432678222656,2026-01-03 19:32:36.476395,2026-01-03 19:32:46.790265,0 days 00:00:10.313870,relu,0.11643933998556114,30,0.0997214132390498,2,True,standard,9.772223431454347e-05,COMPLETE
346,142.06983947753906,2026-01-03 19:32:46.802778,2026-01-03 19:32:56.900442,0 days 00:00:10.097664,relu,0.11364810201034209,30,0.0983740926004231,2,True,standard,0.00011936231903974052,COMPLETE
347,143.4600830078125,2026-01-03 19:32:56.914463,2026-01-03 19:33:06.963017,0 days 00:00:10.048554,relu,0.10864303212923368,28,0.08846325904622898,2,True,standard,6.026599818222319e-05,COMPLETE
348,142.49285888671875,2026-01-03 19:33:06.975038,2026-01-03 19:33:17.100687,0 days 00:00:10.125649,relu,0.11444098745503009,30,0.08849537534957755,2,True,standard,9.676392114528195e-05,COMPLETE
349,145.18626403808594,2026-01-03 19:33:17.112205,2026-01-03 19:33:28.822837,0 days 00:00:11.710632,relu,0.10750107893791895,26,0.06948926145492992,2,True,standard,9.884641191560321e-05,COMPLETE
350,142.80369567871094,2026-01-03 19:33:28.837876,2026-01-03 19:33:42.073373,0 days 00:00:13.235497,relu,0.11622979149198616,29,0.08081986506628926,2,True,standard,0.00011510737538911649,COMPLETE
351,156.49594116210938,2026-01-03 19:33:42.087921,2026-01-03 19:33:53.913999,0 days 00:00:11.826078,mish,0.11500874626443791,27,0.0880108203571015,2,True,standard,9.53139915230009e-05,COMPLETE
352,143.03517150878906,2026-01-03 19:33:53.926022,2026-01-03 19:34:04.323849,0 days 00:00:10.397827,relu,0.10508387203830104,30,0.060869993039661244,2,True,standard,7.93985839213446e-05,COMPLETE
353,144.36146545410156,2026-01-03 19:34:04.334876,2026-01-03 19:34:14.740850,0 days 00:00:10.405974,relu,0.11280304990344099,30,0.09999356772213228,2,True,standard,0.00010651830187709663,COMPLETE
354,163.8543243408203,2026-01-03 19:34:14.751371,2026-01-03 19:34:25.052640,0 days 00:00:10.301269,silu,0.1176821149661471,28,0.07796195314717917,2,True,standard,0.00013163820779302256,COMPLETE
355,198.2155038113064,2026-01-03 19:34:25.062156,2026-01-03 19:34:34.376676,0 days 00:00:09.314520,relu,0.10354881283126889,28,0.0009949279570361442,2,False,standard,8.921025672011716e-05,COMPLETE
356,169.80010986328125,2026-01-03 19:34:34.388197,2026-01-03 19:34:44.582138,0 days 00:00:10.193941,relu,0.11956112401346893,29,0.07456766230605366,2,True,minmax,0.00010264984798807189,COMPLETE
357,144.060302734375,2026-01-03 19:34:44.595169,2026-01-03 19:34:56.192910,0 days 00:00:11.597741,relu,0.11150965515463233,30,0.08812368829848621,2,True,standard,0.00011689440562676014,COMPLETE
358,148.72152709960938,2026-01-03 19:34:56.204007,2026-01-03 19:35:05.999380,0 days 00:00:09.795373,relu,0.10055797770637281,27,0.05259591413781344,2,True,standard,7.810701663428227e-05,COMPLETE
359,142.9172821044922,2026-01-03 19:35:06.011899,2026-01-03 19:35:17.253634,0 days 00:00:11.241735,relu,0.12196145470312625,31,0.0999554815004653,2,True,standard,0.0001356179113534071,COMPLETE
360,148.57484436035156,2026-01-03 19:35:17.264662,2026-01-03 19:35:29.031902,0 days 00:00:11.767240,relu,0.1284567206422721,29,0.06586786093624292,2,True,standard,8.983654706444088e-05,COMPLETE
361,183.1583251953125,2026-01-03 19:35:29.043924,2026-01-03 19:35:39.097493,0 days 00:00:10.053569,relu,0.1105681839032612,6,0.07926750774102749,2,True,standard,0.00011540043676900794,COMPLETE
362,196.93875122070312,2026-01-03 19:35:39.108506,2026-01-03 19:35:49.124629,0 days 00:00:10.016123,relu,0.11686561069906502,30,0.0005581833969003697,2,True,standard,6.491120823241783e-05,COMPLETE
363,172.37368774414062,2026-01-03 19:35:49.135141,2026-01-03 19:36:00.240363,0 days 00:00:11.105222,relu,0.12778615866220494,31,0.08831955979876117,2,True,none,0.00010063584419410285,COMPLETE
364,143.665283203125,2026-01-03 19:36:00.252390,2026-01-03 19:36:11.910448,0 days 00:00:11.658058,relu,0.10011432757097039,28,0.0706057353296438,2,True,standard,0.00013452072699342787,COMPLETE
365,276.34027099609375,2026-01-03 19:36:11.920963,2026-01-03 19:36:23.369782,0 days 00:00:11.448819,gelu,0.12008984648577296,31,0.00011174406182250586,2,True,standard,8.030122462002072e-05,COMPLETE
366,150.46658325195312,2026-01-03 19:36:23.382303,2026-01-03 19:36:32.985895,0 days 00:00:09.603592,relu,0.11012456527662816,26,0.08829712751482527,2,True,robust,0.00011127584194593752,COMPLETE
367,144.6302032470703,2026-01-03 19:36:32.999917,2026-01-03 19:36:42.866938,0 days 00:00:09.867021,relu,0.13076056687939647,30,0.07737543673296989,2,True,standard,9.433449565393557e-05,COMPLETE
368,144.6885986328125,2026-01-03 19:36:42.878453,2026-01-03 19:36:53.856788,0 days 00:00:10.978335,relu,0.120958627179508,29,0.06394195374261057,2,True,standard,0.0001473313995255137,COMPLETE
369,141.94198608398438,2026-01-03 19:36:53.867814,2026-01-03 19:37:06.088329,0 days 00:00:12.220515,relu,0.11101170682122642,32,0.08855779519055171,2,True,standard,0.00012240699660926642,COMPLETE
370,143.56651306152344,2026-01-03 19:37:06.102865,2026-01-03 19:37:19.990021,0 days 00:00:13.887156,relu,0.10954285869221692,32,0.05749729700691681,2,True,standard,0.00012297054863715583,COMPLETE
371,166.0264434814453,2026-01-03 19:37:20.001542,2026-01-03 19:37:30.297785,0 days 00:00:10.296243,relu,0.3544693249878157,31,0.06969356626191492,2,True,standard,0.00010770650290921553,COMPLETE
372,143.05360412597656,2026-01-03 19:37:30.310300,2026-01-03 19:37:40.605597,0 days 00:00:10.295297,relu,0.1072483758481368,29,0.08108985438958792,2,True,standard,0.00013458539311262207,COMPLETE
373,144.4517059326172,2026-01-03 19:37:40.618115,2026-01-03 19:37:51.328662,0 days 00:00:10.710547,relu,0.11600157551506417,32,0.08825893986195214,2,True,standard,0.00016280202695892227,COMPLETE
374,198.06472737630207,2026-01-03 19:37:51.340179,2026-01-03 19:38:00.785838,0 days 00:00:09.445659,relu,0.10610770151094147,28,0.0009940150517885578,2,False,standard,7.408919858135251e-05,COMPLETE
375,158.16307067871094,2026-01-03 19:38:00.796355,2026-01-03 19:38:11.789016,0 days 00:00:10.992661,mish,0.115371050985824,30,0.09989467220942747,2,True,standard,9.345082160292053e-05,COMPLETE
376,142.58670043945312,2026-01-03 19:38:11.801049,2026-01-03 19:38:23.343364,0 days 00:00:11.542315,relu,0.12358049976638603,32,0.07301057639519608,2,True,standard,0.0001226022282840224,COMPLETE
377,170.797119140625,2026-01-03 19:38:23.359884,2026-01-03 19:38:34.123905,0 days 00:00:10.764021,relu,0.11456069862461689,9,0.07971128039075163,2,True,standard,0.00010568316655127051,COMPLETE
378,171.10281372070312,2026-01-03 19:38:34.134420,2026-01-03 19:38:44.330946,0 days 00:00:10.196526,relu,0.3748486573652958,30,0.06478745675411365,2,True,standard,8.493578624069656e-05,COMPLETE
379,144.41957092285156,2026-01-03 19:38:44.343977,2026-01-03 19:38:54.749275,0 days 00:00:10.405298,relu,0.12748173435394913,27,0.08788428502438912,2,True,standard,0.00014527667606462958,COMPLETE
380,168.33811950683594,2026-01-03 19:38:54.761296,2026-01-03 19:39:05.050908,0 days 00:00:10.289612,silu,0.12145162604623262,31,0.07565677593840041,2,True,standard,5.4030830436508475e-05,COMPLETE
381,195.5174102783203,2026-01-03 19:39:05.063942,2026-01-03 19:39:14.648298,0 days 00:00:09.584356,relu,0.49390594711449487,29,0.08798551301544486,2,True,minmax,0.00022638378062163523,COMPLETE
382,169.7755889892578,2026-01-03 19:39:14.657819,2026-01-03 19:39:24.890333,0 days 00:00:10.232514,relu,0.10763196864257452,14,0.057517955196697605,2,True,standard,0.00016618637344627176,COMPLETE
383,149.42616271972656,2026-01-03 19:39:24.902354,2026-01-03 19:39:35.808622,0 days 00:00:10.906268,relu,0.10056148300245871,28,0.06877069985176036,2,True,standard,0.0001234875871643098,COMPLETE
384,139.89950561523438,2026-01-03 19:39:35.820137,2026-01-03 19:39:46.595080,0 days 00:00:10.774943,relu,0.13178459342954738,31,0.08845701150409455,2,True,standard,0.00010055606298530036,COMPLETE
385,152.41903686523438,2026-01-03 19:39:46.605597,2026-01-03 19:39:57.714964,0 days 00:00:11.109367,relu,0.13388026355842872,32,0.049018165326297096,2,True,standard,0.00011183953818016802,COMPLETE
386,144.68881225585938,2026-01-03 19:39:57.729068,2026-01-03 19:40:08.992130,0 days 00:00:11.263062,relu,0.1302872578760006,32,0.09933459579767184,2,True,standard,6.749279190014578e-05,COMPLETE
387,145.4207000732422,2026-01-03 19:40:09.005656,2026-01-03 19:40:20.090148,0 days 00:00:11.084492,relu,0.12464284932234457,31,0.07750839624336549,2,True,standard,0.0001401010092473817,COMPLETE
388,144.3199920654297,2026-01-03 19:40:20.100665,2026-01-03 19:40:31.080205,0 days 00:00:10.979540,relu,0.13203692797385444,29,0.07925396600668613,2,True,standard,0.00018896436217772763,COMPLETE
389,191.112060546875,2026-01-03 19:40:31.144837,2026-01-03 19:40:43.679218,0 days 00:00:12.534381,gelu,0.12066811078910031,26,0.0024995708249450016,2,True,standard,8.909883666995481e-05,COMPLETE
390,170.98675537109375,2026-01-03 19:40:43.697141,2026-01-03 19:40:54.982204,0 days 00:00:11.285063,relu,0.113278344815071,31,0.066400347080143,2,True,none,0.00010486343137878401,COMPLETE
391,176.60304260253906,2026-01-03 19:40:54.994729,2026-01-03 19:41:06.199590,0 days 00:00:11.204861,relu,0.133175866266733,30,0.013898528064423864,2,True,robust,0.00016348663947751728,COMPLETE
392,198.475375773112,2026-01-03 19:41:06.217625,2026-01-03 19:41:16.970345,0 days 00:00:10.752720,relu,0.12325105283460284,32,0.0009949127689730139,2,False,standard,0.00021620152894380354,COMPLETE
393,170.32838439941406,2026-01-03 19:41:16.988381,2026-01-03 19:41:27.895744,0 days 00:00:10.907363,relu,0.10761817001003904,11,0.08756533320409607,2,True,standard,0.000125609796139085,COMPLETE
394,144.12075805664062,2026-01-03 19:41:27.905262,2026-01-03 19:41:38.707493,0 days 00:00:10.802231,relu,0.11954413767914059,27,0.07264308905324426,2,True,standard,7.857168472778348e-05,COMPLETE
395,140.75538635253906,2026-01-03 19:41:38.717586,2026-01-03 19:41:49.838762,0 days 00:00:11.121176,relu,0.10010882753400863,30,0.0906942176736129,2,True,standard,0.00011529085491309117,COMPLETE
396,176.38182067871094,2026-01-03 19:41:49.853798,2026-01-03 19:42:01.135956,0 days 00:00:11.282158,relu,0.10160796787202987,30,0.007255812610310028,2,True,standard,0.00010190579797293722,COMPLETE
397,165.63487243652344,2026-01-03 19:42:01.150983,2026-01-03 19:42:12.569232,0 days 00:00:11.418249,relu,0.341058084748067,31,0.08862595739437124,2,True,standard,0.00011210716949437606,COMPLETE
398,141.93222045898438,2026-01-03 19:42:12.582257,2026-01-03 19:42:23.812967,0 days 00:00:11.230710,relu,0.1067290330657542,29,0.09877922080387676,2,True,standard,8.778241580927759e-05,COMPLETE
399,142.0706787109375,2026-01-03 19:42:23.826487,2026-01-03 19:42:35.156163,0 days 00:00:11.329676,relu,0.10017208999433559,29,0.07826217640967363,2,True,standard,6.9526229070648e-05,COMPLETE
400,151.28317260742188,2026-01-03 19:42:35.167679,2026-01-03 19:42:47.013737,0 days 00:00:11.846058,mish,0.10196752117351007,28,0.09966509705861158,2,True,standard,8.501906989600974e-05,COMPLETE
401,148.5990447998047,2026-01-03 19:42:47.026549,2026-01-03 19:42:58.797092,0 days 00:00:11.770543,relu,0.10153329878467336,29,0.07637832023914852,2,True,standard,6.826627253631312e-05,COMPLETE
402,162.89186096191406,2026-01-03 19:42:58.812658,2026-01-03 19:43:10.206455,0 days 00:00:11.393797,relu,0.2787913014034356,28,0.09952273640207683,2,True,standard,5.630134532339086e-05,COMPLETE
403,142.2275390625,2026-01-03 19:43:10.215969,2026-01-03 19:43:21.595076,0 days 00:00:11.379107,relu,0.10810377178509,29,0.06219256744504875,2,True,standard,7.694582315651344e-05,COMPLETE
404,159.59060668945312,2026-01-03 19:43:21.605595,2026-01-03 19:43:32.961191,0 days 00:00:11.355596,silu,0.10030123116379944,30,0.09982026580146526,2,True,standard,8.925930366838222e-05,COMPLETE
405,144.7584228515625,2026-01-03 19:43:32.978714,2026-01-03 19:43:44.198368,0 days 00:00:11.219654,relu,0.10833168224762786,27,0.07103764201897396,2,True,standard,7.253874307711079e-05,COMPLETE
406,169.6614990234375,2026-01-03 19:43:44.216399,2026-01-03 19:43:55.548776,0 days 00:00:11.332377,relu,0.11095273123517632,29,0.08024668759031026,2,True,minmax,9.303892045451207e-05,COMPLETE
407,141.4546661376953,2026-01-03 19:43:55.562809,2026-01-03 19:44:06.908552,0 days 00:00:11.345743,relu,0.10039265784431824,30,0.08899026815679675,2,True,standard,0.00012211781783275511,COMPLETE
408,144.61788940429688,2026-01-03 19:44:06.920071,2026-01-03 19:44:17.840120,0 days 00:00:10.920049,relu,0.10701802756071395,30,0.05963032769227924,2,True,standard,0.00013495835896186725,COMPLETE
409,169.28396606445312,2026-01-03 19:44:17.850139,2026-01-03 19:44:28.608483,0 days 00:00:10.758344,relu,0.10181101140820796,10,0.08042901599816672,2,True,standard,0.00012047174928925035,COMPLETE
410,162.57858276367188,2026-01-03 19:44:28.623015,2026-01-03 19:44:39.813215,0 days 00:00:11.190200,relu,0.25423570452604344,26,0.06880800228154896,2,True,standard,0.0001232226000458158,COMPLETE
411,144.27896118164062,2026-01-03 19:44:39.827734,2026-01-03 19:44:50.952083,0 days 00:00:11.124349,relu,0.11013587584876201,28,0.08907580945357886,2,True,standard,0.00015446800733930692,COMPLETE
412,141.98825073242188,2026-01-03 19:44:50.963601,2026-01-03 19:45:01.138185,0 days 00:00:10.174584,relu,0.10925729595722392,32,0.07862328129366246,2,True,standard,0.00010105220040123519,COMPLETE
413,197.22356363932292,2026-01-03 19:45:01.150208,2026-01-03 19:45:10.617152,0 days 00:00:09.466944,relu,0.10038349556800157,32,0.0009946333286226234,2,False,none,0.0001045058197217845,COMPLETE
414,149.7700958251953,2026-01-03 19:45:10.627670,2026-01-03 19:45:20.929827,0 days 00:00:10.302157,relu,0.10790955479083954,31,0.050982357119434385,2,True,standard,8.174091690184304e-05,COMPLETE
415,140.0741424560547,2026-01-03 19:45:20.939344,2026-01-03 19:45:31.344651,0 days 00:00:10.405307,relu,0.1003213059677251,32,0.06870819044817696,2,True,standard,0.00013556800724753422,COMPLETE
416,156.78810119628906,2026-01-03 19:45:31.355170,2026-01-03 19:45:43.757307,0 days 00:00:12.402137,gelu,0.10254901344235358,32,0.06080250108969281,2,True,standard,9.876116818708492e-05,COMPLETE
417,140.9185333251953,2026-01-03 19:45:43.774341,2026-01-03 19:45:54.269070,0 days 00:00:10.494729,relu,0.10679803659972173,32,0.06966430439769192,2,True,standard,0.00011508586547711872,COMPLETE
418,141.29627990722656,2026-01-03 19:45:54.281109,2026-01-03 19:46:04.772398,0 days 00:00:10.491289,relu,0.10089692366128403,32,0.057537506926049586,2,True,standard,0.00010991431073398399,COMPLETE
419,156.69496154785156,2026-01-03 19:46:04.784420,2026-01-03 19:46:15.447164,0 days 00:00:10.662744,relu,0.10032148289074862,32,0.04420818007285334,2,True,robust,4.541171767213223e-05,COMPLETE
420,143.27552795410156,2026-01-03 19:46:15.457685,2026-01-03 19:46:25.975403,0 days 00:00:10.517718,relu,0.10048708154209379,32,0.05873460395008016,2,True,standard,0.00011019914588164032,COMPLETE
421,151.36007690429688,2026-01-03 19:46:25.986926,2026-01-03 19:46:36.487303,0 days 00:00:10.500377,relu,0.1077701167499577,31,0.052430679420916886,2,True,standard,9.63045516226425e-05,COMPLETE
422,184.3705596923828,2026-01-03 19:46:36.502342,2026-01-03 19:46:46.423967,0 days 00:00:09.921625,relu,0.10897410942371927,5,0.065715814361102,2,True,standard,0.00011798442118088238,COMPLETE
423,145.08059692382812,2026-01-03 19:46:46.432483,2026-01-03 19:46:57.027622,0 days 00:00:10.595139,relu,0.10952795325690383,32,0.05717191968563671,2,True,standard,6.293915935225191e-05,COMPLETE
424,144.10214233398438,2026-01-03 19:46:57.039258,2026-01-03 19:47:07.682969,0 days 00:00:10.643711,relu,0.10158441703189444,31,0.06811525299205175,2,True,standard,7.970698145615639e-05,COMPLETE
425,145.66647338867188,2026-01-03 19:47:07.698992,2026-01-03 19:47:18.169276,0 days 00:00:10.470284,relu,0.11333065764474531,30,0.07170789314776023,2,True,standard,9.530743591568593e-05,COMPLETE
426,162.0634765625,2026-01-03 19:47:18.179799,2026-01-03 19:47:29.309762,0 days 00:00:11.129963,mish,0.1137913842888918,32,0.07271422018527345,2,True,standard,0.00011565191892339658,COMPLETE
427,147.03623962402344,2026-01-03 19:47:29.324284,2026-01-03 19:47:39.876414,0 days 00:00:10.552130,relu,0.1004030328250752,29,0.055352290913199084,2,True,standard,8.681198208210134e-05,COMPLETE
428,145.8927001953125,2026-01-03 19:47:39.886933,2026-01-03 19:47:50.416570,0 days 00:00:10.529637,relu,0.10818220699569597,30,0.06456188797032768,2,True,standard,0.0001047336764946219,COMPLETE
429,141.65457153320312,2026-01-03 19:47:50.429596,2026-01-03 19:48:00.697305,0 days 00:00:10.267709,relu,0.11364595459803566,31,0.07775994809760944,2,True,standard,0.00013262732773301622,COMPLETE
430,170.2783966064453,2026-01-03 19:48:00.708931,2026-01-03 19:48:10.915914,0 days 00:00:10.206983,silu,0.11602599217636624,7,0.07540190405712975,2,True,standard,0.00014384551349477554,COMPLETE
431,142.3360595703125,2026-01-03 19:48:10.928936,2026-01-03 19:48:21.613789,0 days 00:00:10.684853,relu,0.11440025247194363,31,0.06726256086350083,2,True,standard,0.00012864138437068852,COMPLETE
432,140.55764770507812,2026-01-03 19:48:21.627307,2026-01-03 19:48:32.034459,0 days 00:00:10.407152,relu,0.11699573200283526,32,0.07691713208213109,2,True,standard,0.00012020525486352095,COMPLETE
433,171.7305908203125,2026-01-03 19:48:32.048079,2026-01-03 19:48:42.845456,0 days 00:00:10.797377,relu,0.11749584631313367,32,0.056844495455177405,2,True,minmax,0.0001446246449507556,COMPLETE
434,198.23946112738716,2026-01-03 19:48:42.858475,2026-01-03 19:48:53.188641,0 days 00:00:10.330166,relu,0.10789221857531153,32,0.00099506508981201,2,False,standard,0.00011220261842923448,COMPLETE
435,148.05429077148438,2026-01-03 19:48:53.201680,2026-01-03 19:49:04.214974,0 days 00:00:11.013294,relu,0.11814177032014188,31,0.04786500200048689,2,True,standard,0.00012827386827738758,COMPLETE
436,145.7491912841797,2026-01-03 19:49:04.227588,2026-01-03 19:49:15.207992,0 days 00:00:10.980404,relu,0.10828198342194965,32,0.06990155022922938,2,True,standard,0.00016092402555504954,COMPLETE
437,160.8041534423828,2026-01-03 19:49:15.219585,2026-01-03 19:49:25.939746,0 days 00:00:10.720161,relu,0.3041094866627351,31,0.0778819405694823,2,True,standard,9.725815608291704e-05,COMPLETE
438,181.1432647705078,2026-01-03 19:49:25.951772,2026-01-03 19:49:36.529121,0 days 00:00:10.577349,relu,0.11904277371740042,32,0.005537690207824295,2,True,standard,0.00011148015814132973,COMPLETE
439,169.3755645751953,2026-01-03 19:49:36.538634,2026-01-03 19:49:47.329861,0 days 00:00:10.791227,relu,0.10829044727917572,30,0.06344117157821344,2,True,none,2.08936396864732e-06,COMPLETE
440,195.36734008789062,2026-01-03 19:49:47.340386,2026-01-03 19:49:57.276110,0 days 00:00:09.935724,relu,0.11916923036403516,4,0.07938379943777876,2,True,standard,0.00013725075010904929,COMPLETE
441,158.7531280517578,2026-01-03 19:49:57.288641,2026-01-03 19:50:09.687390,0 days 00:00:12.398749,gelu,0.11386071896329446,31,0.05996116065534652,2,True,standard,0.00017927008045532256,COMPLETE
442,144.78225708007812,2026-01-03 19:50:09.698266,2026-01-03 19:50:20.330879,0 days 00:00:10.632613,relu,0.10630024100935577,30,0.0725990752458384,2,True,standard,0.00010128776817891597,COMPLETE
443,152.1727752685547,2026-01-03 19:50:20.342394,2026-01-03 19:50:31.235041,0 days 00:00:10.892647,relu,0.12549989015177254,29,0.08374532883271359,2,True,robust,0.0001264705489280152,COMPLETE
444,143.25369262695312,2026-01-03 19:50:31.249072,2026-01-03 19:50:41.617208,0 days 00:00:10.368136,relu,0.11849945171593171,32,0.06834481422808647,2,True,standard,8.698162564939575e-05,COMPLETE
445,143.1479034423828,2026-01-03 19:50:41.631246,2026-01-03 19:50:52.019991,0 days 00:00:10.388745,relu,0.10743855604558741,31,0.07952721642763312,2,True,standard,2.635597899102303e-06,COMPLETE
446,148.3797149658203,2026-01-03 19:50:52.032509,2026-01-03 19:51:02.260643,0 days 00:00:10.228134,relu,0.11399704332647609,30,0.05297162174759749,2,True,standard,0.00014721103636529075,COMPLETE
447,145.22561645507812,2026-01-03 19:51:02.272663,2026-01-03 19:51:12.924991,0 days 00:00:10.652328,relu,0.12424090244331834,32,0.08772299821814362,2,True,standard,0.0001998406602256133,COMPLETE
448,144.1061248779297,2026-01-03 19:51:12.937017,2026-01-03 19:51:23.906142,0 days 00:00:10.969125,relu,0.10072416197941395,29,0.06335576200306633,2,True,standard,4.154373803344113e-06,COMPLETE
449,143.9477081298828,2026-01-03 19:51:23.919175,2026-01-03 19:51:34.717085,0 days 00:00:10.797910,relu,0.11368237637247697,31,0.07805601718351457,2,True,standard,0.00023811797859422606,COMPLETE
450,143.2512969970703,2026-01-03 19:51:34.727096,2026-01-03 19:51:45.430559,0 days 00:00:10.703463,relu,0.12391955256742651,30,0.08722796033361864,2,True,standard,0.00011483606351368743,COMPLETE
451,166.72055053710938,2026-01-03 19:51:45.443080,2026-01-03 19:51:56.767085,0 days 00:00:11.324005,mish,0.1068083424235636,32,0.07169115147055392,2,True,standard,0.00010044677145279607,COMPLETE
452,145.073974609375,2026-01-03 19:51:56.777606,2026-01-03 19:52:07.745876,0 days 00:00:10.968270,relu,0.11835553701565799,29,0.08795473337346009,2,True,standard,8.168328775973794e-05,COMPLETE
453,198.2586356608073,2026-01-03 19:52:07.757905,2026-01-03 19:52:17.974355,0 days 00:00:10.216450,relu,0.1002535585538795,28,0.0009945467536820324,2,False,standard,0.00012668160409628343,COMPLETE
454,142.9481964111328,2026-01-03 19:52:17.987377,2026-01-03 19:52:28.654133,0 days 00:00:10.666756,relu,0.1003179863231079,31,0.06620807486977373,2,True,standard,0.00010866869766503586,COMPLETE
455,162.3167266845703,2026-01-03 19:52:28.664651,2026-01-03 19:52:39.160831,0 days 00:00:10.496180,silu,0.11284106538833713,32,0.07714384316028562,2,True,standard,0.00015829330204432144,COMPLETE
456,141.59768676757812,2026-01-03 19:52:39.168344,2026-01-03 19:52:50.129326,0 days 00:00:10.960982,relu,0.1269676984005821,30,0.09933778446084464,2,True,standard,9.216290850153492e-05,COMPLETE
457,176.19778442382812,2026-01-03 19:52:50.139841,2026-01-03 19:53:01.095233,0 days 00:00:10.955392,relu,0.1288115509751065,29,0.055874226576024116,2,True,minmax,8.77218938701153e-05,COMPLETE
458,144.51222229003906,2026-01-03 19:53:01.110270,2026-01-03 19:53:11.685485,0 days 00:00:10.575215,relu,0.12630317018218606,28,0.08873115628690127,2,True,standard,7.494902259711707e-05,COMPLETE
459,145.43324279785156,2026-01-03 19:53:11.697509,2026-01-03 19:53:22.298954,0 days 00:00:10.601445,relu,0.12293204977008347,31,0.07823751495920979,2,True,standard,0.00013852563253485633,COMPLETE
460,150.9864501953125,2026-01-03 19:53:22.309466,2026-01-03 19:53:32.984616,0 days 00:00:10.675150,relu,0.18486579592288868,30,0.04575056385994507,2,True,standard,0.00019665460134140315,COMPLETE
461,166.22314453125,2026-01-03 19:53:32.994132,2026-01-03 19:53:43.159349,0 days 00:00:10.165217,relu,0.10662760852665722,15,0.06560804328012393,2,True,standard,0.00011792727486293525,COMPLETE
462,141.47787475585938,2026-01-03 19:53:43.169864,2026-01-03 19:53:53.584660,0 days 00:00:10.414796,relu,0.10009779182369588,32,0.08850043251321991,2,True,standard,9.339309695597858e-05,COMPLETE
463,144.07278442382812,2026-01-03 19:53:53.594682,2026-01-03 19:54:04.185797,0 days 00:00:10.591115,relu,0.10749839343111843,32,0.099723060340988,2,True,standard,9.001444922229499e-05,COMPLETE
464,169.39981079101562,2026-01-03 19:54:04.198682,2026-01-03 19:54:14.714134,0 days 00:00:10.515452,relu,0.10108286766724603,32,0.07434440124183944,2,True,none,9.814042327124941e-05,COMPLETE
465,140.36965942382812,2026-01-03 19:54:14.724210,2026-01-03 19:54:25.417873,0 days 00:00:10.693663,relu,0.10913384766037355,31,0.08627012633100539,2,True,standard,7.09863466748019e-05,COMPLETE
466,145.48654174804688,2026-01-03 19:54:25.431895,2026-01-03 19:54:35.940804,0 days 00:00:10.508909,relu,0.11314842650218472,30,0.08955614117532702,2,True,standard,6.652414156712852e-05,COMPLETE
467,168.33938598632812,2026-01-03 19:54:35.956329,2026-01-03 19:54:47.910957,0 days 00:00:11.954628,gelu,0.3887868306239542,31,0.0888207877458844,2,True,standard,7.492723341202783e-05,COMPLETE
468,176.0848388671875,2026-01-03 19:54:47.924476,2026-01-03 19:54:58.345719,0 days 00:00:10.421243,relu,0.46885908449587377,31,0.07022384085600526,2,True,standard,5.994473936503661e-05,COMPLETE
469,145.08229064941406,2026-01-03 19:54:58.361757,2026-01-03 19:55:09.041672,0 days 00:00:10.679915,relu,0.10093674924565381,29,0.09920730227800388,2,True,robust,8.080181464756502e-05,COMPLETE
470,150.38748168945312,2026-01-03 19:55:09.055735,2026-01-03 19:55:19.901546,0 days 00:00:10.845811,relu,0.11419176863359103,30,0.06153582761896457,2,True,standard,8.457118102879379e-05,COMPLETE
471,139.65982055664062,2026-01-03 19:55:19.912564,2026-01-03 19:55:30.702539,0 days 00:00:10.789975,relu,0.10816490952561508,32,0.08029456656618876,2,True,standard,0.00011029819313376893,COMPLETE
472,145.99363708496094,2026-01-03 19:55:30.713118,2026-01-03 19:55:41.482230,0 days 00:00:10.769112,relu,0.10768190120098378,30,0.07867138214835816,2,True,standard,9.092970264455254e-05,COMPLETE
473,144.01670837402344,2026-01-03 19:55:41.492750,2026-01-03 19:55:52.331985,0 days 00:00:10.839235,relu,0.1172399052839043,32,0.05196968488801232,2,True,standard,0.00010590673626686862,COMPLETE
474,198.3122137451172,2026-01-03 19:55:52.346008,2026-01-03 19:56:02.880113,0 days 00:00:10.534105,relu,0.1068714866094007,28,0.000994765439079608,2,False,standard,8.118304234288305e-05,COMPLETE
475,197.2392578125,2026-01-03 19:56:02.892632,2026-01-03 19:56:13.951853,0 days 00:00:11.059221,relu,0.12097769418565221,30,0.00047975697238562007,2,True,standard,7.260300316693684e-05,COMPLETE
476,194.70303344726562,2026-01-03 19:56:13.965371,2026-01-03 19:56:25.185833,0 days 00:00:11.220462,mish,0.10032914264407279,31,0.0015256131394158733,2,True,standard,0.00010815319101996176,COMPLETE
477,214.11373901367188,2026-01-03 19:56:25.201908,2026-01-03 19:56:35.698776,0 days 00:00:10.496868,relu,0.12258141767686868,28,0.0002131340005842103,2,True,standard,9.445468131371801e-05,COMPLETE
478,142.15243530273438,2026-01-03 19:56:35.707296,2026-01-03 19:56:46.174739,0 days 00:00:10.467443,relu,0.10020823511636802,31,0.07011128005229587,2,True,standard,0.00013330343008177605,COMPLETE
479,145.40670776367188,2026-01-03 19:56:46.186262,2026-01-03 19:56:57.163449,0 days 00:00:10.977187,relu,0.1133649791103945,32,0.08221269757599618,2,True,standard,0.0001131515627088117,COMPLETE
480,169.0449676513672,2026-01-03 19:56:57.176477,2026-01-03 19:57:07.929413,0 days 00:00:10.752936,silu,0.1082156541679055,29,0.06235416074413438,2,True,standard,6.697851662131572e-05,COMPLETE
481,141.40463256835938,2026-01-03 19:57:07.941932,2026-01-03 19:57:18.526858,0 days 00:00:10.584926,relu,0.10026529857383101,31,0.08003148864119852,2,True,standard,8.979366004031843e-05,COMPLETE
482,149.62954711914062,2026-01-03 19:57:18.542372,2026-01-03 19:57:28.886351,0 days 00:00:10.343979,relu,0.12941993162287244,32,0.059737231656130894,2,True,standard,0.0001204653475877806,COMPLETE
483,170.6591339111328,2026-01-03 19:57:28.898873,2026-01-03 19:57:39.063362,0 days 00:00:10.164489,relu,0.10051856108235868,31,0.07117821139432025,2,True,minmax,0.00010055008039997225,COMPLETE
484,144.61314392089844,2026-01-03 19:57:39.075391,2026-01-03 19:57:49.358888,0 days 00:00:10.283497,relu,0.11851425311770605,30,0.07761091192299782,2,True,standard,0.00014973093405575038,COMPLETE
485,160.47848510742188,2026-01-03 19:57:49.371407,2026-01-03 19:57:59.396519,0 days 00:00:10.025112,relu,0.10012927819728669,12,0.06706936108187589,2,True,standard,7.72715701371566e-05,COMPLETE
486,144.47398376464844,2026-01-03 19:57:59.408032,2026-01-03 19:58:09.908859,0 days 00:00:10.500827,relu,0.1150031767240324,32,0.08105093148803046,2,True,standard,0.0001329341286747249,COMPLETE
487,147.30020141601562,2026-01-03 19:58:09.920375,2026-01-03 19:58:20.487810,0 days 00:00:10.567435,relu,0.1340203117041679,30,0.05389306604198895,2,True,standard,0.00010941006674990122,COMPLETE
488,144.22903442382812,2026-01-03 19:58:20.498329,2026-01-03 19:58:30.424087,0 days 00:00:09.925758,relu,0.10985354121631642,31,0.0710660478941411,2,True,standard,9.177148257818683e-05,COMPLETE
489,161.10511779785156,2026-01-03 19:58:30.435610,2026-01-03 19:58:41.370880,0 days 00:00:10.935270,gelu,0.32271572570469326,32,0.08720266914580638,2,True,standard,0.00016453024059863677,COMPLETE
490,169.7634735107422,2026-01-03 19:58:41.382397,2026-01-03 19:58:50.903307,0 days 00:00:09.520910,relu,0.12293688100936793,29,0.06322698430054959,2,True,none,0.00012066014583116065,COMPLETE
491,144.3343963623047,2026-01-03 19:58:50.914326,2026-01-03 19:59:01.211739,0 days 00:00:10.297413,relu,0.10785132714392003,30,0.07683969858720498,2,True,standard,9.8539731419103e-05,COMPLETE
492,198.2059309217665,2026-01-03 19:59:01.226286,2026-01-03 19:59:11.224237,0 days 00:00:09.997951,relu,0.11725555498369586,27,0.000995037294247585,2,False,standard,0.00014120955682583666,COMPLETE
493,145.0574188232422,2026-01-03 19:59:11.237288,2026-01-03 19:59:22.128075,0 days 00:00:10.890787,relu,0.1305524055514763,31,0.08781242960650215,2,True,robust,5.670989848195756e-05,COMPLETE
494,141.22509765625,2026-01-03 19:59:22.140591,2026-01-03 19:59:32.724996,0 days 00:00:10.584405,relu,0.10017840250757859,32,0.07197962878329904,2,True,standard,8.496770234761239e-05,COMPLETE
495,144.94818115234375,2026-01-03 19:59:32.738519,2026-01-03 19:59:43.429689,0 days 00:00:10.691170,relu,0.10066026488144861,32,0.059650765600847554,2,True,standard,6.99512223036003e-05,COMPLETE
496,147.27671813964844,2026-01-03 19:59:43.442213,2026-01-03 19:59:54.255627,0 days 00:00:10.813414,relu,0.10752652080421059,30,0.050265801044440124,2,True,standard,8.116303549455738e-05,COMPLETE
497,141.10455322265625,2026-01-03 19:59:54.266665,2026-01-03 20:00:05.249035,0 days 00:00:10.982370,relu,0.10015783283023877,32,0.06885311925507469,2,True,standard,5.079133151135951e-05,COMPLETE
498,146.14010620117188,2026-01-03 20:00:05.261554,2026-01-03 20:00:16.046732,0 days 00:00:10.785178,relu,0.10650844288285173,32,0.053798898376422835,2,True,standard,3.62956114376886e-05,COMPLETE
499,148.10147094726562,2026-01-03 20:00:16.057284,2026-01-03 20:00:26.715199,0 days 00:00:10.657915,relu,0.10710683506745608,32,0.04268548593484749,2,True,standard,4.298889557874132e-05,COMPLETE
500,144.7760009765625,2026-01-03 20:00:26.727299,2026-01-03 20:00:37.366877,0 days 00:00:10.639578,relu,0.1020438344289983,32,0.06364213365757213,2,True,standard,4.894828533556381e-05,COMPLETE
501,159.0032196044922,2026-01-03 20:00:37.381396,2026-01-03 20:00:48.648403,0 days 00:00:11.267007,mish,0.10014549782677126,31,0.0662266575819159,2,True,standard,4.976354634226491e-05,COMPLETE
502,141.18328857421875,2026-01-03 20:00:48.659924,2026-01-03 20:00:59.448824,0 days 00:00:10.788900,relu,0.11096191401950914,32,0.057259250629851016,2,True,standard,7.631693923903021e-05,COMPLETE
503,145.42257690429688,2026-01-03 20:00:59.458345,2026-01-03 20:01:10.428103,0 days 00:00:10.969758,relu,0.10050717822709242,32,0.04756011170983587,2,True,standard,6.928128533969399e-05,COMPLETE
504,176.62588500976562,2026-01-03 20:01:10.438621,2026-01-03 20:01:20.763146,0 days 00:00:10.324525,relu,0.1002248541775523,8,0.05616870775982099,2,True,standard,6.132361922732645e-05,COMPLETE
505,166.96011352539062,2026-01-03 20:01:20.775186,2026-01-03 20:01:31.448387,0 days 00:00:10.673201,silu,0.11242335005787771,32,0.05450107415633999,2,True,standard,7.266216773464005e-05,COMPLETE
506,147.81698608398438,2026-01-03 20:01:31.460907,2026-01-03 20:01:42.060323,0 days 00:00:10.599416,relu,0.10838347264433318,31,0.046456129295616454,2,True,standard,6.537262720271556e-05,COMPLETE
507,173.90377807617188,2026-01-03 20:01:42.069410,2026-01-03 20:01:52.890458,0 days 00:00:10.821048,relu,0.11718877933033846,31,0.04125667230698559,2,True,minmax,5.9547459567383075e-05,COMPLETE
508,142.35940551757812,2026-01-03 20:01:52.900971,2026-01-03 20:02:03.482863,0 days 00:00:10.581892,relu,0.10029147215240328,30,0.06408231823196608,2,True,standard,5.30434680958537e-05,COMPLETE
509,142.0878143310547,2026-01-03 20:02:03.495400,2026-01-03 20:02:14.014391,0 days 00:00:10.518991,relu,0.11153286984014525,32,0.059210840501286964,2,True,standard,7.227725675071933e-05,COMPLETE
510,145.25082397460938,2026-01-03 20:02:14.027509,2026-01-03 20:02:24.616345,0 days 00:00:10.588836,relu,0.11842675320556478,30,0.06986780818754496,2,True,standard,7.685608054846288e-05,COMPLETE
511,186.09524536132812,2026-01-03 20:02:24.629379,2026-01-03 20:02:35.310395,0 days 00:00:10.681016,relu,0.10814729924269226,32,0.003475483110032507,2,True,standard,8.332869471767766e-05,COMPLETE
512,198.16405381944446,2026-01-03 20:02:35.320913,2026-01-03 20:02:45.345732,0 days 00:00:10.024819,relu,0.12249425791308896,30,0.0009949700444811696,2,False,standard,8.575128167245752e-05,COMPLETE
513,142.67892456054688,2026-01-03 20:02:45.358256,2026-01-03 20:02:55.550647,0 days 00:00:10.192391,relu,0.10028914608573981,29,0.0728840018813308,2,True,standard,6.129968440188245e-05,COMPLETE
514,175.00778198242188,2026-01-03 20:02:55.561674,2026-01-03 20:03:06.126256,0 days 00:00:10.564582,relu,0.11391115501484772,31,0.05949222268522768,2,True,none,8.44622344298436e-05,COMPLETE
515,144.23037719726562,2026-01-03 20:03:06.135775,2026-01-03 20:03:16.570196,0 days 00:00:10.434421,relu,0.10804488596047797,32,0.07140025885910499,2,True,standard,9.55732957923467e-05,COMPLETE
516,145.10470581054688,2026-01-03 20:03:16.580707,2026-01-03 20:03:27.079975,0 days 00:00:10.499268,relu,0.1192208730501679,28,0.07931858811944742,2,True,standard,0.000256043000810587,COMPLETE
517,172.8641357421875,2026-01-03 20:03:27.090491,2026-01-03 20:03:39.005573,0 days 00:00:11.915082,gelu,0.1079655852935739,30,0.06855139809518301,2,True,robust,0.00010893684014359777,COMPLETE
518,143.35928344726562,2026-01-03 20:03:39.016594,2026-01-03 20:03:49.742024,0 days 00:00:10.725430,relu,0.11556750022327208,32,0.05430867131894916,2,True,standard,7.980843377799878e-05,COMPLETE
519,145.22927856445312,2026-01-03 20:03:49.753550,2026-01-03 20:04:00.547840,0 days 00:00:10.794290,relu,0.12450200462263065,30,0.07963969447258987,2,True,standard,9.618876768206975e-05,COMPLETE
520,143.20077514648438,2026-01-03 20:04:00.560357,2026-01-03 20:04:11.308608,0 days 00:00:10.748251,relu,0.10958097835787144,31,0.06559009475207198,2,True,standard,0.00011451471767848699,COMPLETE
521,164.65682983398438,2026-01-03 20:04:11.320123,2026-01-03 20:04:21.471148,0 days 00:00:10.151025,relu,0.10853108003220763,13,0.08070085586056523,2,True,standard,7.19937875765259e-05,COMPLETE
522,141.015869140625,2026-01-03 20:04:21.485176,2026-01-03 20:04:32.085982,0 days 00:00:10.600806,relu,0.13459206583130992,29,0.08799537084410552,2,True,standard,0.00017602096457681448,COMPLETE
523,179.40478515625,2026-01-03 20:04:32.102006,2026-01-03 20:04:42.459866,0 days 00:00:10.357860,relu,0.11944727724660927,29,0.005301894684160345,2,True,standard,0.00016901097497369941,COMPLETE
524,142.6616668701172,2026-01-03 20:04:42.470384,2026-01-03 20:04:52.765462,0 days 00:00:10.295078,relu,0.12718209649847004,28,0.07230369418610968,2,True,standard,0.00011888828759500947,COMPLETE
525,139.3900909423828,2026-01-03 20:04:52.776981,2026-01-03 20:05:03.403371,0 days 00:00:10.626390,relu,0.10089181899676286,29,0.08793427924348435,2,True,standard,8.9305989524316e-05,COMPLETE
526,144.47897338867188,2026-01-03 20:05:03.413891,2026-01-03 20:05:13.654772,0 days 00:00:10.240881,relu,0.10650315811894817,28,0.08920599302171414,2,True,standard,8.56102577759653e-05,COMPLETE
527,144.7788848876953,2026-01-03 20:05:13.667288,2026-01-03 20:05:24.280104,0 days 00:00:10.612816,relu,0.10544946679744456,25,0.08744337814981444,2,True,standard,0.00010438464350478686,COMPLETE
528,159.05038452148438,2026-01-03 20:05:24.292126,2026-01-03 20:05:35.410127,0 days 00:00:11.118001,mish,0.10120382062753794,28,0.08941690022177956,2,True,standard,6.510395402139238e-05,COMPLETE
529,144.9025421142578,2026-01-03 20:05:35.424161,2026-01-03 20:05:46.028697,0 days 00:00:10.604536,relu,0.10128948379066606,27,0.07427466026829926,2,True,standard,9.324116211054231e-05,COMPLETE
530,146.68321228027344,2026-01-03 20:05:46.040803,2026-01-03 20:05:56.904403,0 days 00:00:10.863600,relu,0.10056045980867506,29,0.059748163166025256,2,True,standard,7.509940464755055e-05,COMPLETE
531,165.5240936279297,2026-01-03 20:05:56.917919,2026-01-03 20:06:07.829322,0 days 00:00:10.911403,silu,0.11291106613181816,29,0.08879591996695153,2,True,standard,0.00010496037672929702,COMPLETE
532,198.19286003960502,2026-01-03 20:06:07.839840,2026-01-03 20:06:18.364849,0 days 00:00:10.525009,relu,0.10032641673167271,30,0.0009950572990026173,2,False,standard,5.386677821192925e-05,COMPLETE
533,144.880126953125,2026-01-03 20:06:18.379365,2026-01-03 20:06:29.049996,0 days 00:00:10.670631,relu,0.11330842577182199,27,0.07675006917960199,2,True,standard,8.505320805322124e-05,COMPLETE
534,172.17002868652344,2026-01-03 20:06:29.066534,2026-01-03 20:06:39.590091,0 days 00:00:10.523557,relu,0.10817455159334532,29,0.050577501981501585,2,True,minmax,0.0001240948367271679,COMPLETE
535,172.36874389648438,2026-01-03 20:06:39.599609,2026-01-03 20:06:50.204320,0 days 00:00:10.604711,relu,0.11913850018103471,31,0.011458134491651638,2,True,standard,9.556818585613329e-05,COMPLETE
536,143.0673370361328,2026-01-03 20:06:50.217436,2026-01-03 20:07:00.564395,0 days 00:00:10.346959,relu,0.11290194758538571,30,0.0996876695598652,2,True,standard,0.00011018076874210828,COMPLETE
537,187.72756958007812,2026-01-03 20:07:00.574915,2026-01-03 20:07:11.000677,0 days 00:00:10.425762,relu,0.13676449701120208,32,0.0025266276490872835,2,True,standard,0.00014384965170085293,COMPLETE
538,144.14093017578125,2026-01-03 20:07:11.012194,2026-01-03 20:07:21.364012,0 days 00:00:10.351818,relu,0.10063729088204217,30,0.0661675212156248,2,True,standard,7.670726920929556e-05,COMPLETE
539,170.8856658935547,2026-01-03 20:07:21.374530,2026-01-03 20:07:33.277728,0 days 00:00:11.903198,gelu,0.12431861953559842,31,0.07966233474719439,2,True,none,0.00012554502506996958,COMPLETE
540,143.96408081054688,2026-01-03 20:07:33.289242,2026-01-03 20:07:43.631379,0 days 00:00:10.342137,relu,0.10015293751844069,26,0.0707767730419411,2,True,standard,9.15228251777446e-05,COMPLETE
541,142.99673461914062,2026-01-03 20:07:43.643902,2026-01-03 20:07:54.246788,0 days 00:00:10.602886,relu,0.11250457160872687,28,0.08790393820672461,2,True,standard,5.9417990458573465e-05,COMPLETE
542,143.4589385986328,2026-01-03 20:07:54.257309,2026-01-03 20:08:04.556397,0 days 00:00:10.299088,relu,0.1081093291636748,29,0.05923982575593055,2,True,standard,0.00010776075175968579,COMPLETE
543,178.66409301757812,2026-01-03 20:08:04.566914,2026-01-03 20:08:14.310565,0 days 00:00:09.743651,relu,0.12041740146941672,9,0.07880632269083039,2,True,robust,3.888199498456399e-05,COMPLETE
544,142.2912139892578,2026-01-03 20:08:14.324092,2026-01-03 20:08:24.329010,0 days 00:00:10.004918,relu,0.12702419694300285,31,0.09866106226185506,2,True,standard,7.971694426376799e-05,COMPLETE
545,143.59800720214844,2026-01-03 20:08:24.341037,2026-01-03 20:08:34.688506,0 days 00:00:10.347469,relu,0.1095191673621729,32,0.06395226811237029,2,True,standard,9.742673869221e-05,COMPLETE
546,,2026-01-03 20:08:34.704967,,,relu,0.11655761398756116,27,0.08089393317183628,2,True,standard,0.00013006255393414076,RUNNING
