number,value,datetime_start,datetime_complete,duration,params_activation,params_dropout,params_hidden_size,params_lr,params_n_layers,params_scale_target,params_scaler,params_weight_decay,state
0,174.56240844726562,2026-01-03 01:07:27.853418,2026-01-03 01:07:53.273589,0 days 00:00:25.420171,silu,0.28887463956209225,31,0.0364050387282162,1,True,none,1.5088426610095162e-05,COMPLETE
1,266.6578070746528,2026-01-03 01:07:53.283591,2026-01-03 01:08:17.037485,0 days 00:00:23.753894,relu,0.385850921208824,9,3.391250285741784e-05,1,False,none,0.0005979982138030138,COMPLETE
2,217.86914293077263,2026-01-03 01:08:17.045490,2026-01-03 01:08:42.319188,0 days 00:00:25.273698,silu,0.33921718907037657,8,0.0001731673336932338,2,False,none,8.834654254015959e-05,COMPLETE
3,216.78158569335938,2026-01-03 01:08:42.326189,2026-01-03 01:09:06.035365,0 days 00:00:23.709176,relu,0.35461692969862724,5,0.0019958758364021605,1,True,minmax,0.00038484455332862697,COMPLETE
4,207.4252166748047,2026-01-03 01:09:06.044364,2026-01-03 01:09:31.784590,0 days 00:00:25.740226,silu,0.1581377723224124,4,0.0018969379910747134,2,True,none,0.0004326162381243324,COMPLETE
5,195.51416015625,2026-01-03 01:09:31.792590,2026-01-03 01:09:56.744782,0 days 00:00:24.952192,gelu,0.1990700962203855,13,0.000440805619894658,1,True,standard,5.018158763551464e-05,COMPLETE
6,263.5629577636719,2026-01-03 01:09:56.751786,2026-01-03 01:10:22.691002,0 days 00:00:25.939216,relu,0.107562947900474,10,0.0001541577378120172,2,True,standard,1.6731386116239597e-06,COMPLETE
7,183.60458374023438,2026-01-03 01:10:22.712005,2026-01-03 01:10:50.580711,0 days 00:00:27.868706,gelu,0.31391602321434886,13,0.04161741976547407,2,True,robust,0.000620467641372572,COMPLETE
8,198.0513916015625,2026-01-03 01:10:50.588711,2026-01-03 01:11:16.884947,0 days 00:00:26.296236,mish,0.21843774577823935,10,0.01009675002200153,2,True,minmax,2.0030290133090068e-06,COMPLETE
9,337.5393459065755,2026-01-03 01:11:16.892947,2026-01-03 01:11:39.985619,0 days 00:00:23.092672,silu,0.13957033728229506,14,1.2868105485753744e-05,1,False,none,1.3220853380980187e-05,COMPLETE
10,355.62784640842017,2026-01-03 01:11:39.993619,2026-01-03 01:12:03.768316,0 days 00:00:23.774697,mish,0.46732079979209135,32,4.955437637840368e-05,1,False,robust,1.0493362130779932e-05,COMPLETE
11,162.01815795898438,2026-01-03 01:12:03.776319,2026-01-03 01:12:32.372038,0 days 00:00:28.595719,gelu,0.2685463134774318,29,0.09203852772410084,2,True,robust,1.0578077980219151e-05,COMPLETE
12,172.90834045410156,2026-01-03 01:12:32.380038,2026-01-03 01:12:57.624230,0 days 00:00:25.244192,gelu,0.25720404887140524,31,0.09692557440441187,1,True,robust,7.121107996045231e-06,COMPLETE
13,167.2569580078125,2026-01-03 01:12:57.632233,2026-01-03 01:13:25.950935,0 days 00:00:28.318702,gelu,0.24742616025407604,21,0.08861749295913475,2,True,robust,3.714573214434724e-06,COMPLETE
14,182.93609619140625,2026-01-03 01:13:25.957936,2026-01-03 01:13:54.152657,0 days 00:00:28.194721,gelu,0.23565685025422142,21,0.01066586111160052,2,True,robust,3.984292079540415e-06,COMPLETE
15,179.48416137695312,2026-01-03 01:13:54.160657,2026-01-03 01:14:22.582421,0 days 00:00:28.421764,gelu,0.43018230049295547,20,0.08807169413463661,2,True,robust,4.209970564680035e-06,COMPLETE
16,181.92257690429688,2026-01-03 01:14:22.590421,2026-01-03 01:14:50.927141,0 days 00:00:28.336720,gelu,0.2722451719235101,21,0.01384297086806499,2,True,robust,2.9486840361240964e-05,COMPLETE
17,177.77207946777344,2026-01-03 01:14:50.935140,2026-01-03 01:15:19.431879,0 days 00:00:28.496739,gelu,0.19384635607862,24,0.029904389514302278,2,True,robust,1.0910019416804575e-06,COMPLETE
18,206.08616956922742,2026-01-03 01:15:19.440882,2026-01-03 01:15:46.672083,0 days 00:00:27.231201,gelu,0.395045670618958,16,0.0005982938302624566,2,False,robust,0.00011423276553629352,COMPLETE
19,198.30604553222656,2026-01-03 01:15:46.680085,2026-01-03 01:16:13.732813,0 days 00:00:27.052728,mish,0.30811212502715274,24,0.005479406599269112,2,True,minmax,4.574382872943069e-06,COMPLETE
20,188.8004913330078,2026-01-03 01:16:13.740815,2026-01-03 01:16:41.651017,0 days 00:00:27.910202,gelu,0.2518376705451516,7,0.020812580084974032,2,True,standard,2.855808732907607e-05,COMPLETE
21,171.04090881347656,2026-01-03 01:16:41.660019,2026-01-03 01:17:06.809702,0 days 00:00:25.149683,gelu,0.26101687082642333,27,0.08735262696573459,1,True,robust,6.171563293490152e-06,COMPLETE
22,173.63064575195312,2026-01-03 01:17:06.817701,2026-01-03 01:17:31.717421,0 days 00:00:24.899720,gelu,0.17236735084567087,26,0.05674373139523627,1,True,robust,2.6944849604324834e-06,COMPLETE
23,169.60015869140625,2026-01-03 01:17:31.725420,2026-01-03 01:17:59.826110,0 days 00:00:28.100690,gelu,0.2259878018902967,17,0.06405924788035804,2,True,robust,7.121981790775302e-06,COMPLETE
24,173.7549285888672,2026-01-03 01:17:59.834110,2026-01-03 01:18:27.933856,0 days 00:00:28.099746,gelu,0.21342512635875427,18,0.05421896677559838,2,True,robust,1.8604125362312758e-05,COMPLETE
25,186.1940155029297,2026-01-03 01:18:27.940855,2026-01-03 01:18:55.760578,0 days 00:00:27.819723,gelu,0.33274690054558553,16,0.02135728745569925,2,True,robust,2.7349476114746615e-06,COMPLETE
26,201.1491231282552,2026-01-03 01:18:55.769582,2026-01-03 01:19:23.058810,0 days 00:00:27.289228,gelu,0.2881753067642687,17,0.0008057890304277326,2,False,robust,1.0533781438461423e-05,COMPLETE
27,197.43228149414062,2026-01-03 01:19:23.067811,2026-01-03 01:19:49.420504,0 days 00:00:26.352693,mish,0.2356203378934914,12,0.0055731386554264736,2,True,robust,8.419446275853122e-06,COMPLETE
28,169.82879638671875,2026-01-03 01:19:49.428500,2026-01-03 01:20:15.595214,0 days 00:00:26.166714,relu,0.17699333675171286,20,0.021720736964525568,2,True,standard,5.822277991972577e-05,COMPLETE
29,196.6764373779297,2026-01-03 01:20:15.606213,2026-01-03 01:20:42.186450,0 days 00:00:26.580237,silu,0.28580758423421276,27,0.05338394290753585,2,True,minmax,1.8057195209541857e-05,COMPLETE
30,177.21588134765625,2026-01-03 01:20:42.195448,2026-01-03 01:21:10.120655,0 days 00:00:27.925207,gelu,0.13773908488487607,15,0.03133502268283422,2,True,robust,1.1567569987586567e-06,COMPLETE
31,166.47193908691406,2026-01-03 01:21:10.129655,2026-01-03 01:21:36.314872,0 days 00:00:26.185217,relu,0.17965945428522512,19,0.06505270673082175,2,True,standard,4.638689513081717e-05,COMPLETE
32,162.73953247070312,2026-01-03 01:21:36.323871,2026-01-03 01:22:02.587570,0 days 00:00:26.263699,relu,0.2304330786299581,24,0.06891252799088628,2,True,standard,0.00017145962864927752,COMPLETE
33,152.6302032470703,2026-01-03 01:22:02.596573,2026-01-03 01:22:28.973245,0 days 00:00:26.376672,relu,0.1020905589509436,23,0.04052668011036633,2,True,standard,0.00019856251916080557,COMPLETE
34,198.21620781792535,2026-01-03 01:22:28.980244,2026-01-03 01:22:54.853393,0 days 00:00:25.873149,relu,0.11746707921766887,28,0.0008141882073411155,2,False,standard,0.00020015371263027072,COMPLETE
35,158.4785614013672,2026-01-03 01:22:54.861397,2026-01-03 01:23:21.238619,0 days 00:00:26.377222,relu,0.1408106255053322,24,0.03976487460948265,2,True,standard,0.00021965506565443103,COMPLETE
36,155.9203643798828,2026-01-03 01:23:21.245619,2026-01-03 01:23:47.652809,0 days 00:00:26.407190,relu,0.1443739872535756,24,0.03735361457937489,2,True,standard,0.00019171655018878622,COMPLETE
37,183.7758026123047,2026-01-03 01:23:47.660809,2026-01-03 01:24:13.634033,0 days 00:00:25.973224,relu,0.1373171767241274,8,0.038330245986883414,2,True,standard,0.0003053237825647197,COMPLETE
38,198.20849853515625,2026-01-03 01:24:13.641034,2026-01-03 01:24:39.594755,0 days 00:00:25.953721,relu,0.10788328011378599,29,0.0008513940980610772,2,False,standard,0.000923291372383529,COMPLETE
39,198.08401489257812,2026-01-03 01:24:39.602756,2026-01-03 01:25:05.247462,0 days 00:00:25.644706,relu,0.10072504594674288,5,0.017123327941774447,2,True,standard,9.590019310864472e-05,COMPLETE
40,182.0220184326172,2026-01-03 01:25:05.256465,2026-01-03 01:25:31.553668,0 days 00:00:26.297203,relu,0.1302697267576919,23,0.006438588976303605,2,True,none,0.00024161143794320335,COMPLETE
41,164.96807861328125,2026-01-03 01:25:31.561668,2026-01-03 01:25:58.054365,0 days 00:00:26.492697,relu,0.16103096137806844,24,0.0319386792886351,2,True,standard,0.00015031856911483952,COMPLETE
42,153.91371154785156,2026-01-03 01:25:58.063365,2026-01-03 01:26:24.543584,0 days 00:00:26.480219,relu,0.15437635817536977,31,0.04516096265094573,2,True,standard,0.00015706532700352098,COMPLETE
43,149.38650512695312,2026-01-03 01:26:24.551588,2026-01-03 01:26:51.012288,0 days 00:00:26.460700,relu,0.1553294750844813,31,0.0421593029741721,2,True,standard,0.0005948607538233904,COMPLETE
44,151.755615234375,2026-01-03 01:26:51.019288,2026-01-03 01:27:17.581977,0 days 00:00:26.562689,relu,0.12308812598778494,32,0.04091689169404017,2,True,standard,0.0004717425310173592,COMPLETE
45,180.80178833007812,2026-01-03 01:27:17.589977,2026-01-03 01:27:44.196179,0 days 00:00:26.606202,relu,0.15847262167315102,30,0.002947008456517783,2,True,standard,0.00045361578356237057,COMPLETE
46,159.41204833984375,2026-01-03 01:27:44.204179,2026-01-03 01:28:10.633903,0 days 00:00:26.429724,relu,0.12254168908682572,32,0.025602538776072627,2,True,standard,0.000644481965743663,COMPLETE
47,198.60488647460937,2026-01-03 01:28:10.642904,2026-01-03 01:28:36.445668,0 days 00:00:25.802764,relu,0.20360325499046805,32,0.0009043473140769934,2,False,standard,0.00032868231104309027,COMPLETE
48,170.03582763671875,2026-01-03 01:28:36.453668,2026-01-03 01:29:00.400326,0 days 00:00:23.946658,relu,0.15001176046329315,26,0.01343193528330663,1,True,standard,0.0009664494484219888,COMPLETE
49,172.63404846191406,2026-01-03 01:29:00.409326,2026-01-03 01:29:26.812556,0 days 00:00:26.403230,silu,0.11863606160723733,22,0.0082043368519895,2,True,none,0.0004787432918312427,COMPLETE
50,158.68161010742188,2026-01-03 01:29:26.819556,2026-01-03 01:29:53.288788,0 days 00:00:26.469232,relu,0.19541380148681725,29,0.040423153059497056,2,True,standard,0.00012667732408471458,COMPLETE
51,151.81494140625,2026-01-03 01:29:53.296788,2026-01-03 01:30:19.738484,0 days 00:00:26.441696,relu,0.14940552084135833,26,0.04572408228681404,2,True,standard,0.0006652644302999932,COMPLETE
52,154.33767700195312,2026-01-03 01:30:19.746484,2026-01-03 01:30:46.177186,0 days 00:00:26.430702,relu,0.10004216612839062,26,0.05139975941380772,2,True,standard,0.0006318341066885619,COMPLETE
53,168.0797119140625,2026-01-03 01:30:46.185186,2026-01-03 01:31:12.569398,0 days 00:00:26.384212,relu,0.10438040499235125,26,0.015653773079314853,2,True,standard,0.000752937144448041,COMPLETE
54,151.50167846679688,2026-01-03 01:31:12.578398,2026-01-03 01:31:39.075099,0 days 00:00:26.496701,relu,0.1641800232405044,30,0.045220960052095,2,True,standard,0.0003389650998797088,COMPLETE
55,150.54507446289062,2026-01-03 01:31:39.083094,2026-01-03 01:32:05.645302,0 days 00:00:26.562208,relu,0.16511500494828382,32,0.025868677942043724,2,True,standard,0.0003177176276951969,COMPLETE
56,187.00534057617188,2026-01-03 01:32:05.653302,2026-01-03 01:32:32.249481,0 days 00:00:26.596179,relu,0.1782111172504892,32,0.025881642082931765,2,True,minmax,0.0003637903569671288,COMPLETE
57,177.47718811035156,2026-01-03 01:32:32.257483,2026-01-03 01:32:59.656178,0 days 00:00:27.398695,mish,0.16379770376291256,29,0.01081132780336492,2,True,standard,0.0002658034034245182,COMPLETE
58,198.3601278347439,2026-01-03 01:32:59.663178,2026-01-03 01:33:25.377889,0 days 00:00:25.714711,silu,0.18589842737632545,28,0.0008981468971318123,2,False,standard,0.00047663077955951494,COMPLETE
59,182.01187133789062,2026-01-03 01:33:25.386891,2026-01-03 01:33:49.247075,0 days 00:00:23.860184,relu,0.1253331105652737,22,0.07924072377435482,1,True,none,0.0003951810959229216,COMPLETE
60,168.24343872070312,2026-01-03 01:33:49.256075,2026-01-03 01:34:16.002283,0 days 00:00:26.746208,relu,0.20940413398797458,30,0.02024422870980716,2,True,standard,0.0005133470762333659,COMPLETE
61,155.36044311523438,2026-01-03 01:34:16.011286,2026-01-03 01:34:42.675494,0 days 00:00:26.664208,relu,0.1556136335809624,32,0.04403254143758878,2,True,standard,0.0007856657639171913,COMPLETE
62,165.86856079101562,2026-01-03 01:34:42.684497,2026-01-03 01:35:08.941666,0 days 00:00:26.257169,relu,0.17033436758518458,26,0.02723844284183943,2,True,standard,7.099823678957688e-05,COMPLETE
63,174.4357452392578,2026-01-03 01:35:08.949665,2026-01-03 01:35:35.506876,0 days 00:00:26.557211,relu,0.38182627639680433,30,0.045989439057172656,2,True,standard,0.00026022789987545673,COMPLETE
64,148.12515258789062,2026-01-03 01:35:35.515879,2026-01-03 01:36:02.051108,0 days 00:00:26.535229,relu,0.14795229491961867,28,0.07246297858818533,2,True,standard,0.000566494542191482,COMPLETE
65,177.46600341796875,2026-01-03 01:36:02.059107,2026-01-03 01:36:28.546821,0 days 00:00:26.487714,relu,0.11785950216629681,27,0.0720943181785745,2,True,minmax,0.0005958123675473429,COMPLETE
66,181.9513702392578,2026-01-03 01:36:28.553818,2026-01-03 01:36:55.546040,0 days 00:00:26.992222,mish,0.4698693082012422,22,0.03201037623228513,2,True,standard,0.00032636361835852555,COMPLETE
67,176.96743774414062,2026-01-03 01:36:55.554045,2026-01-03 01:37:21.500730,0 days 00:00:25.946685,relu,0.1925290014056844,11,0.05763935694577319,2,True,standard,0.0007987784452779293,COMPLETE
68,191.7790069580078,2026-01-03 01:37:21.509730,2026-01-03 01:37:46.982942,0 days 00:00:25.473212,relu,0.13752089658637923,4,0.09854329435557083,2,True,standard,0.0005793066880641044,COMPLETE
69,169.9368438720703,2026-01-03 01:37:46.989939,2026-01-03 01:38:13.544167,0 days 00:00:26.554228,silu,0.1694568683941308,25,0.07084063522025573,2,True,standard,0.0004223410780524462,COMPLETE
70,198.34207634819876,2026-01-03 01:38:13.551167,2026-01-03 01:38:39.233860,0 days 00:00:25.682693,relu,0.1454654252672088,27,0.0009504403636101678,2,False,standard,0.0007105795101338358,COMPLETE
71,150.24819946289062,2026-01-03 01:38:39.242863,2026-01-03 01:39:05.600588,0 days 00:00:26.357725,relu,0.1304385865911178,30,0.04422246951241183,2,True,standard,0.00015313399376722111,COMPLETE
72,157.4347686767578,2026-01-03 01:39:05.609589,2026-01-03 01:39:32.142816,0 days 00:00:26.533227,relu,0.12847186900389598,28,0.03447444111694403,2,True,standard,0.0002894952758564382,COMPLETE
73,154.9505157470703,2026-01-03 01:39:32.150816,2026-01-03 01:39:58.285550,0 days 00:00:26.134734,relu,0.11249584331261442,20,0.05377444174607392,2,True,standard,0.00037045056307594636,COMPLETE
74,161.49317932128906,2026-01-03 01:39:58.292550,2026-01-03 01:40:24.841278,0 days 00:00:26.548728,relu,0.13201462610939382,29,0.02360389029028119,2,True,standard,0.0005358649825449062,COMPLETE
75,169.83726501464844,2026-01-03 01:40:24.849274,2026-01-03 01:40:51.305519,0 days 00:00:26.456245,relu,0.14898328604959502,25,0.01766323609618539,2,True,standard,0.00011201085211802358,COMPLETE
76,176.46267700195312,2026-01-03 01:40:51.314519,2026-01-03 01:41:17.754216,0 days 00:00:26.439697,relu,0.16293083455443894,23,0.080031183468617,2,True,none,0.0002050809162765244,COMPLETE
77,195.7453155517578,2026-01-03 01:41:17.761215,2026-01-03 01:41:45.126435,0 days 00:00:27.365220,mish,0.44121150200909587,30,0.05954186610065098,2,True,minmax,0.0002590130004452728,COMPLETE
78,149.7330322265625,2026-01-03 01:41:45.135435,2026-01-03 01:42:11.541664,0 days 00:00:26.406229,relu,0.11181545699723325,28,0.04707831488528331,2,True,standard,0.0009720049654187381,COMPLETE
79,222.9111785888672,2026-01-03 01:42:11.550667,2026-01-03 01:42:37.464855,0 days 00:00:25.914188,relu,0.18512994131406432,9,0.00018690725378589463,2,True,standard,0.0009274007237415208,COMPLETE
80,144.3790740966797,2026-01-03 01:42:37.473856,2026-01-03 01:43:04.093103,0 days 00:00:26.619247,relu,0.11473794102240503,31,0.04954344519478417,2,True,standard,0.0006880598401721778,COMPLETE
81,145.13113403320312,2026-01-03 01:43:04.102101,2026-01-03 01:43:30.754797,0 days 00:00:26.652696,relu,0.11466481528203806,31,0.04788627186676127,2,True,standard,0.000993531652157785,COMPLETE
82,151.7541961669922,2026-01-03 01:43:30.762796,2026-01-03 01:43:57.314010,0 days 00:00:26.551214,relu,0.11264647525970614,31,0.029224935579889078,2,True,standard,0.0008438978540564201,COMPLETE
83,155.99911499023438,2026-01-03 01:43:57.322007,2026-01-03 01:44:23.814697,0 days 00:00:26.492690,relu,0.11476945210509056,28,0.029076726776157157,2,True,standard,0.000976671197055399,COMPLETE
84,146.47802734375,2026-01-03 01:44:23.823697,2026-01-03 01:44:50.372413,0 days 00:00:26.548716,relu,0.13227735294300014,30,0.0623075159431067,2,True,standard,0.000727245399062146,COMPLETE
85,181.1715850830078,2026-01-03 01:44:50.380411,2026-01-03 01:45:16.839626,0 days 00:00:26.459215,relu,0.49813677779969145,30,0.06467837877789935,2,True,standard,0.0005652896329536945,COMPLETE
86,149.8651885986328,2026-01-03 01:45:16.846627,2026-01-03 01:45:43.507847,0 days 00:00:26.661220,relu,0.13147560842686012,28,0.0910807638342661,2,True,standard,0.0007332688723100024,COMPLETE
87,144.80374145507812,2026-01-03 01:45:43.515849,2026-01-03 01:46:09.851040,0 days 00:00:26.335191,relu,0.13364062172534807,28,0.09522618161666167,2,True,standard,0.0007477018838125836,COMPLETE
88,198.278902859158,2026-01-03 01:46:09.861042,2026-01-03 01:46:35.534750,0 days 00:00:25.673708,silu,0.12859179417587296,25,0.0009533262122227923,2,False,standard,0.0007297503562196751,COMPLETE
89,182.81826782226562,2026-01-03 01:46:35.543750,2026-01-03 01:47:01.245956,0 days 00:00:25.702206,relu,0.13572031016120711,6,0.09990227489790163,2,True,standard,0.0008719385914928518,COMPLETE
90,178.5604248046875,2026-01-03 01:47:01.253956,2026-01-03 01:47:25.149640,0 days 00:00:23.895684,relu,0.1076313117461787,27,0.07862431423188737,1,True,none,0.000691635414642534,COMPLETE
91,143.98345947265625,2026-01-03 01:47:25.157640,2026-01-03 01:47:51.555869,0 days 00:00:26.398229,relu,0.14218316063554337,28,0.08554312624603251,2,True,standard,0.0004264322330570821,COMPLETE
92,150.0751190185547,2026-01-03 01:47:51.563869,2026-01-03 01:48:17.889074,0 days 00:00:26.325205,relu,0.1440926702956537,28,0.08687330779297366,2,True,standard,0.000989664142535298,COMPLETE
93,148.1851348876953,2026-01-03 01:48:17.896074,2026-01-03 01:48:44.527285,0 days 00:00:26.631211,relu,0.14204407998626536,28,0.08922222479920745,2,True,standard,0.0009979017612593687,COMPLETE
94,145.46212768554688,2026-01-03 01:48:44.535284,2026-01-03 01:49:11.140483,0 days 00:00:26.605199,relu,0.12143882050984786,25,0.07247197101320009,2,True,standard,0.0006472910934128297,COMPLETE
95,146.9202423095703,2026-01-03 01:49:11.148485,2026-01-03 01:49:37.677910,0 days 00:00:26.529425,relu,0.12052619722308783,25,0.0634626956434589,2,True,standard,0.0005627421052813029,COMPLETE
96,150.11007690429688,2026-01-03 01:49:37.685910,2026-01-03 01:50:03.889607,0 days 00:00:26.203697,relu,0.12063651487849811,21,0.06607605205144661,2,True,standard,0.00043843107797869607,COMPLETE
97,151.2316436767578,2026-01-03 01:50:03.898608,2026-01-03 01:50:30.298287,0 days 00:00:26.399679,relu,0.153240069369524,25,0.07459073665295449,2,True,standard,0.0005974936961771384,COMPLETE
98,196.2760009765625,2026-01-03 01:50:30.306287,2026-01-03 01:50:57.179488,0 days 00:00:26.873201,mish,0.13998465415255396,19,0.05937752763745058,2,True,minmax,0.0005241253512476419,COMPLETE
99,146.8567352294922,2026-01-03 01:50:57.188488,2026-01-03 01:51:23.563195,0 days 00:00:26.374707,relu,0.120093640149007,23,0.05229815491945466,2,True,standard,0.0008041175516474923,COMPLETE
100,149.46841430664062,2026-01-03 01:51:23.571196,2026-01-03 01:51:49.842864,0 days 00:00:26.271668,relu,0.10109940596211646,24,0.08351009674334758,2,True,standard,0.000826847333968577,COMPLETE
101,160.2061309814453,2026-01-03 01:51:49.851867,2026-01-03 01:52:16.189550,0 days 00:00:26.337683,relu,0.12051350457471963,23,0.0542068722951789,2,True,standard,0.000651636114190317,COMPLETE
102,164.47898864746094,2026-01-03 01:52:16.198552,2026-01-03 01:52:42.212748,0 days 00:00:26.014196,relu,0.14128912458470588,13,0.06625020844191748,2,True,standard,0.00040499477741071137,COMPLETE
103,144.74969482421875,2026-01-03 01:52:42.220747,2026-01-03 01:53:08.731950,0 days 00:00:26.511203,relu,0.12468593124448848,27,0.0995727573769789,2,True,standard,0.0008264636739260208,COMPLETE
104,144.20169067382812,2026-01-03 01:53:08.739947,2026-01-03 01:53:35.192151,0 days 00:00:26.452204,relu,0.12462266503077746,26,0.09647530988867571,2,True,standard,0.000791705993317659,COMPLETE
105,148.41380310058594,2026-01-03 01:53:35.202153,2026-01-03 01:54:01.825345,0 days 00:00:26.623192,relu,0.10837128227976552,25,0.07583980416937636,2,True,standard,0.0008114391959258081,COMPLETE
106,155.8723602294922,2026-01-03 01:54:01.833345,2026-01-03 01:54:28.099522,0 days 00:00:26.266177,relu,0.12360329878222096,22,0.05135241410267098,2,True,standard,0.0005218680978983469,COMPLETE
107,198.56088358561198,2026-01-03 01:54:28.107525,2026-01-03 01:54:53.414211,0 days 00:00:25.306686,relu,0.11465823869592424,14,0.0009656023799259898,2,False,standard,0.0006792113995015785,COMPLETE
108,146.20791625976562,2026-01-03 01:54:53.423211,2026-01-03 01:55:19.699934,0 days 00:00:26.276723,relu,0.12557617645725658,26,0.09778788251105039,2,True,standard,0.00046356874486492514,COMPLETE
109,171.7730255126953,2026-01-03 01:55:19.707934,2026-01-03 01:55:46.027633,0 days 00:00:26.319699,silu,0.12366599705709853,23,0.03562789889976401,2,True,standard,0.00046891497292246857,COMPLETE
110,174.14138793945312,2026-01-03 01:55:46.034633,2026-01-03 01:56:12.342847,0 days 00:00:26.308214,relu,0.31936015884339236,21,0.09669551565471952,2,True,standard,0.0007887705123093096,COMPLETE
111,148.93191528320312,2026-01-03 01:56:12.350848,2026-01-03 01:56:38.687533,0 days 00:00:26.336685,relu,0.10719132898810566,26,0.06101260018268865,2,True,standard,0.0006271457318523841,COMPLETE
112,146.40174865722656,2026-01-03 01:56:38.696533,2026-01-03 01:57:05.432229,0 days 00:00:26.735696,relu,0.13048547371442615,27,0.07088441797377497,2,True,standard,0.0005484978105941173,COMPLETE
113,144.67282104492188,2026-01-03 01:57:05.441230,2026-01-03 01:57:31.964425,0 days 00:00:26.523195,relu,0.13343301624928192,27,0.07787230895555712,2,True,standard,0.00041616982904225193,COMPLETE
114,147.16030883789062,2026-01-03 01:57:31.972428,2026-01-03 01:57:58.449117,0 days 00:00:26.476689,relu,0.13369678783163652,27,0.0995550136091766,2,True,standard,0.00039298460979679864,COMPLETE
115,171.6757049560547,2026-01-03 01:57:58.457117,2026-01-03 01:58:25.199876,0 days 00:00:26.742759,relu,0.35162927929717663,31,0.08155171770276579,2,True,standard,3.474213536724981e-05,COMPLETE
116,159.1620330810547,2026-01-03 01:58:25.208876,2026-01-03 01:58:51.694084,0 days 00:00:26.485208,relu,0.1344162496680456,27,0.050521657671383335,2,True,standard,0.00046410613371734773,COMPLETE
117,172.41195678710938,2026-01-03 01:58:51.703086,2026-01-03 01:59:18.186267,0 days 00:00:26.483181,relu,0.15501027452857938,29,0.07118401022572847,2,True,none,0.0007220075268427451,COMPLETE
118,158.768310546875,2026-01-03 01:59:18.194272,2026-01-03 01:59:46.435978,0 days 00:00:28.241706,gelu,0.10045473590839897,26,0.07972623076477578,2,True,standard,0.0008377830915487633,COMPLETE
119,143.11279296875,2026-01-03 01:59:46.443978,2026-01-03 02:00:13.016198,0 days 00:00:26.572220,relu,0.11554830403509157,29,0.08869486415332409,2,True,standard,0.0006479560891912552,COMPLETE
120,150.34420776367188,2026-01-03 02:00:13.026200,2026-01-03 02:00:39.505379,0 days 00:00:26.479179,relu,0.12729327342379357,29,0.09945302237137524,2,True,robust,0.0004968668068677127,COMPLETE
121,147.12747192382812,2026-01-03 02:00:39.513381,2026-01-03 02:01:05.830570,0 days 00:00:26.317189,relu,0.1152268820037692,24,0.08592546528609989,2,True,standard,0.0006504451932188499,COMPLETE
122,145.15328979492188,2026-01-03 02:01:05.838574,2026-01-03 02:01:32.415250,0 days 00:00:26.576676,relu,0.1274760598993359,30,0.0588178072053533,2,True,standard,0.0003659822167246603,COMPLETE
123,144.89334106445312,2026-01-03 02:01:32.424250,2026-01-03 02:01:58.941951,0 days 00:00:26.517701,relu,0.1464080763296253,31,0.07033203348703139,2,True,standard,0.0003698577362243537,COMPLETE
124,178.66104125976562,2026-01-03 02:01:58.950951,2026-01-03 02:02:25.391185,0 days 00:00:26.440234,relu,0.14691392136256196,32,0.003759017010669159,2,True,standard,0.00035698633013069833,COMPLETE
125,141.7342529296875,2026-01-03 02:02:25.400187,2026-01-03 02:02:51.905871,0 days 00:00:26.505684,relu,0.10880258929155404,31,0.07197020552136453,2,True,standard,0.00028946210783777076,COMPLETE
126,186.34263610839844,2026-01-03 02:02:51.912872,2026-01-03 02:03:19.547553,0 days 00:00:27.634681,mish,0.10899731307397516,31,0.0828578274649674,2,True,minmax,0.0003055495936229447,COMPLETE
127,198.39419223361546,2026-01-03 02:03:19.555556,2026-01-03 02:03:45.381764,0 days 00:00:25.826208,relu,0.1397721023935325,31,0.0009811078061181784,2,False,standard,0.00024257674778528014,COMPLETE
128,148.2598876953125,2026-01-03 02:03:45.390762,2026-01-03 02:04:11.971449,0 days 00:00:26.580687,relu,0.1134989619420106,29,0.05880351882403903,2,True,standard,0.00040388400100282225,COMPLETE
129,155.66976928710938,2026-01-03 02:04:11.979450,2026-01-03 02:04:35.960620,0 days 00:00:23.981170,relu,0.2800927236094629,32,0.07180712930628176,1,True,standard,0.00029464602347086406,COMPLETE
130,142.24575805664062,2026-01-03 02:04:35.969618,2026-01-03 02:05:02.574329,0 days 00:00:26.604711,relu,0.1065079351639672,27,0.08694970190537302,2,True,standard,0.0003348395707418425,COMPLETE
131,144.47386169433594,2026-01-03 02:05:02.582329,2026-01-03 02:05:29.158027,0 days 00:00:26.575698,relu,0.12372197528634779,30,0.08585807842087297,2,True,standard,0.00037807278925733377,COMPLETE
132,143.56350708007812,2026-01-03 02:05:29.167027,2026-01-03 02:05:55.844739,0 days 00:00:26.677712,relu,0.10639679590927509,30,0.08463733778716055,2,True,standard,0.00037302679855116756,COMPLETE
133,143.15560913085938,2026-01-03 02:05:55.852740,2026-01-03 02:06:22.389959,0 days 00:00:26.537219,relu,0.10596070557211468,30,0.0858125824399859,2,True,standard,0.00022467184996482396,COMPLETE
134,147.02554321289062,2026-01-03 02:06:22.397959,2026-01-03 02:06:49.128651,0 days 00:00:26.730692,relu,0.10458851006582888,29,0.08891978448214181,2,True,standard,0.00021631936391833275,COMPLETE
135,141.8631134033203,2026-01-03 02:06:49.136651,2026-01-03 02:07:15.866796,0 days 00:00:26.730145,relu,0.10869988741788666,31,0.0821479720990944,2,True,standard,0.00028302499441906244,COMPLETE
136,140.50619506835938,2026-01-03 02:07:15.873795,2026-01-03 02:07:42.778339,0 days 00:00:26.904544,relu,0.10069621499078935,29,0.08881784591373733,2,True,standard,0.0001721293536973545,COMPLETE
137,163.9288330078125,2026-01-03 02:07:42.789336,2026-01-03 02:08:09.511071,0 days 00:00:26.721735,silu,0.10307848147588214,29,0.08575944465555616,2,True,standard,0.000180597360444726,COMPLETE
138,143.12661743164062,2026-01-03 02:08:09.520070,2026-01-03 02:08:36.114794,0 days 00:00:26.594724,relu,0.109173236865583,27,0.08300923571603802,2,True,standard,0.0002774509644110822,COMPLETE
139,142.84805297851562,2026-01-03 02:08:36.121794,2026-01-03 02:09:02.562030,0 days 00:00:26.440236,relu,0.1001511263016599,27,0.08018043856258647,2,True,standard,0.00023610483604279514,COMPLETE
140,148.1658172607422,2026-01-03 02:09:02.569029,2026-01-03 02:09:29.193771,0 days 00:00:26.624742,relu,0.10866898848577013,30,0.07849145271487343,2,True,standard,0.00023210639210422576,COMPLETE
141,141.39369201660156,2026-01-03 02:09:29.201771,2026-01-03 02:09:55.824498,0 days 00:00:26.622727,relu,0.10120645277981202,27,0.0835847884787655,2,True,standard,0.00028345813622623423,COMPLETE
142,141.6260223388672,2026-01-03 02:09:55.833499,2026-01-03 02:10:22.307703,0 days 00:00:26.474204,relu,0.10881157360813459,28,0.0652244950659083,2,True,standard,0.00016826772490691473,COMPLETE
143,142.42153930664062,2026-01-03 02:10:22.315703,2026-01-03 02:10:48.923884,0 days 00:00:26.608181,relu,0.10307445984291305,32,0.06356994128065696,2,True,standard,0.00013930655434368848,COMPLETE
144,141.252685546875,2026-01-03 02:10:48.931887,2026-01-03 02:11:15.541091,0 days 00:00:26.609204,relu,0.10171846299384532,32,0.060665663340674955,2,True,standard,0.00012808636092900974,COMPLETE
145,143.75576782226562,2026-01-03 02:11:15.550090,2026-01-03 02:11:42.066773,0 days 00:00:26.516683,relu,0.1025810171274644,32,0.0646088193691435,2,True,standard,0.00011609627116065515,COMPLETE
146,166.40240478515625,2026-01-03 02:11:42.074773,2026-01-03 02:12:10.698994,0 days 00:00:28.624221,gelu,0.10066628518622882,32,0.06615487148719397,2,True,none,0.00014204983592557192,COMPLETE
147,142.85711669921875,2026-01-03 02:12:10.706991,2026-01-03 02:12:37.731211,0 days 00:00:27.024220,relu,0.10135389501365524,29,0.05769939825974742,2,True,standard,0.0001122818273662505,COMPLETE
148,146.1708221435547,2026-01-03 02:12:37.740211,2026-01-03 02:13:04.385893,0 days 00:00:26.645682,relu,0.10032443334450591,32,0.05663758730317195,2,True,robust,9.817083278956812e-05,COMPLETE
149,191.55250549316406,2026-01-03 02:13:04.395890,2026-01-03 02:13:31.103143,0 days 00:00:26.707253,relu,0.10887535092446934,29,0.0016805971776511785,2,True,standard,0.00017090963835298458,COMPLETE
150,198.0656859673394,2026-01-03 02:13:31.111141,2026-01-03 02:13:57.063303,0 days 00:00:25.952162,relu,0.10077050205950247,30,0.0009846730073944073,2,False,standard,7.734510704094105e-05,COMPLETE
151,145.04196166992188,2026-01-03 02:13:57.072304,2026-01-03 02:14:23.628557,0 days 00:00:26.556253,relu,0.10910589944656887,28,0.06407267070262003,2,True,standard,0.00013036684004521476,COMPLETE
152,144.99017333984375,2026-01-03 02:14:23.637558,2026-01-03 02:14:50.336738,0 days 00:00:26.699180,relu,0.1133576573403485,28,0.05613480623464948,2,True,standard,0.00011973120895750761,COMPLETE
153,140.4052276611328,2026-01-03 02:14:50.344738,2026-01-03 02:15:17.185972,0 days 00:00:26.841234,relu,0.10847906936402837,31,0.06658048395555584,2,True,standard,0.00019783925400823876,COMPLETE
154,141.49600219726562,2026-01-03 02:15:17.194972,2026-01-03 02:15:43.868693,0 days 00:00:26.673721,relu,0.10734153562028213,32,0.06701917579931367,2,True,standard,0.0001838584023790052,COMPLETE
155,147.8788299560547,2026-01-03 02:15:43.876693,2026-01-03 02:16:10.715382,0 days 00:00:26.838689,relu,0.11529834174914479,30,0.040159834038750904,2,True,standard,0.00019803132952137052,COMPLETE
156,215.99844360351562,2026-01-03 02:16:10.722383,2026-01-03 02:16:38.253603,0 days 00:00:27.531220,mish,0.10004914001364966,32,0.0002650436738951355,2,True,minmax,0.00015019022631553613,COMPLETE
157,142.7947998046875,2026-01-03 02:16:38.261604,2026-01-03 02:17:05.006864,0 days 00:00:26.745260,relu,0.11052169169421477,29,0.07268163499980818,2,True,standard,0.00017541510469793787,COMPLETE
158,150.20037841796875,2026-01-03 02:17:05.014863,2026-01-03 02:17:31.805570,0 days 00:00:26.790707,relu,0.11383002269193321,29,0.04914238199054893,2,True,standard,0.00018036878457921524,COMPLETE
159,145.02389526367188,2026-01-03 02:17:31.813569,2026-01-03 02:17:58.595277,0 days 00:00:26.781708,relu,0.11071083387176482,27,0.07231703711233527,2,True,standard,0.00022470771723338712,COMPLETE
160,143.01156616210938,2026-01-03 02:17:58.605277,2026-01-03 02:18:25.415541,0 days 00:00:26.810264,relu,0.1180128463643991,31,0.058704114529563825,2,True,standard,0.0002572744503574465,COMPLETE
161,144.00706481933594,2026-01-03 02:18:25.423541,2026-01-03 02:18:52.152235,0 days 00:00:26.728694,relu,0.11646574918783406,31,0.05802489983499066,2,True,standard,0.00027258508161056704,COMPLETE
162,146.1706085205078,2026-01-03 02:18:52.161237,2026-01-03 02:19:18.866938,0 days 00:00:26.705701,relu,0.10814204497977571,29,0.0671168552975721,2,True,standard,0.00013672971026774692,COMPLETE
163,144.60885620117188,2026-01-03 02:19:18.876940,2026-01-03 02:19:45.606618,0 days 00:00:26.729678,relu,0.11877849317061788,28,0.07480765094808438,2,True,standard,0.00017346054204220236,COMPLETE
164,142.87973022460938,2026-01-03 02:19:45.614619,2026-01-03 02:20:12.140815,0 days 00:00:26.526196,relu,0.10018202021608114,32,0.04489708872977641,2,True,standard,0.0002566598224103432,COMPLETE
165,153.13479614257812,2026-01-03 02:20:12.148815,2026-01-03 02:20:38.774998,0 days 00:00:26.626183,relu,0.11818692901439198,32,0.04411315745583511,2,True,standard,0.00019397879837587749,COMPLETE
166,146.5479278564453,2026-01-03 02:20:38.783999,2026-01-03 02:21:05.647210,0 days 00:00:26.863211,relu,0.10113830855988144,31,0.036221962642627614,2,True,standard,0.00026597216445976894,COMPLETE
167,178.1280975341797,2026-01-03 02:21:05.655211,2026-01-03 02:21:31.649907,0 days 00:00:25.994696,relu,0.10979933304089956,7,0.051992972357529935,2,True,standard,0.0002575249434023488,COMPLETE
168,143.64364624023438,2026-01-03 02:21:31.657907,2026-01-03 02:21:58.330606,0 days 00:00:26.672699,relu,0.11675470959093821,27,0.062498942957162545,2,True,standard,0.00016295635175203908,COMPLETE
169,166.46800231933594,2026-01-03 02:21:58.339609,2026-01-03 02:22:25.138308,0 days 00:00:26.798699,silu,0.10002985788895127,29,0.05398247637800837,2,True,standard,0.0001017296557734601,COMPLETE
170,145.38197326660156,2026-01-03 02:22:25.147308,2026-01-03 02:22:51.645547,0 days 00:00:26.498239,relu,0.1208325051835055,26,0.07408127715525506,2,True,standard,0.00021188151520416075,COMPLETE
171,142.9722137451172,2026-01-03 02:22:51.653547,2026-01-03 02:23:18.366749,0 days 00:00:26.713202,relu,0.11036693778983245,30,0.07876900165923863,2,True,standard,0.0002296095322811728,COMPLETE
172,143.65623474121094,2026-01-03 02:23:18.374748,2026-01-03 02:23:45.263957,0 days 00:00:26.889209,relu,0.10916665420640495,31,0.06493782201788875,2,True,standard,0.0003079522593009683,COMPLETE
173,141.46389770507812,2026-01-03 02:23:45.272960,2026-01-03 02:24:12.043660,0 days 00:00:26.770700,relu,0.11043765224251985,30,0.07961792217023872,2,True,standard,0.00024203121661332908,COMPLETE
174,147.4796142578125,2026-01-03 02:24:12.052660,2026-01-03 02:24:38.899358,0 days 00:00:26.846698,relu,0.11853177217702246,32,0.04698758067501304,2,True,standard,0.00015146511268994536,COMPLETE
175,161.44338989257812,2026-01-03 02:24:38.907357,2026-01-03 02:25:05.890567,0 days 00:00:26.983210,relu,0.24769056009516535,30,0.07238983112428378,2,True,standard,0.00020179436845333245,COMPLETE
176,145.21531677246094,2026-01-03 02:25:05.898567,2026-01-03 02:25:32.571256,0 days 00:00:26.672689,relu,0.10010306009116282,29,0.06278920679845688,2,True,standard,0.00024232455749121477,COMPLETE
177,144.1439208984375,2026-01-03 02:25:32.579256,2026-01-03 02:25:59.171957,0 days 00:00:26.592701,relu,0.12629728155861658,32,0.05541815150347569,2,True,standard,0.0001709900007111291,COMPLETE
178,142.7302703857422,2026-01-03 02:25:59.179954,2026-01-03 02:26:25.763648,0 days 00:00:26.583694,relu,0.11065831555877809,28,0.07794960314533111,2,True,standard,0.00019103618169443007,COMPLETE
179,167.17767333984375,2026-01-03 02:26:25.772651,2026-01-03 02:26:54.373376,0 days 00:00:28.600725,gelu,0.10904777838503801,28,0.07763874858698158,2,True,none,0.00013691340760744753,COMPLETE
180,198.17002956814233,2026-01-03 02:26:54.381377,2026-01-03 02:27:20.364555,0 days 00:00:25.983178,relu,0.10001671313784685,30,0.0009888099477940455,2,False,standard,0.00023467540625206115,COMPLETE
181,143.82261657714844,2026-01-03 02:27:20.372555,2026-01-03 02:27:46.946263,0 days 00:00:26.573708,relu,0.1158187000902843,28,0.09019629806735024,2,True,standard,0.00019289262147985283,COMPLETE
182,142.21231079101562,2026-01-03 02:27:46.955263,2026-01-03 02:28:13.668516,0 days 00:00:26.713253,relu,0.11020312649924995,31,0.06754653077069128,2,True,standard,0.0003158121504494912,COMPLETE
183,144.64662170410156,2026-01-03 02:28:13.676521,2026-01-03 02:28:40.485688,0 days 00:00:26.809167,relu,0.10857803571410606,31,0.06683508786935805,2,True,standard,0.0003239566771033034,COMPLETE
184,147.50384521484375,2026-01-03 02:28:40.494691,2026-01-03 02:29:07.311906,0 days 00:00:26.817215,relu,0.1279906712412421,31,0.05832725109085783,2,True,standard,0.00029422896109134003,COMPLETE
185,173.5309295654297,2026-01-03 02:29:07.320906,2026-01-03 02:29:33.971599,0 days 00:00:26.650693,relu,0.38504457578530854,30,0.0753913086531817,2,True,standard,0.00025077654609893747,COMPLETE
186,163.87551879882812,2026-01-03 02:29:33.979599,2026-01-03 02:29:58.146790,0 days 00:00:24.167191,relu,0.12006716352045263,32,0.05149505509459523,1,True,robust,0.00016039084258044357,COMPLETE
187,150.29971313476562,2026-01-03 02:29:58.154786,2026-01-03 02:30:24.734490,0 days 00:00:26.579704,relu,0.1082808219050358,26,0.042212315238741936,2,True,standard,0.00021491152843359685,COMPLETE
188,142.77590942382812,2026-01-03 02:30:24.743490,2026-01-03 02:30:51.420727,0 days 00:00:26.677237,relu,0.11243430027613895,28,0.06840187804573665,2,True,standard,0.00010878914244699523,COMPLETE
189,144.6867218017578,2026-01-03 02:30:51.429726,2026-01-03 02:31:17.947893,0 days 00:00:26.518167,relu,0.10815012770120963,28,0.09958328008207895,2,True,standard,0.00010623819512917926,COMPLETE
190,164.7726287841797,2026-01-03 02:31:17.955893,2026-01-03 02:31:45.326116,0 days 00:00:27.370223,mish,0.1258607096757938,27,0.06925136062487765,2,True,standard,6.153547784910387e-05,COMPLETE
191,146.4281463623047,2026-01-03 02:31:45.334115,2026-01-03 02:32:11.892824,0 days 00:00:26.558709,relu,0.1154280386686564,29,0.06200269791464857,2,True,standard,0.00013335389799248032,COMPLETE
192,140.37020874023438,2026-01-03 02:32:11.900824,2026-01-03 02:32:38.454003,0 days 00:00:26.553179,relu,0.10732137575120244,30,0.07939055532673636,2,True,standard,0.00018761932438097055,COMPLETE
193,173.989990234375,2026-01-03 02:32:38.462003,2026-01-03 02:33:05.162213,0 days 00:00:26.700210,relu,0.4054445331812473,30,0.07895986246409599,2,True,standard,8.445781081756865e-05,COMPLETE
194,171.81283569335938,2026-01-03 02:33:05.170217,2026-01-03 02:33:31.089910,0 days 00:00:25.919693,relu,0.10912434941753059,10,0.07888258246468363,2,True,standard,0.00018431161795900945,COMPLETE
195,179.23587036132812,2026-01-03 02:33:31.097913,2026-01-03 02:33:57.356084,0 days 00:00:26.258171,relu,0.106125771251174,25,0.06722168746022048,2,True,minmax,0.0001521176572927036,COMPLETE
196,140.5358123779297,2026-01-03 02:33:57.364088,2026-01-03 02:34:24.020318,0 days 00:00:26.656230,relu,0.1008627340130134,29,0.08937923812407297,2,True,standard,0.00021045543148796256,COMPLETE
197,140.91273498535156,2026-01-03 02:34:24.027315,2026-01-03 02:34:50.669499,0 days 00:00:26.642184,relu,0.10280303713444744,28,0.08934094952491921,2,True,standard,0.00012735781623921338,COMPLETE
198,142.21548461914062,2026-01-03 02:34:50.677503,2026-01-03 02:35:17.287709,0 days 00:00:26.610206,relu,0.10005119007365576,27,0.08872958600452165,2,True,standard,9.52201157241538e-05,COMPLETE
199,144.7146759033203,2026-01-03 02:35:17.296707,2026-01-03 02:35:43.816429,0 days 00:00:26.519722,relu,0.12480023247030103,26,0.09090399129771351,2,True,standard,0.00012575194139668474,COMPLETE
200,143.8043212890625,2026-01-03 02:35:43.824430,2026-01-03 02:36:10.365601,0 days 00:00:26.541171,relu,0.11408455574892355,27,0.08982468557531141,2,True,standard,9.102197447188134e-05,COMPLETE
201,140.39736938476562,2026-01-03 02:36:10.374601,2026-01-03 02:36:36.939813,0 days 00:00:26.565212,relu,0.10184387806169537,28,0.09955961830315813,2,True,standard,0.00011716327949518287,COMPLETE
202,139.71827697753906,2026-01-03 02:36:36.948816,2026-01-03 02:37:03.540512,0 days 00:00:26.591696,relu,0.10681375523561255,28,0.09541808782291403,2,True,standard,0.00012158404950076204,COMPLETE
203,140.1693572998047,2026-01-03 02:37:03.548511,2026-01-03 02:37:30.114236,0 days 00:00:26.565725,relu,0.11299966738525387,28,0.09772670920180257,2,True,standard,0.00011419209002639218,COMPLETE
204,163.48480224609375,2026-01-03 02:37:30.123234,2026-01-03 02:37:56.695969,0 days 00:00:26.572735,relu,0.2973986000494241,28,0.09188667176711604,2,True,standard,8.68453468084619e-05,COMPLETE
205,145.74929809570312,2026-01-03 02:37:56.702968,2026-01-03 02:38:23.253687,0 days 00:00:26.550719,relu,0.11971982866302408,24,0.09752373351124484,2,True,standard,0.0001075436228357155,COMPLETE
206,142.48500061035156,2026-01-03 02:38:23.261687,2026-01-03 02:38:49.706907,0 days 00:00:26.445220,relu,0.10693205053356206,25,0.08709729749044455,2,True,standard,0.00012493041773541764,COMPLETE
207,140.02890014648438,2026-01-03 02:38:49.715905,2026-01-03 02:39:16.111122,0 days 00:00:26.395217,relu,0.10056052147242156,25,0.09770983371841413,2,True,standard,0.00012242819363657395,COMPLETE
208,142.26223754882812,2026-01-03 02:39:16.119123,2026-01-03 02:39:42.620838,0 days 00:00:26.501715,relu,0.10599439437824956,25,0.09814792803096589,2,True,standard,0.00012689011899803734,COMPLETE
209,159.8717041015625,2026-01-03 02:39:42.627838,2026-01-03 02:40:09.244022,0 days 00:00:26.616184,silu,0.10513561715034125,25,0.09851704499437872,2,True,standard,0.00013579945685147067,COMPLETE
210,145.2556610107422,2026-01-03 02:40:09.252022,2026-01-03 02:40:35.830760,0 days 00:00:26.578738,relu,0.12081403621059404,27,0.0967380220011561,2,True,standard,0.00014926253029269124,COMPLETE
211,144.2118377685547,2026-01-03 02:40:35.838763,2026-01-03 02:41:02.397484,0 days 00:00:26.558721,relu,0.10446012049045313,25,0.0880427658030181,2,True,standard,0.00012117710301852815,COMPLETE
212,143.48959350585938,2026-01-03 02:41:02.405483,2026-01-03 02:41:28.914184,0 days 00:00:26.508701,relu,0.10020796066174076,26,0.09882429901893541,2,True,standard,9.608223148107935e-05,COMPLETE
213,143.8903350830078,2026-01-03 02:41:28.923184,2026-01-03 02:41:55.297861,0 days 00:00:26.374677,relu,0.11455156165408178,24,0.08561616596972958,2,True,standard,0.00012680977817776495,COMPLETE
214,143.26345825195312,2026-01-03 02:41:55.305863,2026-01-03 02:42:21.843559,0 days 00:00:26.537696,relu,0.1000961452907461,26,0.08441885111216321,2,True,standard,0.0001170626297424434,COMPLETE
215,143.7025604248047,2026-01-03 02:42:21.851560,2026-01-03 02:42:48.494266,0 days 00:00:26.642706,relu,0.10856631292075455,30,0.0821347463832292,2,True,standard,7.608526036755122e-05,COMPLETE
216,143.78512573242188,2026-01-03 02:42:48.503266,2026-01-03 02:43:15.083952,0 days 00:00:26.580686,relu,0.1164971077944686,29,0.08556499675280914,2,True,standard,0.00015467099364176114,COMPLETE
217,198.3815761311849,2026-01-03 02:43:15.091952,2026-01-03 02:43:40.532182,0 days 00:00:25.440230,relu,0.10667967263589982,16,0.0009910937451078437,2,False,standard,0.00014530720112123944,COMPLETE
218,167.18551635742188,2026-01-03 02:43:40.541187,2026-01-03 02:44:06.498894,0 days 00:00:25.957707,relu,0.12674580881613998,11,0.07482564506306963,2,True,standard,0.00012612412793655875,COMPLETE
219,169.80838012695312,2026-01-03 02:44:06.507894,2026-01-03 02:44:34.967099,0 days 00:00:28.459205,gelu,0.10007096496918388,27,0.09929836355878298,2,True,none,9.754872150127413e-05,COMPLETE
220,149.68789672851562,2026-01-03 02:44:34.975099,2026-01-03 02:45:01.413786,0 days 00:00:26.438687,relu,0.11703477871010404,25,0.07340106327175244,2,True,standard,0.00017125240708286725,COMPLETE
221,186.24398803710938,2026-01-03 02:45:01.423789,2026-01-03 02:45:27.284972,0 days 00:00:25.861183,relu,0.1099587973540774,5,0.08359339931685071,2,True,standard,0.00019603161947949046,COMPLETE
222,142.515625,2026-01-03 02:45:27.292974,2026-01-03 02:45:53.911697,0 days 00:00:26.618723,relu,0.10807379631399308,28,0.07643748772438974,2,True,standard,0.0001650297121122345,COMPLETE
223,142.77685546875,2026-01-03 02:45:53.918697,2026-01-03 02:46:20.584393,0 days 00:00:26.665696,relu,0.10001172272662949,28,0.08639240052559431,2,True,standard,0.00013996561011608212,COMPLETE
224,144.46572875976562,2026-01-03 02:46:20.592395,2026-01-03 02:46:47.084081,0 days 00:00:26.491686,relu,0.10751534203579229,30,0.07275873262320666,2,True,standard,0.00016326458271784366,COMPLETE
225,140.4385528564453,2026-01-03 02:46:47.093081,2026-01-03 02:47:13.938287,0 days 00:00:26.845206,relu,0.12033026459874929,31,0.09820519231731291,2,True,standard,0.00011944582019396885,COMPLETE
226,140.71109008789062,2026-01-03 02:47:13.946287,2026-01-03 02:47:40.678504,0 days 00:00:26.732217,relu,0.1206645086396314,31,0.09947002284196382,2,True,standard,0.00011129480775012884,COMPLETE
227,141.36351013183594,2026-01-03 02:47:40.686505,2026-01-03 02:48:07.313193,0 days 00:00:26.626688,relu,0.12181787502365028,31,0.09255190562865938,2,True,standard,0.00011039147530373677,COMPLETE
228,141.690673828125,2026-01-03 02:48:07.322194,2026-01-03 02:48:34.111408,0 days 00:00:26.789214,relu,0.13077063331754593,31,0.09566275941619107,2,True,standard,8.480264482572856e-05,COMPLETE
229,148.46002197265625,2026-01-03 02:48:34.119408,2026-01-03 02:49:00.750570,0 days 00:00:26.631162,relu,0.13363543537950207,31,0.09902886687566112,2,True,robust,6.585580753206314e-05,COMPLETE
230,142.1401824951172,2026-01-03 02:49:00.758568,2026-01-03 02:49:27.547273,0 days 00:00:26.788705,relu,0.12662585267928397,31,0.08694552841309675,2,True,standard,8.633366266034809e-05,COMPLETE
231,140.88400268554688,2026-01-03 02:49:27.555276,2026-01-03 02:49:54.290532,0 days 00:00:26.735256,relu,0.12361382336716534,31,0.0854808036468997,2,True,standard,7.941620294922765e-05,COMPLETE
232,141.05686950683594,2026-01-03 02:49:54.299532,2026-01-03 02:50:20.918701,0 days 00:00:26.619169,relu,0.1336157797439887,31,0.08713732760626797,2,True,standard,7.608039556298157e-05,COMPLETE
233,141.9072723388672,2026-01-03 02:50:20.927701,2026-01-03 02:50:47.548400,0 days 00:00:26.620699,relu,0.13536627211040425,31,0.09783245110860915,2,True,standard,7.431886872940428e-05,COMPLETE
234,141.7330780029297,2026-01-03 02:50:47.556400,2026-01-03 02:51:14.249598,0 days 00:00:26.693198,relu,0.13464293527368262,32,0.08127632918306243,2,True,standard,4.9202348629210916e-05,COMPLETE
235,143.25491333007812,2026-01-03 02:51:14.257598,2026-01-03 02:51:40.784815,0 days 00:00:26.527217,relu,0.1373774798180345,32,0.09956245953938025,2,True,standard,4.4447142896471284e-05,COMPLETE
236,141.4409637451172,2026-01-03 02:51:40.792814,2026-01-03 02:52:07.247509,0 days 00:00:26.454695,relu,0.13233135857310002,30,0.09934612795402784,2,True,standard,4.9343500415181865e-05,COMPLETE
237,189.2248077392578,2026-01-03 02:52:07.256508,2026-01-03 02:52:34.618720,0 days 00:00:27.362212,mish,0.1340423772645413,30,0.081736748704449,2,True,minmax,6.094714272667275e-05,COMPLETE
238,142.5941619873047,2026-01-03 02:52:34.626720,2026-01-03 02:53:01.214423,0 days 00:00:26.587703,relu,0.12410523268268908,32,0.0776496133942806,2,True,standard,5.3461795903797934e-05,COMPLETE
239,142.89114379882812,2026-01-03 02:53:01.222423,2026-01-03 02:53:27.732615,0 days 00:00:26.510192,relu,0.13113270404451802,30,0.09894881255686051,2,True,standard,8.340813175183705e-05,COMPLETE
240,142.78109741210938,2026-01-03 02:53:27.741119,2026-01-03 02:53:54.179836,0 days 00:00:26.438717,relu,0.12209049226948467,29,0.07735016436651099,2,True,standard,4.503425570367074e-05,COMPLETE
241,142.76901245117188,2026-01-03 02:53:54.186837,2026-01-03 02:54:20.731044,0 days 00:00:26.544207,relu,0.14082287043744068,31,0.09825146218172764,2,True,standard,7.639916580464436e-05,COMPLETE
242,142.7306671142578,2026-01-03 02:54:20.739044,2026-01-03 02:54:47.265748,0 days 00:00:26.526704,relu,0.1307097802526186,32,0.08645090974012845,2,True,standard,3.723941816069286e-05,COMPLETE
243,144.22677612304688,2026-01-03 02:54:47.275747,2026-01-03 02:55:13.875457,0 days 00:00:26.599710,relu,0.12087451464763763,30,0.09928231262097376,2,True,standard,7.111399394694348e-05,COMPLETE
244,143.21243286132812,2026-01-03 02:55:13.884458,2026-01-03 02:55:40.408143,0 days 00:00:26.523685,relu,0.13418566830499107,29,0.07214791729690143,2,True,standard,2.7078838648773742e-05,COMPLETE
245,142.19943237304688,2026-01-03 02:55:40.416144,2026-01-03 02:56:06.985844,0 days 00:00:26.569700,relu,0.1191912734559698,31,0.08526474495109601,2,True,standard,0.00010369437441740793,COMPLETE
246,143.93402099609375,2026-01-03 02:56:06.992847,2026-01-03 02:56:33.492534,0 days 00:00:26.499687,relu,0.13819831199213287,32,0.07956192349677423,2,True,standard,5.065966276862524e-05,COMPLETE
247,145.4138946533203,2026-01-03 02:56:33.500534,2026-01-03 02:56:59.988739,0 days 00:00:26.488205,relu,0.12644862811490595,30,0.07049518525491691,2,True,standard,0.00010745243935089165,COMPLETE
248,140.53363037109375,2026-01-03 02:56:59.997739,2026-01-03 02:57:26.573959,0 days 00:00:26.576220,relu,0.1156806250281165,29,0.08794223986712373,2,True,standard,8.123474008491703e-05,COMPLETE
249,144.34669494628906,2026-01-03 02:57:26.582957,2026-01-03 02:57:53.145642,0 days 00:00:26.562685,relu,0.12035285833531664,29,0.08518380398198959,2,True,standard,8.99841303695907e-05,COMPLETE
250,140.87159729003906,2026-01-03 02:57:53.152643,2026-01-03 02:58:19.687862,0 days 00:00:26.535219,relu,0.11570239082231568,29,0.06948347188674507,2,True,standard,2.2115216390629256e-05,COMPLETE
251,163.3886260986328,2026-01-03 02:58:19.695860,2026-01-03 02:58:46.364566,0 days 00:00:26.668706,relu,0.26585323172210396,29,0.06911225073842364,2,True,standard,2.035449892276848e-05,COMPLETE
252,142.50906372070312,2026-01-03 02:58:46.372569,2026-01-03 02:59:12.784262,0 days 00:00:26.411693,relu,0.11819792476811146,29,0.06707025205959827,2,True,standard,0.00011083939204231116,COMPLETE
253,154.6140899658203,2026-01-03 02:59:12.794265,2026-01-03 02:59:39.442988,0 days 00:00:26.648723,silu,0.1153171590423596,30,0.08762868562483188,2,True,standard,2.4095514807044246e-05,COMPLETE
254,197.41239766438804,2026-01-03 02:59:39.450989,2026-01-03 03:00:02.736649,0 days 00:00:23.285660,relu,0.12657080752567035,28,0.0009930757287020407,1,False,standard,4.038234534436512e-05,COMPLETE
255,139.68603515625,2026-01-03 03:00:02.744652,2026-01-03 03:00:29.409372,0 days 00:00:26.664720,relu,0.1155529521200805,32,0.07616425466781243,2,True,standard,1.634499978321529e-05,COMPLETE
256,171.72962951660156,2026-01-03 03:00:29.418375,2026-01-03 03:00:55.917089,0 days 00:00:26.498714,relu,0.11724556775107293,32,0.0078017128766764395,2,True,standard,1.4526956249678143e-05,COMPLETE
257,151.4025421142578,2026-01-03 03:00:55.925089,2026-01-03 03:01:22.630789,0 days 00:00:26.705700,relu,0.22750289168454196,30,0.07669314280664104,2,True,standard,1.5361221859726226e-05,COMPLETE
258,140.24925231933594,2026-01-03 03:01:22.638794,2026-01-03 03:01:49.238952,0 days 00:00:26.600158,relu,0.11449534145807125,28,0.0999467048654109,2,True,standard,6.723778092449208e-05,COMPLETE
259,174.37850952148438,2026-01-03 03:01:49.246955,2026-01-03 03:02:15.830206,0 days 00:00:26.583251,relu,0.11487896890898021,28,0.09993666962036231,2,True,none,1.9886902682375942e-05,COMPLETE
260,143.87765502929688,2026-01-03 03:02:15.839210,2026-01-03 03:02:42.308895,0 days 00:00:26.469685,relu,0.12475769488280146,29,0.08910817267092228,2,True,standard,6.531924619979296e-05,COMPLETE
261,142.69725036621094,2026-01-03 03:02:42.317895,2026-01-03 03:03:10.848607,0 days 00:00:28.530712,gelu,0.11471973793097864,28,0.09052251050845207,2,True,standard,1.2356648767915888e-05,COMPLETE
262,140.47134399414062,2026-01-03 03:03:10.856606,2026-01-03 03:03:37.338328,0 days 00:00:26.481722,relu,0.11402131003300146,30,0.0998936920054815,2,True,standard,8.217202908630011e-05,COMPLETE
263,155.6732940673828,2026-01-03 03:03:37.347330,2026-01-03 03:04:03.977022,0 days 00:00:26.629692,relu,0.11440065769796844,29,0.06515334219587832,2,True,robust,7.163153039300609e-05,COMPLETE
264,145.4807586669922,2026-01-03 03:04:03.985022,2026-01-03 03:04:30.572199,0 days 00:00:26.587177,relu,0.11380876779002125,30,0.07611840301949445,2,True,standard,9.516742531509805e-05,COMPLETE
265,147.8863983154297,2026-01-03 03:04:30.580200,2026-01-03 03:04:57.063393,0 days 00:00:26.483193,relu,0.12166719346440054,28,0.08654885543455378,2,True,standard,0.00011616456074084468,COMPLETE
266,147.2291717529297,2026-01-03 03:04:57.074393,2026-01-03 03:05:23.791070,0 days 00:00:26.716677,relu,0.11219004967675292,27,0.061983238870883056,2,True,standard,5.651913145268857e-05,COMPLETE
267,178.70913696289062,2026-01-03 03:05:23.801071,2026-01-03 03:05:49.791275,0 days 00:00:25.990204,relu,0.1236053004921315,17,0.07754599946147946,2,True,minmax,2.4331588117545665e-05,COMPLETE
268,181.16824340820312,2026-01-03 03:05:49.799277,2026-01-03 03:06:17.232953,0 days 00:00:27.433676,mish,0.11170601678275298,29,0.0038972561180890502,2,True,standard,8.022615752005345e-05,COMPLETE
269,141.7021026611328,2026-01-03 03:06:17.240953,2026-01-03 03:06:43.970667,0 days 00:00:26.729714,relu,0.10553097684670455,30,0.09793136428860993,2,True,standard,0.00010379961883098122,COMPLETE
270,142.26760864257812,2026-01-03 03:06:43.978671,2026-01-03 03:07:10.641371,0 days 00:00:26.662700,relu,0.12009278323515044,28,0.0851168582440152,2,True,standard,1.5833869361287006e-05,COMPLETE
271,199.17028150770398,2026-01-03 03:07:10.649372,2026-01-03 03:07:36.245565,0 days 00:00:25.596193,relu,0.10016403638090213,12,0.0009942241169566158,2,False,standard,3.2435877300303405e-05,COMPLETE
272,175.20021057128906,2026-01-03 03:07:36.252565,2026-01-03 03:08:02.192265,0 days 00:00:25.939700,relu,0.1123221993312086,8,0.09971547947428475,2,True,standard,6.710711764773372e-05,COMPLETE
273,143.74957275390625,2026-01-03 03:08:02.201266,2026-01-03 03:08:29.048010,0 days 00:00:26.846744,relu,0.10775620604363242,31,0.06885318646093669,2,True,standard,9.355125272098109e-05,COMPLETE
274,144.638671875,2026-01-03 03:08:29.057012,2026-01-03 03:08:55.713737,0 days 00:00:26.656725,relu,0.1254915040080459,29,0.07839772237902949,2,True,standard,0.00011813016828163131,COMPLETE
275,174.61544799804688,2026-01-03 03:08:55.723737,2026-01-03 03:09:22.348436,0 days 00:00:26.624699,relu,0.37387375740782924,27,0.08854633500654947,2,True,standard,0.00014517833089150412,COMPLETE
276,195.4462432861328,2026-01-03 03:09:22.356437,2026-01-03 03:09:49.084646,0 days 00:00:26.728209,relu,0.11893762121967094,30,0.0004476713728127356,2,True,standard,1.2466441819574892e-05,COMPLETE
277,162.9334259033203,2026-01-03 03:09:49.092641,2026-01-03 03:10:15.816336,0 days 00:00:26.723695,silu,0.11326943059186997,32,0.07151077968112811,2,True,standard,8.261927152755886e-05,COMPLETE
278,169.23133850097656,2026-01-03 03:10:15.825338,2026-01-03 03:10:42.531549,0 days 00:00:26.706211,relu,0.10687182771786484,30,0.012527634260870401,2,True,standard,0.00010550240796323239,COMPLETE
279,143.47409057617188,2026-01-03 03:10:42.540549,2026-01-03 03:11:09.001736,0 days 00:00:26.461187,relu,0.1282285209725976,26,0.09942560608945122,2,True,standard,0.0001314203503601024,COMPLETE
280,142.68280029296875,2026-01-03 03:11:09.008735,2026-01-03 03:11:35.512415,0 days 00:00:26.503680,relu,0.10713123862378574,29,0.06456280460789489,2,True,standard,9.581871015612047e-06,COMPLETE
281,141.5237274169922,2026-01-03 03:11:35.520415,2026-01-03 03:12:01.963108,0 days 00:00:26.442693,relu,0.1006783784367059,32,0.07906041991614232,2,True,standard,1.7897290319219147e-05,COMPLETE
282,140.34060668945312,2026-01-03 03:12:01.971108,2026-01-03 03:12:28.752308,0 days 00:00:26.781200,relu,0.10013018305914913,31,0.08209019006354032,2,True,standard,2.1401668987519932e-05,COMPLETE
283,169.518310546875,2026-01-03 03:12:28.761310,2026-01-03 03:12:55.476003,0 days 00:00:26.714693,relu,0.11792490681039428,31,0.08688976519273435,2,True,none,2.1041475637580463e-05,COMPLETE
284,140.66064453125,2026-01-03 03:12:55.485003,2026-01-03 03:13:22.058671,0 days 00:00:26.573668,relu,0.10003190330397414,30,0.08740231040700981,2,True,standard,1.7794305912751845e-05,COMPLETE
285,141.364990234375,2026-01-03 03:13:22.067673,2026-01-03 03:13:50.618924,0 days 00:00:28.551251,gelu,0.1020200585019015,30,0.09954396976343016,2,True,standard,1.80447883898216e-05,COMPLETE
286,213.61328125,2026-01-03 03:13:50.626926,2026-01-03 03:14:19.162388,0 days 00:00:28.535462,gelu,0.10013689507470722,27,0.00010107051048329288,2,True,standard,1.8104075666232508e-05,COMPLETE
287,178.0279083251953,2026-01-03 03:14:19.170388,2026-01-03 03:14:47.049106,0 days 00:00:27.878718,gelu,0.2172693776212165,9,0.09743189830729877,2,True,robust,2.759311241695888e-05,COMPLETE
288,153.34564208984375,2026-01-03 03:14:47.057108,2026-01-03 03:15:15.618335,0 days 00:00:28.561227,gelu,0.10112973472679634,28,0.08755073068003932,2,True,standard,2.219544331769166e-05,COMPLETE
289,144.3206787109375,2026-01-03 03:15:15.626335,2026-01-03 03:15:44.295567,0 days 00:00:28.669232,gelu,0.11533160413216612,30,0.09980393648283988,2,True,standard,2.4302577344696748e-05,COMPLETE
290,145.17837524414062,2026-01-03 03:15:44.303567,2026-01-03 03:16:12.841782,0 days 00:00:28.538215,gelu,0.10728411612923731,29,0.09959525227795883,2,True,standard,1.291735390014574e-05,COMPLETE
291,197.9077069769965,2026-01-03 03:16:12.849783,2026-01-03 03:16:40.818475,0 days 00:00:27.968692,gelu,0.12200689609959518,31,0.0009945060505523024,2,False,standard,1.7676361016266992e-05,COMPLETE
292,147.71548461914062,2026-01-03 03:16:40.826478,2026-01-03 03:17:08.374692,0 days 00:00:27.548214,mish,0.10082158437667246,29,0.08498568247692725,2,True,standard,1.708356772788297e-05,COMPLETE
293,173.34133911132812,2026-01-03 03:17:08.381692,2026-01-03 03:17:35.019408,0 days 00:00:26.637716,relu,0.11223911964523801,31,0.07690367550964972,2,True,minmax,1.5005454711504294e-05,COMPLETE
294,143.62460327148438,2026-01-03 03:17:35.026407,2026-01-03 03:18:01.584101,0 days 00:00:26.557694,relu,0.12786203175838606,28,0.0878318107199662,2,True,standard,2.2163623000120586e-05,COMPLETE
295,143.1580352783203,2026-01-03 03:18:01.593102,2026-01-03 03:18:28.180313,0 days 00:00:26.587211,relu,0.10028868925897602,27,0.07594217233235712,2,True,standard,9.303689917189813e-05,COMPLETE
296,185.8050079345703,2026-01-03 03:18:28.188313,2026-01-03 03:18:54.851015,0 days 00:00:26.662702,relu,0.11368087166563352,30,0.001664981554296268,2,True,standard,7.279193054149659e-05,COMPLETE
297,160.69528198242188,2026-01-03 03:18:54.859015,2026-01-03 03:19:21.470746,0 days 00:00:26.611731,relu,0.3272087205265485,32,0.09977634951338653,2,True,standard,2.2223018581271507e-06,COMPLETE
298,193.46852111816406,2026-01-03 03:19:21.479748,2026-01-03 03:19:47.534404,0 days 00:00:26.054656,relu,0.45088308216446366,15,0.08580737068097914,2,True,standard,6.0214357673112194e-05,COMPLETE
299,143.17616271972656,2026-01-03 03:19:47.542404,2026-01-03 03:20:14.173099,0 days 00:00:26.630695,relu,0.12066281773487124,29,0.07520674461422988,2,True,standard,1.9297921480164046e-05,COMPLETE
300,152.7652130126953,2026-01-03 03:20:14.181099,2026-01-03 03:20:40.792311,0 days 00:00:26.611212,relu,0.14609319555666944,26,0.08787122479372678,2,True,standard,4.933572040270017e-06,COMPLETE
301,142.1246337890625,2026-01-03 03:20:40.801314,2026-01-03 03:21:07.431031,0 days 00:00:26.629717,relu,0.1071071794479318,30,0.0719117122079947,2,True,standard,2.9610099644733324e-05,COMPLETE
302,160.710205078125,2026-01-03 03:21:07.438031,2026-01-03 03:21:34.189716,0 days 00:00:26.751685,silu,0.11427147920805557,31,0.08722027426112473,2,True,standard,0.00011143522384242351,COMPLETE
303,149.41693115234375,2026-01-03 03:21:34.197717,2026-01-03 03:21:58.201386,0 days 00:00:24.003669,relu,0.13057895384813953,28,0.09936777917074713,1,True,standard,8.424568636233108e-05,COMPLETE
304,142.29893493652344,2026-01-03 03:21:58.210387,2026-01-03 03:22:24.682077,0 days 00:00:26.471690,relu,0.10947585484710345,32,0.06019240506475212,2,True,standard,9.919953509630873e-05,COMPLETE
305,160.2979736328125,2026-01-03 03:22:24.689076,2026-01-03 03:22:53.246274,0 days 00:00:28.557198,gelu,0.11925135171955142,29,0.07976651802480701,2,True,standard,0.0001268414605011363,COMPLETE
306,143.36460876464844,2026-01-03 03:22:53.254274,2026-01-03 03:23:19.918457,0 days 00:00:26.664183,relu,0.10701915438183074,27,0.0872928764037578,2,True,standard,1.643297519930273e-05,COMPLETE
307,138.19509887695312,2026-01-03 03:23:19.926458,2026-01-03 03:23:46.632678,0 days 00:00:26.706220,relu,0.10086103363772314,30,0.0695268968316239,2,True,standard,0.00011526444321345191,COMPLETE
308,155.15037536621094,2026-01-03 03:23:46.640678,2026-01-03 03:24:13.224368,0 days 00:00:26.583690,relu,0.23726211776804806,28,0.05566262137421248,2,True,standard,0.00012106165519834513,COMPLETE
309,172.5886993408203,2026-01-03 03:24:13.233368,2026-01-03 03:24:39.982547,0 days 00:00:26.749179,relu,0.10021223484695928,31,0.06794396959594899,2,True,none,0.00014722374598144964,COMPLETE
310,143.0306396484375,2026-01-03 03:24:39.990552,2026-01-03 03:25:06.917331,0 days 00:00:26.926779,relu,0.10518298305446196,30,0.07192208830201904,2,True,standard,0.00011183309180514558,COMPLETE
311,198.11912306043837,2026-01-03 03:25:06.926334,2026-01-03 03:25:33.003039,0 days 00:00:26.076705,relu,0.10025511680594602,29,0.0009947518486369796,2,False,standard,9.670957467411819e-05,COMPLETE
312,144.09654235839844,2026-01-03 03:25:33.011039,2026-01-03 03:25:59.518249,0 days 00:00:26.507210,relu,0.11379874902977904,26,0.07737050572598499,2,True,standard,0.00013824844939448936,COMPLETE
313,152.1920623779297,2026-01-03 03:25:59.526249,2026-01-03 03:26:26.197962,0 days 00:00:26.671713,relu,0.10925848001768337,32,0.058863441441513877,2,True,robust,0.00011512932671201934,COMPLETE
314,143.1306610107422,2026-01-03 03:26:26.206962,2026-01-03 03:26:52.826654,0 days 00:00:26.619692,relu,0.12017990612856376,28,0.06260865612821309,2,True,standard,1.4394677872540496e-05,COMPLETE
315,150.8551025390625,2026-01-03 03:26:52.835655,2026-01-03 03:27:19.607852,0 days 00:00:26.772197,relu,0.20316783667457508,31,0.08366059931999846,2,True,standard,8.314408383655253e-05,COMPLETE
316,141.18252563476562,2026-01-03 03:27:19.617852,2026-01-03 03:27:46.391539,0 days 00:00:26.773687,relu,0.10062712093182813,30,0.07135624449297419,2,True,standard,0.00015653965669339346,COMPLETE
317,146.22842407226562,2026-01-03 03:27:46.401540,2026-01-03 03:28:13.131255,0 days 00:00:26.729715,relu,0.10000382520434063,32,0.06956000493490307,2,True,standard,0.0001397172984548963,COMPLETE
318,180.4781036376953,2026-01-03 03:28:13.139255,2026-01-03 03:28:41.036946,0 days 00:00:27.897691,mish,0.11210353758976399,30,0.07645733977975258,2,True,minmax,0.00015332852867130548,COMPLETE
319,142.67367553710938,2026-01-03 03:28:41.045953,2026-01-03 03:29:07.900670,0 days 00:00:26.854717,relu,0.12264109089081328,30,0.0997873910247312,2,True,standard,0.0001243758536605682,COMPLETE
320,141.185546875,2026-01-03 03:29:07.909670,2026-01-03 03:29:34.618380,0 days 00:00:26.708710,relu,0.10843494361529789,29,0.062288055220813474,2,True,standard,0.00018478025499342777,COMPLETE
321,142.72911071777344,2026-01-03 03:29:34.627383,2026-01-03 03:30:01.427070,0 days 00:00:26.799687,relu,0.11582554162205529,29,0.05892698363778242,2,True,standard,0.00017908994004573318,COMPLETE
322,180.46673583984375,2026-01-03 03:30:01.437071,2026-01-03 03:30:28.188251,0 days 00:00:26.751180,relu,0.49875739104117056,31,0.051587941831461336,2,True,standard,0.00018877850939517113,COMPLETE
323,199.54837036132812,2026-01-03 03:30:28.196251,2026-01-03 03:30:53.876955,0 days 00:00:25.680704,relu,0.10963764866678752,4,0.0659994318393455,2,True,standard,0.00015368543248636573,COMPLETE
324,145.2703094482422,2026-01-03 03:30:53.884955,2026-01-03 03:31:20.460137,0 days 00:00:26.575182,relu,0.12174283924477998,28,0.06332717687437653,2,True,standard,0.00010502960923129337,COMPLETE
325,142.54501342773438,2026-01-03 03:31:20.469136,2026-01-03 03:31:47.031843,0 days 00:00:26.562707,relu,0.11313776952209818,32,0.05263757104162036,2,True,standard,0.00021270985219510956,COMPLETE
326,146.8604736328125,2026-01-03 03:31:47.039843,2026-01-03 03:32:13.704516,0 days 00:00:26.664673,relu,0.1269655137318997,29,0.07367476836828232,2,True,standard,0.00016227780777286238,COMPLETE
327,142.64779663085938,2026-01-03 03:32:13.712517,2026-01-03 03:32:40.473708,0 days 00:00:26.761191,relu,0.10784723733786783,29,0.0857075435423236,2,True,standard,0.00013049669083421798,COMPLETE
328,143.0633544921875,2026-01-03 03:32:40.481708,2026-01-03 03:33:07.138943,0 days 00:00:26.657235,relu,0.11660086990350473,27,0.07047365185550893,2,True,standard,9.393293702805455e-05,COMPLETE
329,141.06979370117188,2026-01-03 03:33:07.146942,2026-01-03 03:33:33.934665,0 days 00:00:26.787723,relu,0.10549475021507673,31,0.0791977670643354,2,True,standard,0.00016686953992056227,COMPLETE
330,176.89842224121094,2026-01-03 03:33:33.942665,2026-01-03 03:33:59.720852,0 days 00:00:25.778187,relu,0.10710906801862442,6,0.06091943481476079,2,True,standard,0.0001740221807541965,COMPLETE
331,198.22532565646702,2026-01-03 03:33:59.728849,2026-01-03 03:34:25.644549,0 days 00:00:25.915700,relu,0.10698041278478719,32,0.0009942655637626158,2,False,standard,0.00018475573146167377,COMPLETE
332,139.22943115234375,2026-01-03 03:34:25.662549,2026-01-03 03:34:52.508220,0 days 00:00:26.845671,relu,0.10666852912473117,30,0.07631721420327892,2,True,standard,0.00019940341740848965,COMPLETE
333,144.95713806152344,2026-01-03 03:34:52.516220,2026-01-03 03:35:19.182407,0 days 00:00:26.666187,relu,0.1002625497943979,27,0.07870070463082342,2,True,standard,0.00021255046629378097,COMPLETE
334,173.6854248046875,2026-01-03 03:35:19.191409,2026-01-03 03:35:45.390611,0 days 00:00:26.199202,relu,0.11539567207109416,18,0.07772630944889689,2,True,none,0.00019953290371846035,COMPLETE
335,144.7105255126953,2026-01-03 03:35:45.399614,2026-01-03 03:36:12.128331,0 days 00:00:26.728717,relu,0.11322147530924156,29,0.06836077675403461,2,True,standard,0.0001652413362462078,COMPLETE
336,163.8791046142578,2026-01-03 03:36:12.138335,2026-01-03 03:36:38.950012,0 days 00:00:26.811677,silu,0.10827454956796874,28,0.08726311523587768,2,True,standard,0.00014934817774420729,COMPLETE
337,176.72427368164062,2026-01-03 03:36:38.958012,2026-01-03 03:37:05.722695,0 days 00:00:26.764683,relu,0.12581918625449826,30,0.00536992251262472,2,True,standard,0.00020061905025335784,COMPLETE
338,168.8675079345703,2026-01-03 03:37:05.730694,2026-01-03 03:37:32.537404,0 days 00:00:26.806710,relu,0.34846361637138556,30,0.08579652056918281,2,True,standard,7.517977797126166e-05,COMPLETE
339,153.87515258789062,2026-01-03 03:37:32.545407,2026-01-03 03:37:59.049596,0 days 00:00:26.504189,relu,0.10014386519671187,26,0.07140933583081129,2,True,robust,1.0909865582189688e-05,COMPLETE
340,145.78689575195312,2026-01-03 03:37:59.056596,2026-01-03 03:38:25.704334,0 days 00:00:26.647738,relu,0.11736817461572019,28,0.07900209669583991,2,True,standard,0.00016918248582785164,COMPLETE
341,198.12950134277344,2026-01-03 03:38:25.712334,2026-01-03 03:38:52.582040,0 days 00:00:26.869706,relu,0.4144457296924435,31,0.00263632678838443,2,True,standard,0.0002193950918474674,COMPLETE
342,149.42332458496094,2026-01-03 03:38:52.590044,2026-01-03 03:39:19.324251,0 days 00:00:26.734207,relu,0.1080505481604986,29,0.08752922559734294,2,True,standard,0.0001402772747589418,COMPLETE
343,172.16476440429688,2026-01-03 03:39:19.332251,2026-01-03 03:39:43.348435,0 days 00:00:24.016184,relu,0.12112958920188514,30,0.0999126933566723,1,True,minmax,6.500066887726893e-05,COMPLETE
344,147.23068237304688,2026-01-03 03:39:43.356436,2026-01-03 03:40:10.028628,0 days 00:00:26.672192,relu,0.10020810029333067,27,0.06943622048837012,2,True,standard,0.00016126150115075327,COMPLETE
345,143.64358520507812,2026-01-03 03:40:10.036627,2026-01-03 03:40:36.851318,0 days 00:00:26.814691,relu,0.11337211750412939,31,0.057594426609439,2,True,standard,0.0001216441422771392,COMPLETE
346,144.6957244873047,2026-01-03 03:40:36.860320,2026-01-03 03:41:03.443029,0 days 00:00:26.582709,relu,0.13888772715924802,28,0.07858144117499137,2,True,standard,0.00019349957290346615,COMPLETE
347,151.1747589111328,2026-01-03 03:41:03.450032,2026-01-03 03:41:30.911210,0 days 00:00:27.461178,mish,0.1307479914756169,29,0.0882657789994498,2,True,standard,8.903351363816813e-05,COMPLETE
348,148.5663299560547,2026-01-03 03:41:30.919207,2026-01-03 03:41:57.478929,0 days 00:00:26.559722,relu,0.10801547809865952,26,0.06912168119829629,2,True,standard,0.00010289217643578488,COMPLETE
349,142.7686309814453,2026-01-03 03:41:57.486929,2026-01-03 03:42:24.374617,0 days 00:00:26.887688,relu,0.11728065038941132,31,0.08705983280833289,2,True,standard,2.3238481796306742e-05,COMPLETE
350,144.01205444335938,2026-01-03 03:42:24.383620,2026-01-03 03:42:51.035824,0 days 00:00:26.652204,relu,0.10877039826537079,28,0.07918777940709287,2,True,standard,0.0001416911842883061,COMPLETE
351,198.15018507215711,2026-01-03 03:42:51.044827,2026-01-03 03:43:17.039556,0 days 00:00:25.994729,relu,0.12474116211499574,30,0.000994170223541526,2,False,standard,7.444303883487422e-05,COMPLETE
352,149.9172821044922,2026-01-03 03:43:17.048555,2026-01-03 03:43:43.865261,0 days 00:00:26.816706,relu,0.10758124650632957,32,0.0636622161093549,2,True,standard,0.00017989025741557994,COMPLETE
353,146.62062072753906,2026-01-03 03:43:43.874260,2026-01-03 03:44:10.691439,0 days 00:00:26.817179,relu,0.115698744703784,27,0.05346445512087336,2,True,standard,1.9852618450583818e-05,COMPLETE
354,142.40087890625,2026-01-03 03:44:10.699440,2026-01-03 03:44:37.239160,0 days 00:00:26.539720,relu,0.10011505444564321,30,0.09927871057855124,2,True,standard,0.00012184201649111617,COMPLETE
355,142.30918884277344,2026-01-03 03:44:37.247160,2026-01-03 03:45:03.886339,0 days 00:00:26.639179,relu,0.12849759159399582,29,0.07678243382589693,2,True,standard,0.0001417543025030971,COMPLETE
356,142.3472900390625,2026-01-03 03:45:03.894339,2026-01-03 03:45:30.519536,0 days 00:00:26.625197,relu,0.11360524902176848,31,0.08817738994987281,2,True,standard,0.00022194639309918208,COMPLETE
357,152.97447204589844,2026-01-03 03:45:30.528536,2026-01-03 03:45:57.467244,0 days 00:00:26.938708,silu,0.12245935051650544,29,0.09989604025115961,2,True,standard,2.7844243782184292e-05,COMPLETE
358,144.42364501953125,2026-01-03 03:45:57.475761,2026-01-03 03:46:24.286427,0 days 00:00:26.810666,relu,0.10768946430614774,27,0.0668360420232056,2,True,standard,0.00010539318082923239,COMPLETE
359,172.78466796875,2026-01-03 03:46:24.295428,2026-01-03 03:46:50.891107,0 days 00:00:26.595679,relu,0.10609722745109099,26,0.07948521355010284,2,True,none,8.788282952595346e-05,COMPLETE
360,155.67916870117188,2026-01-03 03:46:50.901110,2026-01-03 03:47:17.475840,0 days 00:00:26.574730,relu,0.27590374940229423,32,0.08813417606671209,2,True,standard,0.00017117879232719817,COMPLETE
361,140.61892700195312,2026-01-03 03:47:17.483840,2026-01-03 03:47:43.988539,0 days 00:00:26.504699,relu,0.11658260633792393,28,0.07184268868491929,2,True,standard,0.00013345265516585735,COMPLETE
362,186.17318725585938,2026-01-03 03:47:43.996539,2026-01-03 03:48:10.031016,0 days 00:00:26.034477,relu,0.13675119331887342,7,0.07214919320326163,2,True,robust,1.1868389029117082e-06,COMPLETE
363,163.96017456054688,2026-01-03 03:48:10.041017,2026-01-03 03:48:36.720701,0 days 00:00:26.679684,relu,0.3058479925914741,28,0.08810073297066122,2,True,standard,0.00011609193605521863,COMPLETE
364,142.0175323486328,2026-01-03 03:48:36.730700,2026-01-03 03:49:03.482392,0 days 00:00:26.751692,relu,0.12019663940509145,30,0.0771840839477415,2,True,standard,0.00012594192511189046,COMPLETE
365,144.9137725830078,2026-01-03 03:49:03.490391,2026-01-03 03:49:30.367557,0 days 00:00:26.877166,relu,0.12957777096332687,31,0.08871437908562588,2,True,standard,9.409155989367319e-05,COMPLETE
366,143.16970825195312,2026-01-03 03:49:30.376557,2026-01-03 03:49:57.027294,0 days 00:00:26.650737,relu,0.1170783291479065,28,0.0719780282380876,2,True,standard,0.00013746396275506872,COMPLETE
367,196.84286499023438,2026-01-03 03:49:57.035293,2026-01-03 03:50:23.727998,0 days 00:00:26.692705,relu,0.10036855137948338,25,0.017973601119736195,2,True,minmax,0.0001076196101060317,COMPLETE
368,145.34579467773438,2026-01-03 03:50:23.736000,2026-01-03 03:50:50.526186,0 days 00:00:26.790186,relu,0.1130299901048311,30,0.057474828901201626,2,True,standard,6.758446303778862e-05,COMPLETE
369,140.60150146484375,2026-01-03 03:50:50.534186,2026-01-03 03:51:17.276868,0 days 00:00:26.742682,relu,0.12183397386210665,32,0.09997999061298715,2,True,standard,8.041761477429405e-05,COMPLETE
370,198.00585469563802,2026-01-03 03:51:17.284868,2026-01-03 03:51:43.168051,0 days 00:00:25.883183,relu,0.1424434909903616,32,0.0009944272548583614,2,False,standard,8.220054134888864e-05,COMPLETE
371,144.89454650878906,2026-01-03 03:51:43.175053,2026-01-03 03:52:10.800267,0 days 00:00:27.625214,mish,0.13332588925186153,32,0.0993423679580305,2,True,standard,5.512778241593136e-05,COMPLETE
372,178.53640747070312,2026-01-03 03:52:10.809266,2026-01-03 03:52:37.500956,0 days 00:00:26.691690,relu,0.48782289066483836,31,0.08737663014324887,2,True,standard,7.415353456642768e-05,COMPLETE
373,142.34828186035156,2026-01-03 03:52:37.508960,2026-01-03 03:53:04.126662,0 days 00:00:26.617702,relu,0.12620661688938326,27,0.08919139772131507,2,True,standard,9.737180257319165e-05,COMPLETE
374,142.96463012695312,2026-01-03 03:53:04.134663,2026-01-03 03:53:30.780849,0 days 00:00:26.646186,relu,0.12264309223980181,29,0.09823998412767518,2,True,standard,8.062462943644983e-05,COMPLETE
375,142.9769287109375,2026-01-03 03:53:30.788849,2026-01-03 03:53:57.518570,0 days 00:00:26.729721,relu,0.11846127202264936,28,0.09950124702632603,2,True,standard,0.00011157508013840373,COMPLETE
376,173.13363647460938,2026-01-03 03:53:57.526571,2026-01-03 03:54:24.158287,0 days 00:00:26.631716,relu,0.3719180334765045,31,0.07959390422849368,2,True,standard,1.3654376950806803e-05,COMPLETE
377,144.08657836914062,2026-01-03 03:54:24.205283,2026-01-03 03:54:50.890475,0 days 00:00:26.685192,relu,0.12924961319348524,26,0.0800680915135031,2,True,standard,9.135135730843731e-05,COMPLETE
378,189.9493865966797,2026-01-03 03:54:50.899476,2026-01-03 03:55:17.642186,0 days 00:00:26.742710,relu,0.11433405214655366,30,0.001324585300195019,2,True,standard,6.007347192929278e-05,COMPLETE
379,141.99664306640625,2026-01-03 03:55:17.651189,2026-01-03 03:55:44.272871,0 days 00:00:26.621682,relu,0.1239531872514725,32,0.08738782026386299,2,True,standard,1.6552061572502207e-05,COMPLETE
380,143.53271484375,2026-01-03 03:55:44.280871,2026-01-03 03:56:10.939044,0 days 00:00:26.658173,relu,0.11351843152295352,29,0.07811336227099583,2,True,standard,6.679319291545096e-05,COMPLETE
381,148.23098754882812,2026-01-03 03:56:10.948043,2026-01-03 03:56:34.981724,0 days 00:00:24.033681,relu,0.10774822022547942,30,0.09927416981550946,1,True,standard,2.0600313088219747e-05,COMPLETE
382,163.14524841308594,2026-01-03 03:56:34.988724,2026-01-03 03:57:01.741458,0 days 00:00:26.752734,silu,0.13725495124894974,28,0.06817752098036793,2,True,standard,8.026599474601754e-05,COMPLETE
383,138.29159545898438,2026-01-03 03:57:01.750460,2026-01-03 03:57:28.370628,0 days 00:00:26.620168,relu,0.11920494831902574,32,0.08759404592571997,2,True,standard,0.00010159117779170854,COMPLETE
384,172.81497192382812,2026-01-03 03:57:28.378628,2026-01-03 03:57:55.151308,0 days 00:00:26.772680,relu,0.13116863010860952,32,0.08917170296630389,2,True,none,9.575640194125511e-05,COMPLETE
385,142.96510314941406,2026-01-03 03:57:55.159308,2026-01-03 03:58:21.893031,0 days 00:00:26.733723,relu,0.12202584238492067,29,0.08877697624271653,2,True,standard,0.00010563365510622038,COMPLETE
386,143.09388732910156,2026-01-03 03:58:21.900031,2026-01-03 03:58:48.581234,0 days 00:00:26.681203,relu,0.145527276842247,32,0.06441270710703212,2,True,standard,8.507187692393042e-05,COMPLETE
387,140.7230987548828,2026-01-03 03:58:48.589235,2026-01-03 03:59:15.194927,0 days 00:00:26.605692,relu,0.1187069898490883,27,0.09873211455817715,2,True,standard,0.0001167465277094229,COMPLETE
388,146.89730834960938,2026-01-03 03:59:15.202927,2026-01-03 03:59:41.731114,0 days 00:00:26.528187,relu,0.11824990601507362,26,0.09995071061781731,2,True,robust,0.0001286315003764412,COMPLETE
389,196.68130493164062,2026-01-03 03:59:41.739117,2026-01-03 04:00:08.363301,0 days 00:00:26.624184,relu,0.11579042311414522,24,0.0006409740964821759,2,True,standard,0.00011061068169469309,COMPLETE
390,141.1422576904297,2026-01-03 04:00:08.371298,2026-01-03 04:00:34.920993,0 days 00:00:26.549695,relu,0.12520060827823415,28,0.09999197541144354,2,True,standard,0.0001294407099036239,COMPLETE
391,198.1576616075304,2026-01-03 04:00:34.929993,2026-01-03 04:01:00.782185,0 days 00:00:25.852192,relu,0.11003844435245269,27,0.0009946569188659044,2,False,standard,9.992428071845075e-05,COMPLETE
392,172.7356719970703,2026-01-03 04:01:00.791185,2026-01-03 04:01:27.471376,0 days 00:00:26.680191,relu,0.11431090776113499,26,0.07639643705470704,2,True,minmax,0.00010995111065456509,COMPLETE
393,141.17703247070312,2026-01-03 04:01:27.480378,2026-01-03 04:01:54.024070,0 days 00:00:26.543692,relu,0.10774934602304911,27,0.08657998837214921,2,True,standard,0.00012626097280217876,COMPLETE
394,144.0168914794922,2026-01-03 04:01:54.032070,2026-01-03 04:02:20.633291,0 days 00:00:26.601221,relu,0.1223482701035437,28,0.07569478362135985,2,True,standard,2.4182023521055336e-05,COMPLETE
395,150.32615661621094,2026-01-03 04:02:20.642293,2026-01-03 04:02:48.032003,0 days 00:00:27.389710,mish,0.11359710440531245,27,0.09982837952187347,2,True,standard,0.00011877844965283953,COMPLETE
396,145.6965789794922,2026-01-03 04:02:48.040003,2026-01-03 04:03:14.745703,0 days 00:00:26.705700,relu,0.10007322808065487,29,0.08548289714659459,2,True,standard,9.451390361411448e-05,COMPLETE
397,163.39105224609375,2026-01-03 04:03:14.753703,2026-01-03 04:03:41.027886,0 days 00:00:26.274183,relu,0.1302206499102411,14,0.06716232303054874,2,True,standard,3.2998054413454135e-05,COMPLETE
398,147.9536895751953,2026-01-03 04:03:41.035886,2026-01-03 04:04:07.532614,0 days 00:00:26.496728,relu,0.12045766863670214,25,0.07957704974690359,2,True,standard,0.0001417186333845192,COMPLETE
399,171.31326293945312,2026-01-03 04:04:07.540619,2026-01-03 04:04:34.195797,0 days 00:00:26.655178,relu,0.10741484448299393,30,0.0087947230390536,2,True,standard,0.00011789430071270694,COMPLETE
400,145.58680725097656,2026-01-03 04:04:34.204795,2026-01-03 04:05:00.835997,0 days 00:00:26.631202,relu,0.1521072297511923,28,0.0887001516463504,2,True,standard,0.00015143790893198795,COMPLETE
401,146.13632202148438,2026-01-03 04:05:00.843997,2026-01-03 04:05:27.572692,0 days 00:00:26.728695,relu,0.10792972990017656,30,0.061926057816942076,2,True,standard,9.757757744097946e-05,COMPLETE
402,172.49429321289062,2026-01-03 04:05:27.580692,2026-01-03 04:05:53.736435,0 days 00:00:26.155743,relu,0.11853941910389543,9,0.05026831101841126,2,True,standard,8.599304399696653e-05,COMPLETE
403,138.3571014404297,2026-01-03 04:05:53.744435,2026-01-03 04:06:20.494638,0 days 00:00:26.750203,relu,0.10021785604235242,29,0.09993191397828555,2,True,standard,1.1441079473998576e-05,COMPLETE
404,140.56802368164062,2026-01-03 04:06:20.503636,2026-01-03 04:06:47.197814,0 days 00:00:26.694178,relu,0.10006169534113009,29,0.09959123912594331,2,True,standard,8.429559066887504e-06,COMPLETE
405,142.22470092773438,2026-01-03 04:06:47.205814,2026-01-03 04:07:13.916543,0 days 00:00:26.710729,relu,0.1000830278822242,29,0.0996744689690485,2,True,standard,7.576411482707304e-06,COMPLETE
406,169.5513153076172,2026-01-03 04:07:13.924543,2026-01-03 04:07:40.107728,0 days 00:00:26.183185,silu,0.10713292411147116,12,0.0890826290957762,2,True,standard,9.496533018752283e-06,COMPLETE
407,144.5303192138672,2026-01-03 04:07:40.116731,2026-01-03 04:08:06.754412,0 days 00:00:26.637681,relu,0.10080797557844731,25,0.09987050632810884,2,True,standard,1.5260990822050064e-05,COMPLETE
408,145.4764404296875,2026-01-03 04:08:06.762412,2026-01-03 04:08:33.386643,0 days 00:00:26.624231,relu,0.11188825423240863,27,0.07241969727392253,2,True,standard,5.425931781727882e-06,COMPLETE
409,144.18350219726562,2026-01-03 04:08:33.394643,2026-01-03 04:09:00.178826,0 days 00:00:26.784183,relu,0.10801110441976383,29,0.07912973591574395,2,True,standard,6.909482565207735e-06,COMPLETE
410,199.16627678765192,2026-01-03 04:09:00.187827,2026-01-03 04:09:26.221524,0 days 00:00:26.033697,relu,0.253563457869732,30,0.0009945899529273234,2,False,standard,1.1000320471578031e-05,COMPLETE
411,172.2958984375,2026-01-03 04:09:26.229524,2026-01-03 04:09:52.861206,0 days 00:00:26.631682,relu,0.11376833199934976,26,0.08694093165212988,2,True,none,6.8696083950315786e-06,COMPLETE
412,165.8950653076172,2026-01-03 04:09:52.870208,2026-01-03 04:10:18.772870,0 days 00:00:25.902662,relu,0.10815493543243683,10,0.09897837797967354,2,True,standard,1.3856335765034558e-05,COMPLETE
413,151.36874389648438,2026-01-03 04:10:18.780870,2026-01-03 04:10:45.372567,0 days 00:00:26.591697,relu,0.10083301433503916,28,0.07267707105960915,2,True,robust,1.2596596365679463e-05,COMPLETE
414,196.966064453125,2026-01-03 04:10:45.380567,2026-01-03 04:11:12.228282,0 days 00:00:26.847715,relu,0.1164305061270668,31,0.00024178599946692917,2,True,standard,8.697977494512218e-06,COMPLETE
415,153.01925659179688,2026-01-03 04:11:12.236281,2026-01-03 04:11:38.831470,0 days 00:00:26.595189,relu,0.18898399156999124,27,0.0995045116253224,2,True,standard,9.632853002348653e-06,COMPLETE
416,140.27993774414062,2026-01-03 04:11:38.840471,2026-01-03 04:12:05.566645,0 days 00:00:26.726174,relu,0.10714864384116697,29,0.08056168519405679,2,True,standard,1.8746605217061467e-05,COMPLETE
417,143.39968872070312,2026-01-03 04:12:05.574645,2026-01-03 04:12:32.498352,0 days 00:00:26.923707,relu,0.10087988708957717,30,0.08233288393290572,2,True,standard,7.963317172733388e-06,COMPLETE
418,171.35208129882812,2026-01-03 04:12:32.507352,2026-01-03 04:12:59.201550,0 days 00:00:26.694198,relu,0.10019866383036591,32,0.08607817675641573,2,True,minmax,1.5755619764350606e-05,COMPLETE
419,143.32302856445312,2026-01-03 04:12:59.210550,2026-01-03 04:13:25.993278,0 days 00:00:26.782728,relu,0.10821286964819868,29,0.07755059358993323,2,True,standard,3.027926151104862e-06,COMPLETE
420,140.69349670410156,2026-01-03 04:13:26.003280,2026-01-03 04:13:52.807001,0 days 00:00:26.803721,relu,0.10004427532056477,28,0.0999802674277529,2,True,standard,1.7245296785764914e-05,COMPLETE
421,152.5552520751953,2026-01-03 04:13:52.814999,2026-01-03 04:14:20.563190,0 days 00:00:27.748191,mish,0.10046047597486565,30,0.08795696497105158,2,True,standard,1.7322610522119802e-05,COMPLETE
422,171.86080932617188,2026-01-03 04:14:20.571190,2026-01-03 04:14:46.858375,0 days 00:00:26.287185,relu,0.28892148126231776,20,0.07741188774371366,2,True,standard,1.2800095122231043e-05,COMPLETE
423,154.36239624023438,2026-01-03 04:14:46.866373,2026-01-03 04:15:11.036047,0 days 00:00:24.169674,relu,0.1081491665589688,31,0.06331585872988044,1,True,standard,6.078867397649353e-06,COMPLETE
424,141.1497039794922,2026-01-03 04:15:11.046049,2026-01-03 04:15:37.689776,0 days 00:00:26.643727,relu,0.1083988398752878,28,0.08891085056787246,2,True,standard,1.895943662795754e-05,COMPLETE
425,145.93099975585938,2026-01-03 04:15:37.698778,2026-01-03 04:16:04.536501,0 days 00:00:26.837723,relu,0.1771368822631622,32,0.07139693171595726,2,True,standard,1.1167166220260488e-05,COMPLETE
426,142.6247100830078,2026-01-03 04:16:04.544504,2026-01-03 04:16:31.343234,0 days 00:00:26.798730,relu,0.11248050080318488,29,0.08804874322166617,2,True,standard,1.1461494175796622e-05,COMPLETE
427,141.2318878173828,2026-01-03 04:16:31.351232,2026-01-03 04:16:58.161892,0 days 00:00:26.810660,relu,0.10721251313973935,30,0.0997074020957328,2,True,standard,1.8254672775699986e-05,COMPLETE
428,141.1908416748047,2026-01-03 04:16:58.170895,2026-01-03 04:17:24.635574,0 days 00:00:26.464679,relu,0.11388457597554125,28,0.09994425254552922,2,True,standard,1.6770533530523306e-05,COMPLETE
429,143.65069580078125,2026-01-03 04:17:24.643572,2026-01-03 04:17:51.444286,0 days 00:00:26.800714,relu,0.10671883948685781,31,0.07485558234751806,2,True,standard,2.085971266423958e-05,COMPLETE
430,198.62243455674917,2026-01-03 04:17:51.454289,2026-01-03 04:18:17.157980,0 days 00:00:25.703691,relu,0.12223418579600745,24,0.0009945894578149168,2,False,standard,9.292767633728785e-06,COMPLETE
431,169.36544799804688,2026-01-03 04:18:17.165980,2026-01-03 04:18:43.940690,0 days 00:00:26.774710,silu,0.10646733731638519,26,0.05592559414967522,2,True,standard,1.5400697739585024e-05,COMPLETE
432,144.43856811523438,2026-01-03 04:18:43.948690,2026-01-03 04:19:10.684865,0 days 00:00:26.736175,relu,0.10038019053731329,29,0.08453754856470737,2,True,standard,2.5710216696750648e-05,COMPLETE
433,148.52711486816406,2026-01-03 04:19:10.693867,2026-01-03 04:19:37.465045,0 days 00:00:26.771178,relu,0.10044080493325794,32,0.0643464947352699,2,True,standard,0.00021151130503584652,COMPLETE
434,140.48606872558594,2026-01-03 04:19:37.473048,2026-01-03 04:20:04.314738,0 days 00:00:26.841690,relu,0.10016277403779361,30,0.08016913566470682,2,True,standard,1.0110071805373769e-05,COMPLETE
435,170.3557586669922,2026-01-03 04:20:04.322738,2026-01-03 04:20:31.064898,0 days 00:00:26.742160,relu,0.10034042694747569,28,0.0689706325574105,2,True,none,8.28559854821568e-06,COMPLETE
436,141.88681030273438,2026-01-03 04:20:31.073905,2026-01-03 04:20:57.931588,0 days 00:00:26.857683,relu,0.11318002263292569,30,0.07921951908383452,2,True,standard,9.46518222331803e-06,COMPLETE
437,143.81381225585938,2026-01-03 04:20:57.939589,2026-01-03 04:21:24.784287,0 days 00:00:26.844698,relu,0.10023410152633647,29,0.061025398540447126,2,True,standard,1.1033937680790687e-05,COMPLETE
438,142.4020538330078,2026-01-03 04:21:24.793290,2026-01-03 04:21:51.425479,0 days 00:00:26.632189,relu,0.10844330895677706,27,0.07927554045516488,2,True,standard,1.0404479811292034e-05,COMPLETE
439,149.9769744873047,2026-01-03 04:21:51.434480,2026-01-03 04:22:18.104655,0 days 00:00:26.670175,relu,0.11171085783379908,29,0.07091752193311691,2,True,robust,1.3261870871465828e-05,COMPLETE
440,201.00332641601562,2026-01-03 04:22:18.112659,2026-01-03 04:22:44.214342,0 days 00:00:26.101683,relu,0.1066575685123908,5,0.004695320450793003,2,True,standard,8.668082621668058e-06,COMPLETE
441,138.17880249023438,2026-01-03 04:22:44.222341,2026-01-03 04:23:10.923015,0 days 00:00:26.700674,relu,0.10027722537815363,31,0.08699393859612603,2,True,standard,7.968659688367374e-06,COMPLETE
442,164.44290161132812,2026-01-03 04:23:10.932019,2026-01-03 04:23:37.216226,0 days 00:00:26.284207,relu,0.11708798349313115,13,0.06000380107729976,2,True,standard,7.560601349013044e-06,COMPLETE
443,161.3136444091797,2026-01-03 04:23:37.224226,2026-01-03 04:24:04.833926,0 days 00:00:27.609700,mish,0.1134992300102344,32,0.04782784377282054,2,True,standard,7.790295776859041e-06,COMPLETE
444,141.43382263183594,2026-01-03 04:24:04.842928,2026-01-03 04:24:31.533626,0 days 00:00:26.690698,relu,0.10706740880211615,31,0.07897545715758814,2,True,standard,1.0243767309177945e-05,COMPLETE
445,172.6730194091797,2026-01-03 04:24:31.541625,2026-01-03 04:24:58.351313,0 days 00:00:26.809688,relu,0.10015589040835207,30,0.07005507036841166,2,True,minmax,6.7220090174155605e-06,COMPLETE
446,140.41831970214844,2026-01-03 04:24:58.360313,2026-01-03 04:25:25.158031,0 days 00:00:26.797718,relu,0.12569535951449534,31,0.08622291610800543,2,True,standard,5.659118490860037e-06,COMPLETE
447,148.2760467529297,2026-01-03 04:25:25.167031,2026-01-03 04:25:51.905741,0 days 00:00:26.738710,relu,0.12785107029168927,32,0.055622341496243836,2,True,standard,5.753780664809222e-06,COMPLETE
448,143.9107666015625,2026-01-03 04:25:51.914744,2026-01-03 04:26:18.552942,0 days 00:00:26.638198,relu,0.12325579551827101,31,0.08512393757541735,2,True,standard,5.1830164544845875e-06,COMPLETE
449,198.28773878309465,2026-01-03 04:26:18.560944,2026-01-03 04:26:46.244648,0 days 00:00:27.683704,gelu,0.13872800189563017,32,0.0009945459827123825,2,False,standard,8.599295190202314e-06,COMPLETE
450,146.36758422851562,2026-01-03 04:26:46.253645,2026-01-03 04:27:12.935840,0 days 00:00:26.682195,relu,0.12726721059074791,30,0.06929104396665553,2,True,standard,0.00023692505714870596,COMPLETE
451,143.3459930419922,2026-01-03 04:27:12.943839,2026-01-03 04:27:39.738043,0 days 00:00:26.794204,relu,0.11810955712147761,31,0.08731406769800362,2,True,standard,6.380530229246082e-06,COMPLETE
452,181.8946075439453,2026-01-03 04:27:39.747044,2026-01-03 04:28:06.363724,0 days 00:00:26.616680,relu,0.11581566759368991,29,0.0025861482049786256,2,True,standard,3.60085343427809e-06,COMPLETE
453,143.36080932617188,2026-01-03 04:28:06.372724,2026-01-03 04:28:33.380456,0 days 00:00:27.007732,relu,0.13143059689653935,31,0.07760193402770174,2,True,standard,7.660842785962606e-06,COMPLETE
454,149.23190307617188,2026-01-03 04:28:33.389456,2026-01-03 04:29:00.158110,0 days 00:00:26.768654,relu,0.11982340412298914,23,0.06497060551734694,2,True,standard,6.00531276423907e-06,COMPLETE
455,143.3906707763672,2026-01-03 04:29:00.166110,2026-01-03 04:29:26.948844,0 days 00:00:26.782734,relu,0.1115142638581949,28,0.0880849638478347,2,True,standard,0.00019927537380181248,COMPLETE
456,172.17886352539062,2026-01-03 04:29:26.956843,2026-01-03 04:29:52.948237,0 days 00:00:25.991394,silu,0.12527133052082967,6,0.07662285517059797,2,True,standard,8.948192871302792e-06,COMPLETE
457,141.96554565429688,2026-01-03 04:29:52.957238,2026-01-03 04:30:19.824901,0 days 00:00:26.867663,relu,0.11178019859815774,30,0.08669504652867735,2,True,standard,1.0557871162637705e-05,COMPLETE
458,141.76351928710938,2026-01-03 04:30:19.833904,2026-01-03 04:30:46.610621,0 days 00:00:26.776717,relu,0.10792291392926684,32,0.06820827059326522,2,True,standard,0.00015529607730260266,COMPLETE
459,173.50608825683594,2026-01-03 04:30:46.618620,2026-01-03 04:31:13.242314,0 days 00:00:26.623694,relu,0.12064187644225174,29,0.08795167689655861,2,True,none,4.813969567557973e-06,COMPLETE
460,151.2990264892578,2026-01-03 04:31:13.250314,2026-01-03 04:31:39.824994,0 days 00:00:26.574680,relu,0.113103256842804,30,0.05697725397596791,2,True,standard,3.934009851033158e-06,COMPLETE
461,144.3891143798828,2026-01-03 04:31:39.832994,2026-01-03 04:32:06.455691,0 days 00:00:26.622697,relu,0.10718778659814965,27,0.07772316785865448,2,True,standard,4.455291033282013e-06,COMPLETE
462,143.51773071289062,2026-01-03 04:32:06.463692,2026-01-03 04:32:33.471438,0 days 00:00:27.007746,relu,0.13615724889693084,31,0.09943837237993655,2,True,standard,0.0002613555520034219,COMPLETE
463,145.1379852294922,2026-01-03 04:32:33.480437,2026-01-03 04:33:00.081097,0 days 00:00:26.600660,relu,0.12007144831941942,28,0.07361885108616868,2,True,standard,6.58456848721474e-06,COMPLETE
464,146.99197387695312,2026-01-03 04:33:00.089097,2026-01-03 04:33:26.824395,0 days 00:00:26.735298,relu,0.12682797774236962,30,0.08856056447707135,2,True,robust,0.00017997019833340913,COMPLETE
465,168.39505004882812,2026-01-03 04:33:26.832393,2026-01-03 04:33:53.636658,0 days 00:00:26.804265,relu,0.24197823254728312,32,0.022323449788417875,2,True,standard,0.00014016350832320417,COMPLETE
466,149.01951599121094,2026-01-03 04:33:53.644661,2026-01-03 04:34:20.110914,0 days 00:00:26.466253,relu,0.10678170179169764,26,0.06412556443369362,2,True,standard,1.2678804715029331e-05,COMPLETE
467,145.3267364501953,2026-01-03 04:34:20.117915,2026-01-03 04:34:46.848209,0 days 00:00:26.730294,relu,0.11456579642226801,29,0.07922091004226373,2,True,standard,0.0002161097732653578,COMPLETE
468,197.70810431586375,2026-01-03 04:34:46.857209,2026-01-03 04:35:10.300326,0 days 00:00:23.443117,relu,0.10016908204159941,27,0.0009947007279214283,1,False,minmax,7.413343933097066e-06,COMPLETE
469,143.4650421142578,2026-01-03 04:35:10.307327,2026-01-03 04:35:37.005576,0 days 00:00:26.698249,relu,0.1140237836305786,31,0.08936274340943619,2,True,standard,1.1870902335157167e-05,COMPLETE
470,155.65438842773438,2026-01-03 04:35:37.014577,2026-01-03 04:36:04.604925,0 days 00:00:27.590348,mish,0.10806436245452637,29,0.09944938923345698,2,True,standard,0.00016434595070086898,COMPLETE
471,143.572509765625,2026-01-03 04:36:04.613926,2026-01-03 04:36:31.391188,0 days 00:00:26.777262,relu,0.1230140993270307,30,0.0718757066188344,2,True,standard,0.00010095695509334694,COMPLETE
472,146.5529022216797,2026-01-03 04:36:31.399188,2026-01-03 04:36:58.046423,0 days 00:00:26.647235,relu,0.10773178892744416,25,0.0800212980790906,2,True,standard,7.06419107118367e-05,COMPLETE
473,145.8446044921875,2026-01-03 04:36:58.054427,2026-01-03 04:37:26.581312,0 days 00:00:28.526885,gelu,0.13314159448598842,28,0.08935153584876336,2,True,standard,3.845641197760687e-05,COMPLETE
474,175.02243041992188,2026-01-03 04:37:26.594313,2026-01-03 04:37:53.340078,0 days 00:00:26.745765,relu,0.4331202176687682,32,0.06311693974753117,2,True,standard,0.000189232560543513,COMPLETE
475,141.47811889648438,2026-01-03 04:37:53.348083,2026-01-03 04:38:20.106881,0 days 00:00:26.758798,relu,0.11723831223744131,31,0.0999538765490695,2,True,standard,0.00014210596172713888,COMPLETE
476,145.25650024414062,2026-01-03 04:38:20.115885,2026-01-03 04:38:46.791163,0 days 00:00:26.675278,relu,0.10634295355801289,27,0.054504440090281055,2,True,standard,0.0002396942995677465,COMPLETE
477,141.56454467773438,2026-01-03 04:38:46.801164,2026-01-03 04:39:13.652915,0 days 00:00:26.851751,relu,0.10037074578780313,29,0.07651316663451785,2,True,standard,8.954011457857853e-05,COMPLETE
478,163.1056671142578,2026-01-03 04:39:13.661918,2026-01-03 04:39:40.400676,0 days 00:00:26.738758,relu,0.1265784724970037,30,0.013894127559325661,2,True,standard,0.00013133464614799247,COMPLETE
479,145.54568481445312,2026-01-03 04:39:40.408675,2026-01-03 04:40:07.152952,0 days 00:00:26.744277,relu,0.11649825076130405,28,0.08783980101734526,2,True,standard,0.00010678382333817637,COMPLETE
480,167.0111846923828,2026-01-03 04:40:07.161954,2026-01-03 04:40:34.102258,0 days 00:00:26.940304,silu,0.10036696879856799,32,0.06866006804247073,2,True,standard,9.767921781145472e-06,COMPLETE
481,144.4759979248047,2026-01-03 04:40:34.111259,2026-01-03 04:41:00.910040,0 days 00:00:26.798781,relu,0.1130310594317817,30,0.08080739444610736,2,True,standard,0.0001584645337178599,COMPLETE
482,143.1330108642578,2026-01-03 04:41:00.918041,2026-01-03 04:41:27.644309,0 days 00:00:26.726268,relu,0.12109544098672173,29,0.09976729073312364,2,True,standard,0.00012087615126987155,COMPLETE
483,141.6313934326172,2026-01-03 04:41:27.653309,2026-01-03 04:41:54.253055,0 days 00:00:26.599746,relu,0.10760618068569333,32,0.08806337254310044,2,True,standard,0.00020126504865803336,COMPLETE
484,172.81625366210938,2026-01-03 04:41:54.261055,2026-01-03 04:42:20.777790,0 days 00:00:26.516735,relu,0.12958582486796605,26,0.07346788746806772,2,True,none,5.525492999193449e-06,COMPLETE
485,140.32508850097656,2026-01-03 04:42:20.785786,2026-01-03 04:42:47.516554,0 days 00:00:26.730768,relu,0.10006401537993517,30,0.065880268291368,2,True,standard,8.04489077692317e-06,COMPLETE
486,144.7003936767578,2026-01-03 04:42:47.523555,2026-01-03 04:43:14.392835,0 days 00:00:26.869280,relu,0.10611226537967469,31,0.0497928036352566,2,True,standard,8.53398184928068e-06,COMPLETE
487,149.3647918701172,2026-01-03 04:43:14.401834,2026-01-03 04:43:41.258132,0 days 00:00:26.856298,relu,0.10069471499201361,30,0.06048432550550815,2,True,robust,7.768620729865131e-06,COMPLETE
488,200.95855224609375,2026-01-03 04:43:41.267132,2026-01-03 04:44:06.505313,0 days 00:00:25.238181,relu,0.1001836894268253,8,0.0009948671992839571,2,False,standard,6.454643012570486e-06,COMPLETE
489,138.1255645751953,2026-01-03 04:44:06.514313,2026-01-03 04:44:33.372069,0 days 00:00:26.857756,relu,0.1084728458139556,32,0.08804168689958115,2,True,standard,8.89096516712116e-06,COMPLETE
490,142.99855041503906,2026-01-03 04:44:33.380075,2026-01-03 04:45:00.197850,0 days 00:00:26.817775,relu,0.10760892937028758,29,0.06207196109777428,2,True,standard,8.352532980517816e-06,COMPLETE
491,140.5437469482422,2026-01-03 04:45:00.205851,2026-01-03 04:45:26.844584,0 days 00:00:26.638733,relu,0.10799117686036944,30,0.07977499874335957,2,True,standard,7.299796556767473e-06,COMPLETE
492,177.0618896484375,2026-01-03 04:45:26.853584,2026-01-03 04:45:53.703864,0 days 00:00:26.850280,relu,0.11235380698194543,31,0.006593096532047839,2,True,standard,6.844315004965961e-06,COMPLETE
493,182.47341918945312,2026-01-03 04:45:53.711867,2026-01-03 04:46:20.068103,0 days 00:00:26.356236,relu,0.11243074731173375,18,0.054314561978548226,2,True,minmax,1.0116980980065403e-05,COMPLETE
494,146.16787719726562,2026-01-03 04:46:20.075103,2026-01-03 04:46:46.825376,0 days 00:00:26.750273,relu,0.10903366157964005,31,0.042797732897088235,2,True,standard,7.399547872281784e-06,COMPLETE
495,163.2748260498047,2026-01-03 04:46:46.832376,2026-01-03 04:47:13.645656,0 days 00:00:26.813280,relu,0.32018155859604985,32,0.06419537624858876,2,True,standard,5.848239657332389e-06,COMPLETE
496,156.93638610839844,2026-01-03 04:47:13.653658,2026-01-03 04:47:41.280994,0 days 00:00:27.627336,mish,0.1070769255873004,30,0.07184721720217502,2,True,standard,9.904893321803637e-06,COMPLETE
497,163.7384490966797,2026-01-03 04:47:41.289994,2026-01-03 04:48:07.423204,0 days 00:00:26.133210,relu,0.10016807647059767,11,0.0790673149372402,2,True,standard,7.07540719066033e-06,COMPLETE
498,153.85894775390625,2026-01-03 04:48:07.431206,2026-01-03 04:48:36.088604,0 days 00:00:28.657398,gelu,0.11588735403972655,31,0.06808303403835078,2,True,standard,8.799326016802403e-06,COMPLETE
499,141.0535888671875,2026-01-03 04:48:36.096608,2026-01-03 04:49:02.927889,0 days 00:00:26.831281,relu,0.11270692522619374,30,0.08043189378924916,2,True,standard,1.1493830866173344e-05,COMPLETE
500,165.5628662109375,2026-01-03 04:49:02.936892,2026-01-03 04:49:29.685656,0 days 00:00:26.748764,relu,0.2621185000389897,28,0.057575433738473784,2,True,standard,8.335812962359455e-06,COMPLETE
501,143.2605438232422,2026-01-03 04:49:29.692656,2026-01-03 04:49:56.386261,0 days 00:00:26.693605,relu,0.10711473891792778,29,0.08151138677026251,2,True,standard,6.411099961413636e-06,COMPLETE
502,199.70462036132812,2026-01-03 04:49:56.395265,2026-01-03 04:50:23.110092,0 days 00:00:26.714827,relu,0.12010483628729239,32,0.00011263445912863174,2,True,standard,4.614765567805488e-06,COMPLETE
503,148.55111694335938,2026-01-03 04:50:23.119093,2026-01-03 04:50:47.256271,0 days 00:00:24.137178,relu,0.10002338606128025,30,0.06781873138055333,1,True,standard,3.046641953230446e-05,COMPLETE
504,141.89356994628906,2026-01-03 04:50:47.263273,2026-01-03 04:51:14.218083,0 days 00:00:26.954810,relu,0.11337747340204443,29,0.08705575787696239,2,True,standard,5.813090880205205e-06,COMPLETE
505,198.41647338867188,2026-01-03 04:51:14.226083,2026-01-03 04:51:40.982860,0 days 00:00:26.756777,silu,0.10799158627427832,27,0.0003882234259332654,2,True,standard,7.249032208288717e-06,COMPLETE
506,142.74166870117188,2026-01-03 04:51:40.991862,2026-01-03 04:52:07.775689,0 days 00:00:26.783827,relu,0.12186747193224343,31,0.07575486264292236,2,True,standard,9.509339080777225e-06,COMPLETE
507,200.7908996582031,2026-01-03 04:52:07.782693,2026-01-03 04:52:33.772971,0 days 00:00:25.990278,relu,0.33705600783339823,28,0.0009947711180247865,2,False,standard,0.00024943466363432386,COMPLETE
508,173.43975830078125,2026-01-03 04:52:33.779969,2026-01-03 04:52:59.975754,0 days 00:00:26.195785,relu,0.10742194753537411,19,0.048495735650466124,2,True,none,1.0728840038332622e-05,COMPLETE
509,161.07205200195312,2026-01-03 04:52:59.982754,2026-01-03 04:53:26.241546,0 days 00:00:26.258792,relu,0.1162587177394992,15,0.08592879515738874,2,True,standard,7.139920973344588e-06,COMPLETE
510,143.52745056152344,2026-01-03 04:53:26.249546,2026-01-03 04:53:52.981873,0 days 00:00:26.732327,relu,0.12523211929977227,32,0.06506330809663577,2,True,standard,1.3058644352027412e-05,COMPLETE
511,142.39627075195312,2026-01-03 04:53:52.989873,2026-01-03 04:54:19.844188,0 days 00:00:26.854315,relu,0.10845461598586431,30,0.08783953165614088,2,True,standard,0.0002295767024673256,COMPLETE
512,177.6283721923828,2026-01-03 04:54:19.852189,2026-01-03 04:54:46.574519,0 days 00:00:26.722330,relu,0.36180861818695365,22,0.07352884095834694,2,True,standard,8.319484662618655e-06,COMPLETE
513,149.40188598632812,2026-01-03 04:54:46.582519,2026-01-03 04:55:13.233344,0 days 00:00:26.650825,relu,0.11585218688482461,27,0.0584853475969563,2,True,standard,1.455586742359861e-05,COMPLETE
514,143.68453979492188,2026-01-03 04:55:13.241340,2026-01-03 04:55:39.922127,0 days 00:00:26.680787,relu,0.10642127189084179,30,0.08834649429660116,2,True,robust,5.437645615074213e-06,COMPLETE
515,140.79898071289062,2026-01-03 04:55:39.930128,2026-01-03 04:56:06.888964,0 days 00:00:26.958836,relu,0.1001912147262774,31,0.07536207265216538,2,True,standard,9.48849182050795e-06,COMPLETE
516,142.24771118164062,2026-01-03 04:56:06.896963,2026-01-03 04:56:33.464774,0 days 00:00:26.567811,relu,0.11923206634613731,28,0.08764755283149292,2,True,standard,0.0002854192714728217,COMPLETE
517,192.18948364257812,2026-01-03 04:56:33.471775,2026-01-03 04:57:01.108617,0 days 00:00:27.636842,mish,0.10017018329265918,29,0.07116756874283228,2,True,minmax,0.00018082984010065628,COMPLETE
518,171.6474609375,2026-01-03 04:57:01.116618,2026-01-03 04:57:27.757463,0 days 00:00:26.640845,relu,0.39723429740936583,32,0.07925312287256374,2,True,standard,1.1840356577948863e-05,COMPLETE
519,146.84063720703125,2026-01-03 04:57:27.766463,2026-01-03 04:57:54.482792,0 days 00:00:26.716329,relu,0.13308771180512713,26,0.08926469074012386,2,True,standard,6.354417934440713e-06,COMPLETE
520,145.180908203125,2026-01-03 04:57:54.490792,2026-01-03 04:58:21.111120,0 days 00:00:26.620328,relu,0.11213238316421145,28,0.06423871776241775,2,True,standard,9.518735293013314e-05,COMPLETE
521,140.4080047607422,2026-01-03 04:58:21.119120,2026-01-03 04:58:48.014475,0 days 00:00:26.895355,relu,0.1000173247012494,30,0.07895387257682439,2,True,standard,0.0002023309776767252,COMPLETE
522,156.38668823242188,2026-01-03 04:58:48.022474,2026-01-03 04:59:16.713899,0 days 00:00:28.691425,gelu,0.10785676775278082,32,0.05369768125256651,2,True,standard,0.00020488340624901107,COMPLETE
523,178.4215087890625,2026-01-03 04:59:16.721900,2026-01-03 04:59:43.460223,0 days 00:00:26.738323,relu,0.46954848993808734,29,0.08829616723864096,2,True,standard,0.00015983971264508417,COMPLETE
524,139.95445251464844,2026-01-03 04:59:43.468225,2026-01-03 05:00:10.177529,0 days 00:00:26.709304,relu,0.10051538128850578,31,0.067546680217016,2,True,standard,0.00021346776973030473,COMPLETE
525,144.28289794921875,2026-01-03 05:00:10.185533,2026-01-03 05:00:36.939829,0 days 00:00:26.754296,relu,0.11543934691086928,31,0.04753925917634848,2,True,standard,0.00023521692555229432,COMPLETE
526,147.76095581054688,2026-01-03 05:00:36.947829,2026-01-03 05:01:03.749660,0 days 00:00:26.801831,relu,0.10052131119571073,31,0.038927761687999406,2,True,standard,0.00027932368924068633,COMPLETE
527,199.60933566623265,2026-01-03 05:01:03.757661,2026-01-03 05:01:29.230418,0 days 00:00:25.472757,relu,0.12716356283199876,16,0.0009951824712370603,2,False,standard,0.00019330252369814088,COMPLETE
528,141.8325653076172,2026-01-03 05:01:29.239421,2026-01-03 05:01:55.883748,0 days 00:00:26.644327,relu,0.10802443515789827,32,0.05872993962593739,2,True,standard,0.00017561843275294966,COMPLETE
529,167.02468872070312,2026-01-03 05:01:55.891748,2026-01-03 05:02:22.847599,0 days 00:00:26.955851,silu,0.10027722985536441,30,0.068052624689676,2,True,standard,0.00022072937635025233,COMPLETE
530,145.57354736328125,2026-01-03 05:02:22.855599,2026-01-03 05:02:49.568406,0 days 00:00:26.712807,relu,0.1197007135641062,30,0.06195738467209276,2,True,standard,0.00014169205659959815,COMPLETE
531,140.88729858398438,2026-01-03 05:02:49.576411,2026-01-03 05:03:16.208242,0 days 00:00:26.631831,relu,0.11423957897773192,32,0.07044922675145496,2,True,standard,2.1748285745169147e-05,COMPLETE
532,143.02992248535156,2026-01-03 05:03:16.216242,2026-01-03 05:03:43.035558,0 days 00:00:26.819316,relu,0.10741374442784725,30,0.054139644779471266,2,True,standard,3.5138521706917793e-06,COMPLETE
533,152.5797576904297,2026-01-03 05:03:43.043557,2026-01-03 05:04:09.833844,0 days 00:00:26.790287,relu,0.10016834090871103,28,0.03291016095866237,2,True,standard,0.0001170938266850725,COMPLETE
534,175.6937255859375,2026-01-03 05:04:09.843846,2026-01-03 05:04:36.484135,0 days 00:00:26.640289,relu,0.12111963555488721,29,0.09949275264195392,2,True,none,0.0001685159296110687,COMPLETE
535,142.96542358398438,2026-01-03 05:04:36.492135,2026-01-03 05:05:03.243974,0 days 00:00:26.751839,relu,0.13984983238666068,31,0.07742513606271144,2,True,standard,0.0002520623116711926,COMPLETE
536,144.0366973876953,2026-01-03 05:05:03.250974,2026-01-03 05:05:29.906798,0 days 00:00:26.655824,relu,0.11274021337150761,29,0.06992749246414147,2,True,standard,0.0002047815432481167,COMPLETE
537,146.37281799316406,2026-01-03 05:05:29.913799,2026-01-03 05:05:56.757615,0 days 00:00:26.843816,relu,0.12443605832755944,32,0.0995655327781878,2,True,robust,0.00010315512697691943,COMPLETE
538,142.66429138183594,2026-01-03 05:05:56.765616,2026-01-03 05:06:23.378931,0 days 00:00:26.613315,relu,0.10668728887289829,25,0.08027009199782388,2,True,standard,1.4305050883153601e-05,COMPLETE
539,146.90029907226562,2026-01-03 05:06:23.387931,2026-01-03 05:06:50.144248,0 days 00:00:26.756317,relu,0.11395039714448606,27,0.06129111598816768,2,True,standard,0.00014131075737653875,COMPLETE
540,144.2152862548828,2026-01-03 05:06:50.152253,2026-01-03 05:07:16.872283,0 days 00:00:26.720030,relu,0.10695216223012641,30,0.07739875992216257,2,True,standard,8.476148909573257e-05,COMPLETE
541,173.7071075439453,2026-01-03 05:07:16.881286,2026-01-03 05:07:43.647769,0 days 00:00:26.766483,relu,0.100298596663948,28,0.010390710461666855,2,True,standard,4.39901935511715e-05,COMPLETE
542,186.74746704101562,2026-01-03 05:07:43.656771,2026-01-03 05:08:11.411825,0 days 00:00:27.755054,mish,0.12854860530709974,31,0.08852567491836281,2,True,minmax,2.6657533449859148e-05,COMPLETE
543,155.2870635986328,2026-01-03 05:08:11.418825,2026-01-03 05:08:35.459203,0 days 00:00:24.040378,relu,0.10006499589654709,21,0.06772192569944928,1,True,standard,0.00011329915854422765,COMPLETE
544,141.8369598388672,2026-01-03 05:08:35.467203,2026-01-03 05:09:02.319200,0 days 00:00:26.851997,relu,0.11649179971405191,31,0.08736854198364735,2,True,standard,0.00019210517770600402,COMPLETE
545,141.3103485107422,2026-01-03 05:09:02.326199,2026-01-03 05:09:29.015191,0 days 00:00:26.688992,relu,0.1119264955236491,29,0.09994556822593693,2,True,standard,6.253313128654192e-05,COMPLETE
546,145.58026123046875,2026-01-03 05:09:29.024191,2026-01-03 05:09:55.784204,0 days 00:00:26.760013,relu,0.12259931887962727,27,0.07799367192534848,2,True,standard,0.0001539505577790456,COMPLETE
547,198.0233125813802,2026-01-03 05:09:55.793204,2026-01-03 05:10:21.855170,0 days 00:00:26.061966,relu,0.10786236956460968,30,0.0009948259533257891,2,False,standard,1.140678959847242e-05,COMPLETE
548,150.21490478515625,2026-01-03 05:10:21.865172,2026-01-03 05:10:50.512737,0 days 00:00:28.647565,gelu,0.20635437405833712,32,0.062876549283967,2,True,standard,0.0001294212000523659,COMPLETE
549,143.03829956054688,2026-01-03 05:10:50.521740,2026-01-03 05:11:16.998714,0 days 00:00:26.476974,relu,0.11753816363389803,28,0.07257627656926408,2,True,standard,9.759439376252972e-05,COMPLETE
550,147.0074462890625,2026-01-03 05:11:17.007709,2026-01-03 05:11:43.695721,0 days 00:00:26.688012,relu,0.16410321740839423,30,0.052691811277867824,2,True,standard,0.00022283662783407094,COMPLETE
551,181.91506958007812,2026-01-03 05:11:43.704725,2026-01-03 05:12:10.440743,0 days 00:00:26.736018,relu,0.13226190313796707,32,0.002106190939833122,2,True,standard,0.00018109521686888988,COMPLETE
552,145.77200317382812,2026-01-03 05:12:10.448742,2026-01-03 05:12:37.145711,0 days 00:00:26.696969,relu,0.10631306249277007,26,0.08863301833529101,2,True,standard,0.00027476513548552,COMPLETE
553,144.03164672851562,2026-01-03 05:12:37.153711,2026-01-03 05:13:03.887207,0 days 00:00:26.733496,relu,0.1115897156924075,29,0.09988582259918688,2,True,standard,7.479602829809026e-05,COMPLETE
554,158.98971557617188,2026-01-03 05:13:03.895206,2026-01-03 05:13:30.772683,0 days 00:00:26.877477,silu,0.12219020878164863,29,0.0840508472399103,2,True,standard,0.00011223343028136244,COMPLETE
555,142.93572998046875,2026-01-03 05:13:30.781686,2026-01-03 05:13:57.566205,0 days 00:00:26.784519,relu,0.10647315812696125,31,0.06993024402597621,2,True,standard,8.931825687956207e-05,COMPLETE
556,143.31796264648438,2026-01-03 05:13:57.574205,2026-01-03 05:14:24.100191,0 days 00:00:26.525986,relu,0.10030819582227013,27,0.08011943308503189,2,True,standard,0.00012912808020147876,COMPLETE
557,167.9036865234375,2026-01-03 05:14:24.108191,2026-01-03 05:14:50.786661,0 days 00:00:26.678470,relu,0.11525389940486047,30,0.06027476525714191,2,True,none,0.00015924445662122988,COMPLETE
558,142.3534698486328,2026-01-03 05:14:50.795662,2026-01-03 05:15:17.633198,0 days 00:00:26.837536,relu,0.1418958584750994,31,0.08982178767076433,2,True,standard,2.027384561487721e-05,COMPLETE
559,142.8620147705078,2026-01-03 05:15:17.685200,2026-01-03 05:15:44.367217,0 days 00:00:26.682017,relu,0.10004300204504751,28,0.07679556050772857,2,True,standard,4.187929808141499e-06,COMPLETE
560,139.84219360351562,2026-01-03 05:15:44.375217,2026-01-03 05:16:11.096202,0 days 00:00:26.720985,relu,0.1272466109159545,32,0.08850330591176919,2,True,standard,1.325736462306901e-05,COMPLETE
561,143.40158081054688,2026-01-03 05:16:11.105202,2026-01-03 05:16:37.739177,0 days 00:00:26.633975,relu,0.13536114447730918,32,0.0674504066328048,2,True,standard,1.3308324045695405e-05,COMPLETE
562,158.47677612304688,2026-01-03 05:16:37.748180,2026-01-03 05:17:04.490677,0 days 00:00:26.742497,relu,0.21911811412005022,32,0.09956905035865417,2,True,robust,1.3204001974470723e-05,COMPLETE
563,143.94540405273438,2026-01-03 05:17:04.509678,2026-01-03 05:17:31.349671,0 days 00:00:26.839993,relu,0.14556366939864843,31,0.07926042327693864,2,True,standard,1.5142017576551639e-05,COMPLETE
564,196.80250549316406,2026-01-03 05:17:31.357671,2026-01-03 05:17:57.003103,0 days 00:00:25.645432,relu,0.12805468679832155,4,0.08943813194667591,2,True,standard,1.0750316537629657e-05,COMPLETE
565,143.76016235351562,2026-01-03 05:17:57.011104,2026-01-03 05:18:23.793112,0 days 00:00:26.782008,relu,0.12306961774096371,32,0.04781773727011765,2,True,standard,1.4826676616961856e-05,COMPLETE
566,198.2117654079861,2026-01-03 05:18:23.801113,2026-01-03 05:18:49.908582,0 days 00:00:26.107469,relu,0.11248885186739362,30,0.0009948519903944522,2,False,standard,1.1126375278086852e-05,COMPLETE
567,190.6248321533203,2026-01-03 05:18:49.916583,2026-01-03 05:19:17.611112,0 days 00:00:27.694529,mish,0.10691345954162002,32,0.0720083526092097,2,True,minmax,1.2959584852869143e-05,COMPLETE
568,151.12301635742188,2026-01-03 05:19:17.619112,2026-01-03 05:19:44.534605,0 days 00:00:26.915493,relu,0.13098696864356318,30,0.056757555005011194,2,True,standard,1.1912120168801032e-05,COMPLETE
569,143.20755004882812,2026-01-03 05:19:44.542606,2026-01-03 05:20:11.427603,0 days 00:00:26.884997,relu,0.11915939626187823,31,0.08087209230716422,2,True,standard,9.658830935191732e-06,COMPLETE
570,143.64132690429688,2026-01-03 05:20:11.436608,2026-01-03 05:20:38.088068,0 days 00:00:26.651460,relu,0.10024145895726304,29,0.0664276881090029,2,True,standard,1.6719787854662105e-05,COMPLETE
571,139.8860321044922,2026-01-03 05:20:38.096069,2026-01-03 05:21:04.852609,0 days 00:00:26.756540,relu,0.10956274669448338,31,0.09935206718432144,2,True,standard,0.00023998985018864664,COMPLETE
572,141.3844757080078,2026-01-03 05:21:04.860611,2026-01-03 05:21:31.556617,0 days 00:00:26.696006,relu,0.1269362204472159,32,0.09073135091641626,2,True,standard,1.594852319362464e-05,COMPLETE
573,140.8016357421875,2026-01-03 05:21:31.564618,2026-01-03 05:21:58.347606,0 days 00:00:26.782988,relu,0.11937515516111144,31,0.08899558376578715,2,True,standard,0.0003428125082311725,COMPLETE
574,172.64959716796875,2026-01-03 05:21:58.464613,2026-01-03 05:22:27.001172,0 days 00:00:28.536559,gelu,0.4500436769186263,30,0.0981438859271058,2,True,standard,0.0002637733711924277,COMPLETE
575,139.55252075195312,2026-01-03 05:22:27.009171,2026-01-03 05:22:53.747148,0 days 00:00:26.737977,relu,0.11253375510621089,32,0.0789504280869461,2,True,standard,0.00027963664268814385,COMPLETE
576,147.4973602294922,2026-01-03 05:22:53.755150,2026-01-03 05:23:20.489617,0 days 00:00:26.734467,relu,0.13606996041011843,32,0.07319434835675667,2,True,standard,0.0003247510525063278,COMPLETE
577,142.9716033935547,2026-01-03 05:23:20.496619,2026-01-03 05:23:47.263127,0 days 00:00:26.766508,relu,0.12521808798042164,32,0.08902489357391703,2,True,standard,0.0002983543481613839,COMPLETE
578,140.65469360351562,2026-01-03 05:23:47.272128,2026-01-03 05:24:13.885998,0 days 00:00:26.613870,relu,0.11889552258232289,32,0.099828377324512,2,True,standard,0.00032315678275462404,COMPLETE
579,177.30374145507812,2026-01-03 05:24:13.893994,2026-01-03 05:24:40.116256,0 days 00:00:26.222262,silu,0.14931674124187902,7,0.060990272117392025,2,True,standard,0.0002589398130721296,COMPLETE
580,143.99636840820312,2026-01-03 05:24:40.125259,2026-01-03 05:25:07.039529,0 days 00:00:26.914270,relu,0.11365147930421643,31,0.07992751939384588,2,True,standard,0.0002610153589691986,COMPLETE
581,151.84823608398438,2026-01-03 05:25:07.049533,2026-01-03 05:25:31.253730,0 days 00:00:24.204197,relu,0.12984901849269598,30,0.09907737793187156,1,True,standard,0.00028736175158454647,COMPLETE
582,143.46641540527344,2026-01-03 05:25:31.262730,2026-01-03 05:25:58.020985,0 days 00:00:26.758255,relu,0.11304307808512179,31,0.06890320121335752,2,True,standard,0.0002444576708598177,COMPLETE
583,179.18017578125,2026-01-03 05:25:58.028987,2026-01-03 05:26:24.836275,0 days 00:00:26.807288,relu,0.12322171675269887,32,0.003955190306242674,2,True,none,0.0002384191335146821,COMPLETE
584,144.2961883544922,2026-01-03 05:26:24.845276,2026-01-03 05:26:51.604035,0 days 00:00:26.758759,relu,0.13711064757469252,30,0.07940972592840513,2,True,standard,0.00022293081084131408,COMPLETE
585,198.60248460557725,2026-01-03 05:26:51.613037,2026-01-03 05:27:17.047225,0 days 00:00:25.434188,relu,0.11120767989267315,17,0.0009944732145669391,2,False,standard,0.00022067395567316076,COMPLETE
586,146.0949249267578,2026-01-03 05:27:17.057228,2026-01-03 05:27:43.751965,0 days 00:00:26.694737,relu,0.12034640515100418,29,0.054783273907990065,2,True,standard,1.47119713522935e-06,COMPLETE
587,151.07347106933594,2026-01-03 05:27:43.759964,2026-01-03 05:28:10.590760,0 days 00:00:26.830796,relu,0.10815223605334907,32,0.08941248679637345,2,True,robust,0.0002975686637223518,COMPLETE
588,145.73233032226562,2026-01-03 05:28:10.599763,2026-01-03 05:28:37.355513,0 days 00:00:26.755750,relu,0.11309735857189952,30,0.0713980830392269,2,True,standard,0.0003621836388571805,COMPLETE
589,158.83279418945312,2026-01-03 05:28:37.365513,2026-01-03 05:29:04.275301,0 days 00:00:26.909788,relu,0.12601704951958367,31,0.0267805540961914,2,True,standard,0.00019284066747928542,COMPLETE
590,175.14614868164062,2026-01-03 05:29:04.283301,2026-01-03 05:29:31.017050,0 days 00:00:26.733749,relu,0.41500189746401805,28,0.0798773590947624,2,True,standard,1.981226949500329e-05,COMPLETE
591,144.23394775390625,2026-01-03 05:29:31.026052,2026-01-03 05:29:58.069810,0 days 00:00:27.043758,relu,0.10934466163990982,31,0.06335335189797438,2,True,standard,0.0002119804362639527,COMPLETE
592,172.45619201660156,2026-01-03 05:29:58.078814,2026-01-03 05:30:25.025116,0 days 00:00:26.946302,relu,0.11812899661577449,29,0.08865828411021977,2,True,minmax,0.0002540292491470537,COMPLETE
593,141.23341369628906,2026-01-03 05:30:25.033116,2026-01-03 05:30:51.938907,0 days 00:00:26.905791,relu,0.10950249973457993,30,0.07557979215609327,2,True,standard,0.00030826231763927785,COMPLETE
594,138.25794982910156,2026-01-03 05:30:51.946907,2026-01-03 05:31:18.550138,0 days 00:00:26.603231,relu,0.13076490490170062,32,0.09962337334485076,2,True,standard,1.8329395948665975e-05,COMPLETE
595,160.66439819335938,2026-01-03 05:31:18.559138,2026-01-03 05:31:46.270420,0 days 00:00:27.711282,mish,0.1420075656263402,32,0.08816455054264154,2,True,standard,1.868228232671994e-05,COMPLETE
596,146.47579956054688,2026-01-03 05:31:46.278421,2026-01-03 05:32:13.018186,0 days 00:00:26.739765,relu,0.1535236908629205,32,0.06556632650118734,2,True,standard,1.8334416990258723e-05,COMPLETE
597,143.02694702148438,2026-01-03 05:32:13.026187,2026-01-03 05:32:39.767948,0 days 00:00:26.741761,relu,0.13413143181447013,32,0.0999427977857198,2,True,standard,1.572909944272541e-05,COMPLETE
598,143.7412109375,2026-01-03 05:32:39.775949,2026-01-03 05:33:08.475257,0 days 00:00:28.699308,gelu,0.13014750639848346,31,0.07805814452536185,2,True,standard,2.4173324763413557e-05,COMPLETE
599,147.63870239257812,2026-01-03 05:33:08.484257,2026-01-03 05:33:35.227018,0 days 00:00:26.742761,relu,0.12467989288109882,28,0.04472579771963747,2,True,standard,1.4242128407914566e-05,COMPLETE
600,141.0972900390625,2026-01-03 05:33:35.235022,2026-01-03 05:34:01.956786,0 days 00:00:26.721764,relu,0.1432036162326756,30,0.08785248053685742,2,True,standard,2.2535509164102848e-05,COMPLETE
601,143.89662170410156,2026-01-03 05:34:01.964785,2026-01-03 05:34:28.700550,0 days 00:00:26.735765,relu,0.11798068278020477,32,0.05862286295873212,2,True,standard,1.966524722129363e-05,COMPLETE
602,143.9810791015625,2026-01-03 05:34:28.711550,2026-01-03 05:34:55.431315,0 days 00:00:26.719765,relu,0.10753494465470445,29,0.07408980732151883,2,True,standard,3.291121583795297e-05,COMPLETE
603,147.82907104492188,2026-01-03 05:34:55.440318,2026-01-03 05:35:22.248070,0 days 00:00:26.807752,relu,0.10691529891121254,31,0.08160628626575724,2,True,standard,1.7600649370503405e-05,COMPLETE
604,140.5004425048828,2026-01-03 05:35:22.258071,2026-01-03 05:35:49.074857,0 days 00:00:26.816786,relu,0.13158206245314225,30,0.09947091323145515,2,True,standard,2.2126486242622912e-05,COMPLETE
605,198.12043145073784,2026-01-03 05:35:49.082854,2026-01-03 05:36:14.972110,0 days 00:00:25.889256,silu,0.11895889095525995,24,0.0009928841248208176,2,False,standard,1.5931143528850613e-05,COMPLETE
606,143.04859924316406,2026-01-03 05:36:14.981110,2026-01-03 05:36:41.627401,0 days 00:00:26.646291,relu,0.10626430440929602,32,0.09963681590366548,2,True,standard,0.00019971009800549169,COMPLETE
607,142.76425170898438,2026-01-03 05:36:41.636402,2026-01-03 05:37:08.350669,0 days 00:00:26.714267,relu,0.12407901649827889,28,0.06614123047924061,2,True,standard,1.3879372505611303e-05,COMPLETE
608,172.24514770507812,2026-01-03 05:37:08.359669,2026-01-03 05:37:35.015433,0 days 00:00:26.655764,relu,0.11407588071937877,26,0.08192784883685539,2,True,none,2.8290061164569945e-05,COMPLETE
609,147.0338592529297,2026-01-03 05:37:35.023433,2026-01-03 05:38:01.877704,0 days 00:00:26.854271,relu,0.1373051949765587,29,0.051703301525663985,2,True,standard,0.0001541933316617544,COMPLETE
610,190.43881225585938,2026-01-03 05:38:01.885704,2026-01-03 05:38:28.796998,0 days 00:00:26.911294,relu,0.10731970402310212,31,0.0013199086484614452,2,True,standard,0.00018413729390506033,COMPLETE
611,144.24522399902344,2026-01-03 05:38:28.805997,2026-01-03 05:38:55.601761,0 days 00:00:26.795764,relu,0.11588117911398592,31,0.06882623171818153,2,True,standard,0.0004078476502470905,COMPLETE
612,144.85885620117188,2026-01-03 05:38:55.609763,2026-01-03 05:39:22.292527,0 days 00:00:26.682764,relu,0.12614904484632972,27,0.08448145585136554,2,True,standard,0.00023016542160377961,COMPLETE
613,147.22482299804688,2026-01-03 05:39:22.300528,2026-01-03 05:39:49.016287,0 days 00:00:26.715759,relu,0.10653195543080256,29,0.09987854158126325,2,True,robust,0.00013939346520387423,COMPLETE
614,140.85093688964844,2026-01-03 05:39:49.024284,2026-01-03 05:40:15.858045,0 days 00:00:26.833761,relu,0.11954921920718757,32,0.07302626208676302,2,True,standard,1.7963665006576184e-05,COMPLETE
615,143.1978759765625,2026-01-03 05:40:15.866045,2026-01-03 05:40:42.715317,0 days 00:00:26.849272,relu,0.10594796612197051,30,0.08766195338753105,2,True,standard,1.238001892049253e-05,COMPLETE
616,145.3054962158203,2026-01-03 05:40:42.723322,2026-01-03 05:41:09.400541,0 days 00:00:26.677219,relu,0.11456701872752069,28,0.06178798069224862,2,True,standard,0.00028187247466300206,COMPLETE
617,179.96542358398438,2026-01-03 05:41:09.408540,2026-01-03 05:41:36.147645,0 days 00:00:26.739105,relu,0.2959331766468991,30,0.09999492878972228,2,True,minmax,0.000177361862354383,COMPLETE
618,185.54544067382812,2026-01-03 05:41:36.155645,2026-01-03 05:42:02.779259,0 days 00:00:26.623614,mish,0.4813180978057955,14,0.07473332772297754,2,True,standard,0.0002144094242277509,COMPLETE
619,149.2620849609375,2026-01-03 05:42:02.787259,2026-01-03 05:42:26.844814,0 days 00:00:24.057555,relu,0.10039945715341918,29,0.0869706825401331,1,True,standard,0.0001232901454010093,COMPLETE
620,144.76564025878906,2026-01-03 05:42:26.851814,2026-01-03 05:42:53.598411,0 days 00:00:26.746597,relu,0.12648640469066053,31,0.05757243030450013,2,True,standard,2.1654550630762092e-05,COMPLETE
621,141.46694946289062,2026-01-03 05:42:53.607415,2026-01-03 05:43:20.354492,0 days 00:00:26.747077,relu,0.1005007291563996,32,0.07127575499866515,2,True,standard,0.00015923936484895463,COMPLETE
622,165.33132934570312,2026-01-03 05:43:20.362490,2026-01-03 05:43:47.289607,0 days 00:00:26.927117,relu,0.10002257662547177,27,0.016090763586311483,2,True,standard,2.487126336321762e-05,COMPLETE
623,143.3566436767578,2026-01-03 05:43:47.298612,2026-01-03 05:44:13.904214,0 days 00:00:26.605602,relu,0.11376559574961083,29,0.08264572928825129,2,True,standard,1.5161644966526126e-05,COMPLETE
624,198.07327263726128,2026-01-03 05:44:13.914214,2026-01-03 05:44:39.930294,0 days 00:00:26.016080,relu,0.11295767122851298,31,0.0009944435546004888,2,False,standard,0.00013936409920214794,COMPLETE
625,141.93435668945312,2026-01-03 05:44:39.938291,2026-01-03 05:45:06.705893,0 days 00:00:26.767602,relu,0.13250116371796145,30,0.08738635235894761,2,True,standard,5.054531105225928e-06,COMPLETE
626,198.5894775390625,2026-01-03 05:45:06.714893,2026-01-03 05:45:35.343050,0 days 00:00:28.628157,gelu,0.12039209881699445,23,0.0004584505530720477,2,True,standard,0.00034022742442600456,COMPLETE
627,141.67947387695312,2026-01-03 05:45:35.351050,2026-01-03 05:46:02.062648,0 days 00:00:26.711598,relu,0.10743016502758554,28,0.0662417588969907,2,True,standard,0.00023313591795688125,COMPLETE
628,158.6168670654297,2026-01-03 05:46:02.070649,2026-01-03 05:46:28.869254,0 days 00:00:26.798605,silu,0.10831981163355658,25,0.07624255982314354,2,True,standard,0.00019463943526153927,COMPLETE
629,138.58718872070312,2026-01-03 05:46:28.953254,2026-01-03 05:46:55.708860,0 days 00:00:26.755606,relu,0.10000222996647912,32,0.08787784943069483,2,True,standard,0.00011392659175140252,COMPLETE
630,144.65269470214844,2026-01-03 05:46:55.717860,2026-01-03 05:47:22.410471,0 days 00:00:26.692611,relu,0.10045915871438857,32,0.051910172184974145,2,True,standard,3.0174957982587623e-06,COMPLETE
631,141.30093383789062,2026-01-03 05:47:22.420471,2026-01-03 05:47:49.128548,0 days 00:00:26.708077,relu,0.1073417677223993,32,0.062304685515044055,2,True,standard,0.0002457599694626822,COMPLETE
632,143.18731689453125,2026-01-03 05:47:49.137550,2026-01-03 05:48:15.822155,0 days 00:00:26.684605,relu,0.10049109892022759,30,0.07688128744638771,2,True,standard,1.3674782618766917e-05,COMPLETE
633,142.61463928222656,2026-01-03 05:48:15.830155,2026-01-03 05:48:42.709289,0 days 00:00:26.879134,relu,0.1002113152315313,30,0.06953517069919968,2,True,standard,1.2094384985198273e-05,COMPLETE
634,151.95379638671875,2026-01-03 05:48:42.717287,2026-01-03 05:49:09.374410,0 days 00:00:26.657123,relu,0.1954054390710201,26,0.08820924969656738,2,True,standard,0.00011034942143077107,COMPLETE
635,172.3605194091797,2026-01-03 05:49:09.383413,2026-01-03 05:49:36.225028,0 days 00:00:26.841615,relu,0.11240650425489415,32,0.0801972823801025,2,True,none,0.00017481923826158697,COMPLETE
636,142.84716796875,2026-01-03 05:49:36.233025,2026-01-03 05:50:03.235629,0 days 00:00:27.002604,relu,0.1000050419213697,31,0.059012796527790165,2,True,standard,1.6985270688027034e-05,COMPLETE
637,163.2101287841797,2026-01-03 05:50:03.244629,2026-01-03 05:50:30.039221,0 days 00:00:26.794592,relu,0.10788265060738608,28,0.018717876938594096,2,True,standard,0.00026236671752898484,COMPLETE
638,148.25436401367188,2026-01-03 05:50:30.048222,2026-01-03 05:50:56.755812,0 days 00:00:26.707590,relu,0.1148716858899529,29,0.08761137761186531,2,True,robust,2.0183247093575133e-05,COMPLETE
639,139.24072265625,2026-01-03 05:50:56.763817,2026-01-03 05:51:23.490427,0 days 00:00:26.726610,relu,0.10806111169881466,32,0.06822334414438976,2,True,standard,9.232897783490126e-06,COMPLETE
640,144.68692016601562,2026-01-03 05:51:23.500427,2026-01-03 05:51:50.337494,0 days 00:00:26.837067,relu,0.10742903251390977,32,0.05009890988510069,2,True,standard,8.88050055407371e-06,COMPLETE
641,141.5360107421875,2026-01-03 05:51:50.345497,2026-01-03 05:52:17.001108,0 days 00:00:26.655611,relu,0.1067016703380041,32,0.056269216481122264,2,True,standard,9.244825731095465e-06,COMPLETE
642,176.9119873046875,2026-01-03 05:52:17.009111,2026-01-03 05:52:43.782229,0 days 00:00:26.773118,relu,0.1129467257586038,30,0.06514039325709736,2,True,minmax,8.815638074411719e-06,COMPLETE
643,171.46266174316406,2026-01-03 05:52:43.791228,2026-01-03 05:53:09.987325,0 days 00:00:26.196097,relu,0.10044826789999958,9,0.043252531647077666,2,True,standard,1.0529931388936318e-05,COMPLETE
644,198.06177863226998,2026-01-03 05:53:10.011324,2026-01-03 05:53:37.159472,0 days 00:00:27.148148,relu,0.10808131831073314,30,0.0009944457722455091,2,False,standard,7.978182719142079e-06,COMPLETE
645,153.61282348632812,2026-01-03 05:53:37.167470,2026-01-03 05:54:04.952072,0 days 00:00:27.784602,mish,0.11467003151574301,32,0.06911351607582882,2,True,standard,9.57828266522982e-06,COMPLETE
646,165.656494140625,2026-01-03 05:54:04.961072,2026-01-03 05:54:31.688668,0 days 00:00:26.727596,relu,0.10034615962351474,27,0.012597233068859138,2,True,standard,1.1009682727277006e-05,COMPLETE
647,143.325439453125,2026-01-03 05:54:31.697666,2026-01-03 05:54:58.404256,0 days 00:00:26.706590,relu,0.10734836970056164,29,0.07260049948343031,2,True,standard,1.246310654153509e-05,COMPLETE
648,143.02505493164062,2026-01-03 05:54:58.412259,2026-01-03 05:55:25.204893,0 days 00:00:26.792634,relu,0.11742374792186011,31,0.05938424207516992,2,True,standard,0.00012856222248316845,COMPLETE
649,143.53102111816406,2026-01-03 05:55:25.212895,2026-01-03 05:55:51.901495,0 days 00:00:26.688600,relu,0.11225429221300404,28,0.07850259113866342,2,True,standard,7.974173475159027e-06,COMPLETE
650,144.73562622070312,2026-01-03 05:55:51.910498,2026-01-03 05:56:18.595570,0 days 00:00:26.685072,relu,0.10742898527295969,31,0.06440149272099097,2,True,standard,3.704678898928424e-05,COMPLETE
651,152.48825073242188,2026-01-03 05:56:18.603571,2026-01-03 05:56:47.310715,0 days 00:00:28.707144,gelu,0.11945572270466825,32,0.07529980134849965,2,True,standard,0.0001482161839345355,COMPLETE
652,141.8937225341797,2026-01-03 05:56:47.317719,2026-01-03 05:57:14.114322,0 days 00:00:26.796603,relu,0.10004482799270173,29,0.09062237615395764,2,True,standard,0.00010490174964495079,COMPLETE
653,170.32492065429688,2026-01-03 05:57:14.122326,2026-01-03 05:57:41.024928,0 days 00:00:26.902602,silu,0.10739868170021191,30,0.051315393901750064,2,True,standard,0.00020051100172558997,COMPLETE
654,169.7587890625,2026-01-03 05:57:41.033928,2026-01-03 05:58:07.203005,0 days 00:00:26.169077,relu,0.11781096514269154,12,0.09900368153835122,2,True,standard,1.134334046379469e-05,COMPLETE
655,144.14108276367188,2026-01-03 05:58:07.211007,2026-01-03 05:58:33.903024,0 days 00:00:26.692017,relu,0.11193050917612808,32,0.06870423544538226,2,True,standard,0.00017202741960376826,COMPLETE
656,141.2968292236328,2026-01-03 05:58:33.912024,2026-01-03 05:59:00.677989,0 days 00:00:26.765965,relu,0.10013406679109753,27,0.08016676675422824,2,True,standard,1.466379637141789e-05,COMPLETE
657,171.88888549804688,2026-01-03 05:59:00.684988,2026-01-03 05:59:27.408466,0 days 00:00:26.723478,relu,0.12029617639269473,30,0.08848457787390082,2,True,none,0.00029774337408406396,COMPLETE
658,143.60435485839844,2026-01-03 05:59:27.416466,2026-01-03 05:59:54.184944,0 days 00:00:26.768478,relu,0.1079814413494142,28,0.09934089075353222,2,True,standard,1.0056154695714702e-05,COMPLETE
659,173.7233428955078,2026-01-03 05:59:54.192944,2026-01-03 06:00:21.103918,0 days 00:00:26.910974,relu,0.11344036254675878,31,0.007027379907356746,2,True,standard,0.00012280580703518654,COMPLETE
660,167.0167236328125,2026-01-03 06:00:21.111915,2026-01-03 06:00:47.751403,0 days 00:00:26.639488,relu,0.10721320420386757,30,0.009071022612173733,2,True,standard,0.00021454177661826785,COMPLETE
661,144.5464324951172,2026-01-03 06:00:47.759405,2026-01-03 06:01:14.426410,0 days 00:00:26.667005,relu,0.11971501675979938,29,0.06262461375678606,2,True,standard,1.8282222113411457e-05,COMPLETE
662,198.180318874783,2026-01-03 06:01:14.434411,2026-01-03 06:01:40.394851,0 days 00:00:25.960440,relu,0.10809963189345577,32,0.0009934639095466938,2,False,robust,0.00015707534016679532,COMPLETE
663,144.9076690673828,2026-01-03 06:01:40.403851,2026-01-03 06:02:07.047337,0 days 00:00:26.643486,relu,0.12324952681576255,27,0.07635201795256241,2,True,standard,7.896113376211987e-06,COMPLETE
664,147.53591918945312,2026-01-03 06:02:07.056340,2026-01-03 06:02:31.176762,0 days 00:00:24.120422,relu,0.1000903684264274,30,0.08035433188080594,1,True,standard,0.00010584853059607457,COMPLETE
665,149.5862579345703,2026-01-03 06:02:31.183762,2026-01-03 06:02:57.677259,0 days 00:00:26.493497,relu,0.10010450714625865,26,0.09984403362524963,2,True,standard,0.00023868872863292808,COMPLETE
666,161.3922882080078,2026-01-03 06:02:57.688774,2026-01-03 06:03:25.312277,0 days 00:00:27.623503,mish,0.11517166466842992,29,0.06932691815044616,2,True,standard,5.4443387896794384e-05,COMPLETE
667,173.5457305908203,2026-01-03 06:03:25.320277,2026-01-03 06:03:52.054775,0 days 00:00:26.734498,relu,0.11309668145990039,32,0.05854660159080144,2,True,minmax,2.60244548502777e-05,COMPLETE
668,143.31826782226562,2026-01-03 06:03:52.063773,2026-01-03 06:04:18.810774,0 days 00:00:26.747001,relu,0.12764680050289,31,0.08758371531167736,2,True,standard,0.00012337069294618427,COMPLETE
669,138.52920532226562,2026-01-03 06:04:18.819772,2026-01-03 06:04:45.483262,0 days 00:00:26.663490,relu,0.10005108091720594,28,0.07315960291791662,2,True,standard,1.5845575562580962e-05,COMPLETE
670,151.60891723632812,2026-01-03 06:04:45.491263,2026-01-03 06:05:12.078727,0 days 00:00:26.587464,relu,0.1074451414113443,26,0.040005019858401374,2,True,standard,1.4565812984370859e-05,COMPLETE
671,150.80038452148438,2026-01-03 06:05:12.086727,2026-01-03 06:05:38.915185,0 days 00:00:26.828458,relu,0.12166435641882595,27,0.06809547167346416,2,True,standard,1.640045990612728e-05,COMPLETE
672,155.0258026123047,2026-01-03 06:05:38.923181,2026-01-03 06:06:07.584196,0 days 00:00:28.661015,gelu,0.11364249484833652,28,0.052693660229137095,2,True,standard,1.9228807022309964e-05,COMPLETE
673,144.67837524414062,2026-01-03 06:06:07.592197,2026-01-03 06:06:34.287687,0 days 00:00:26.695490,relu,0.10660847534958419,25,0.08902727102688004,2,True,standard,1.3090089660149305e-05,COMPLETE
674,146.7090301513672,2026-01-03 06:06:34.295685,2026-01-03 06:07:01.231356,0 days 00:00:26.935671,relu,0.11485107611929092,28,0.046171030161952786,2,True,standard,1.9294167357751272e-05,COMPLETE
675,139.72189331054688,2026-01-03 06:07:01.240356,2026-01-03 06:07:27.910857,0 days 00:00:26.670501,relu,0.10687129489513522,28,0.09986588538812315,2,True,standard,1.6204861631416358e-05,COMPLETE
676,142.7147674560547,2026-01-03 06:07:27.919854,2026-01-03 06:07:54.646395,0 days 00:00:26.726541,relu,0.10007606629745441,26,0.09968436165344143,2,True,standard,1.4011704487341168e-05,COMPLETE
677,139.38345336914062,2026-01-03 06:07:54.654400,2026-01-03 06:08:21.296380,0 days 00:00:26.641980,relu,0.10708352058009887,25,0.08941284259494202,2,True,standard,1.6720697741515233e-05,COMPLETE
678,197.2057342529297,2026-01-03 06:08:21.303391,2026-01-03 06:08:47.780873,0 days 00:00:26.477482,relu,0.12499864327336332,24,0.0006751617101269325,2,True,standard,1.6944465323375727e-05,COMPLETE
679,146.65341186523438,2026-01-03 06:08:47.788871,2026-01-03 06:09:14.456333,0 days 00:00:26.667462,relu,0.1190493981848463,24,0.08742274312956785,2,True,standard,1.6022306373071352e-05,COMPLETE
680,145.7834014892578,2026-01-03 06:09:14.466334,2026-01-03 06:09:41.207293,0 days 00:00:26.740959,relu,0.11259043512888428,26,0.07898204809205242,2,True,standard,1.625897417851918e-05,COMPLETE
681,156.0970001220703,2026-01-03 06:09:41.216291,2026-01-03 06:10:07.826774,0 days 00:00:26.610483,silu,0.10785325878399682,24,0.0882971684573778,2,True,standard,2.1966508861398137e-05,COMPLETE
682,149.2391815185547,2026-01-03 06:10:07.833774,2026-01-03 06:10:34.416257,0 days 00:00:26.582483,relu,0.12979879163136068,25,0.09990375162058357,2,True,standard,1.87732898227649e-05,COMPLETE
683,199.20247531467015,2026-01-03 06:10:34.425257,2026-01-03 06:10:59.766217,0 days 00:00:25.340960,relu,0.10782114366646298,8,0.0009938239702198947,2,False,none,1.4667966344904035e-05,COMPLETE
684,144.87429809570312,2026-01-03 06:10:59.774217,2026-01-03 06:11:26.369717,0 days 00:00:26.595500,relu,0.12041435817378188,25,0.07815945162014712,2,True,standard,2.2012921179024064e-05,COMPLETE
685,169.95529174804688,2026-01-03 06:11:26.377717,2026-01-03 06:11:52.999193,0 days 00:00:26.621476,relu,0.3454703962552389,26,0.09998377303909291,2,True,standard,1.6655443827721654e-05,COMPLETE
686,148.3444366455078,2026-01-03 06:11:53.007195,2026-01-03 06:12:19.776164,0 days 00:00:26.768969,relu,0.1689191949994911,27,0.07268002336562825,2,True,standard,1.1791364853601956e-05,COMPLETE
687,150.27969360351562,2026-01-03 06:12:19.786165,2026-01-03 06:12:46.389654,0 days 00:00:26.603489,relu,0.11427665602313566,23,0.08580169366661972,2,True,robust,1.3321717534614648e-05,COMPLETE
688,168.93093872070312,2026-01-03 06:12:46.397654,2026-01-03 06:13:12.691144,0 days 00:00:26.293490,relu,0.12435133937997822,13,0.07302568862696548,2,True,standard,1.7309904672051816e-05,COMPLETE
689,146.2809600830078,2026-01-03 06:13:12.700143,2026-01-03 06:13:39.223135,0 days 00:00:26.522992,relu,0.10607500313211796,23,0.08782871089210552,2,True,standard,1.5392380576745595e-05,COMPLETE
690,149.517822265625,2026-01-03 06:13:39.232135,2026-01-03 06:14:05.758621,0 days 00:00:26.526486,relu,0.13607286440431643,22,0.07865988541706409,2,True,standard,1.9178447414009292e-05,COMPLETE
691,141.0796661376953,2026-01-03 06:14:05.766624,2026-01-03 06:14:32.392100,0 days 00:00:26.625476,relu,0.11418012400846167,29,0.06482468352952146,2,True,standard,1.2791323490920354e-05,COMPLETE
692,158.25985717773438,2026-01-03 06:14:32.400100,2026-01-03 06:14:59.443069,0 days 00:00:27.042969,mish,0.1066863990647239,21,0.08841686356073798,2,True,standard,2.138288805802482e-05,COMPLETE
693,148.08033752441406,2026-01-03 06:14:59.452069,2026-01-03 06:15:26.152491,0 days 00:00:26.700422,relu,0.18072409898745165,27,0.07215230730187634,2,True,standard,1.5279039346834412e-05,COMPLETE
694,174.4849853515625,2026-01-03 06:15:26.160496,2026-01-03 06:15:52.847867,0 days 00:00:26.687371,relu,0.11909525134242667,29,0.0864941001199103,2,True,minmax,1.2103273353129204e-05,COMPLETE
695,150.24990844726562,2026-01-03 06:15:52.855865,2026-01-03 06:16:19.502746,0 days 00:00:26.646881,relu,0.10700309447138881,28,0.062102341775731866,2,True,standard,1.8623661273460243e-05,COMPLETE
696,141.34628295898438,2026-01-03 06:16:19.511750,2026-01-03 06:16:46.222154,0 days 00:00:26.710404,relu,0.10001380690000437,28,0.080113899350297,2,True,standard,1.4229841257582722e-05,COMPLETE
697,200.20751953125,2026-01-03 06:16:46.231154,2026-01-03 06:17:13.012562,0 days 00:00:26.781408,relu,0.12568253742392668,31,0.00016278542331290812,2,True,standard,2.2729058896645775e-05,COMPLETE
698,194.61965942382812,2026-01-03 06:17:13.020562,2026-01-03 06:17:38.257440,0 days 00:00:25.236878,gelu,0.11587222758906701,29,0.00029299435357876325,1,True,standard,1.0587384401783085e-05,COMPLETE
699,140.33792114257812,2026-01-03 06:17:38.266444,2026-01-03 06:18:05.093830,0 days 00:00:26.827386,relu,0.10001286790515086,30,0.09961392826120992,2,True,standard,1.994455172072089e-05,COMPLETE
700,138.9203338623047,2026-01-03 06:18:05.101831,2026-01-03 06:18:31.921260,0 days 00:00:26.819429,relu,0.10677051651162328,32,0.09077988866466703,2,True,standard,2.9944871256792654e-05,COMPLETE
701,142.09683227539062,2026-01-03 06:18:31.929261,2026-01-03 06:18:58.580144,0 days 00:00:26.650883,relu,0.11210356049894467,32,0.09917669701796965,2,True,standard,2.495333204196711e-05,COMPLETE
702,158.04873657226562,2026-01-03 06:18:58.588143,2026-01-03 06:19:25.284531,0 days 00:00:26.696388,relu,0.2814617029560975,32,0.09004514469139388,2,True,standard,3.290870238206402e-05,COMPLETE
703,198.82250379774305,2026-01-03 06:19:25.292532,2026-01-03 06:19:50.962414,0 days 00:00:25.669882,relu,0.13151899668449682,20,0.0009936239942553902,2,False,standard,2.864809137570456e-05,COMPLETE
704,139.97109985351562,2026-01-03 06:19:50.971410,2026-01-03 06:20:17.724809,0 days 00:00:26.753399,relu,0.10009551183316512,30,0.09031076255371517,2,True,standard,1.6831723337516856e-05,COMPLETE
705,165.78616333007812,2026-01-03 06:20:17.733810,2026-01-03 06:20:44.585205,0 days 00:00:26.851395,relu,0.31348106048821367,27,0.08979525327923797,2,True,standard,4.100776069691231e-05,COMPLETE
706,162.44393920898438,2026-01-03 06:20:44.594205,2026-01-03 06:21:11.629608,0 days 00:00:27.035403,silu,0.10717228055250479,32,0.07895964419705467,2,True,standard,1.3604182910570833e-05,COMPLETE
707,139.1614227294922,2026-01-03 06:21:11.636608,2026-01-03 06:21:38.349507,0 days 00:00:26.712899,relu,0.12005026151676457,30,0.09997432764662147,2,True,standard,1.6109349333899116e-05,COMPLETE
708,150.48085021972656,2026-01-03 06:21:38.357508,2026-01-03 06:22:05.066928,0 days 00:00:26.709420,relu,0.14093066954673766,25,0.09871668342133387,2,True,standard,4.763915744209034e-05,COMPLETE
709,171.41433715820312,2026-01-03 06:22:05.075931,2026-01-03 06:22:31.871350,0 days 00:00:26.795419,relu,0.13223263740217228,31,0.0874096010622821,2,True,none,1.67057329860698e-05,COMPLETE
710,143.99403381347656,2026-01-03 06:22:31.880348,2026-01-03 06:22:58.531052,0 days 00:00:26.650704,relu,0.12267302966995103,28,0.09088217107998799,2,True,standard,1.4453015908618234e-05,COMPLETE
711,146.80531311035156,2026-01-03 06:22:58.539056,2026-01-03 06:23:24.882450,0 days 00:00:26.343394,relu,0.1282930931800311,22,0.09151903913036724,2,True,standard,1.6943329003644803e-05,COMPLETE
712,140.448974609375,2026-01-03 06:23:24.891449,2026-01-03 06:23:51.772846,0 days 00:00:26.881397,relu,0.12095582085714825,30,0.08709198079716211,2,True,standard,1.5323728970413386e-05,COMPLETE
713,145.50381469726562,2026-01-03 06:23:51.780847,2026-01-03 06:24:18.475704,0 days 00:00:26.694857,relu,0.11926925508968025,32,0.08071497831805219,2,True,standard,1.218807203410468e-05,COMPLETE
714,150.12478637695312,2026-01-03 06:24:18.483704,2026-01-03 06:24:45.227105,0 days 00:00:26.743401,relu,0.13468672468132506,29,0.09838430041271684,2,True,robust,1.887264965712692e-05,COMPLETE
715,141.81114196777344,2026-01-03 06:24:45.236107,2026-01-03 06:25:11.955512,0 days 00:00:26.719405,relu,0.11492883061932346,31,0.07886220196856349,2,True,standard,1.6115837192835003e-05,COMPLETE
716,151.00332641601562,2026-01-03 06:25:11.963514,2026-01-03 06:25:38.591397,0 days 00:00:26.627883,relu,0.12445485308821261,27,0.09898617848246223,2,True,standard,1.3748348900454087e-05,COMPLETE
717,158.11495971679688,2026-01-03 06:25:38.600400,2026-01-03 06:26:05.483783,0 days 00:00:26.883383,relu,0.23304932046508514,29,0.08750741714993744,2,True,standard,1.86993825706843e-05,COMPLETE
718,179.98666381835938,2026-01-03 06:26:05.491784,2026-01-03 06:26:32.387715,0 days 00:00:26.895931,relu,0.14758436673872583,31,0.005376953294476464,2,True,standard,1.1640841493525086e-05,COMPLETE
719,153.95895385742188,2026-01-03 06:26:32.397715,2026-01-03 06:27:00.126588,0 days 00:00:27.728873,mish,0.11311657300678844,32,0.0752635937700927,2,True,standard,1.6336073732866168e-05,COMPLETE
720,172.02597045898438,2026-01-03 06:27:00.135591,2026-01-03 06:27:26.870974,0 days 00:00:26.735383,relu,0.11342391811205425,30,0.08956110734953741,2,True,minmax,1.3571026617662873e-05,COMPLETE
721,146.325927734375,2026-01-03 06:27:26.878974,2026-01-03 06:27:53.530374,0 days 00:00:26.651400,relu,0.12279917337637485,28,0.07625267288164739,2,True,standard,2.564988854427258e-05,COMPLETE
722,198.08607883029512,2026-01-03 06:27:53.538374,2026-01-03 06:28:19.751286,0 days 00:00:26.212912,relu,0.13070737773122004,30,0.000994603342911385,2,False,standard,2.2535132887613084e-05,COMPLETE
723,143.2355499267578,2026-01-03 06:28:19.760289,2026-01-03 06:28:46.813309,0 days 00:00:27.053020,relu,0.10850734017156824,26,0.09825737145602967,2,True,standard,3.039973159416342e-05,COMPLETE
724,183.78546142578125,2026-01-03 06:28:46.821309,2026-01-03 06:29:13.041678,0 days 00:00:26.220369,relu,0.11687161156532348,5,0.09972293311191675,2,True,standard,3.764241343955277e-05,COMPLETE
725,170.55337524414062,2026-01-03 06:29:13.049680,2026-01-03 06:29:41.713102,0 days 00:00:28.663422,gelu,0.36128636891385235,32,0.07090750655406436,2,True,standard,1.6852617817303268e-05,COMPLETE
726,143.03126525878906,2026-01-03 06:29:41.721106,2026-01-03 06:30:08.581028,0 days 00:00:26.859922,relu,0.10779290997209758,30,0.0842991452837238,2,True,standard,1.4596217796218866e-05,COMPLETE
727,141.3221435546875,2026-01-03 06:30:08.589025,2026-01-03 06:30:35.468435,0 days 00:00:26.879410,relu,0.11985446726832938,28,0.09955211597122114,2,True,standard,1.9847100759466758e-05,COMPLETE
728,145.4634552001953,2026-01-03 06:30:35.476945,2026-01-03 06:31:02.189847,0 days 00:00:26.712902,relu,0.10713193680273542,29,0.08143791969895707,2,True,standard,1.0785163189928683e-05,COMPLETE
729,160.80215454101562,2026-01-03 06:31:02.196851,2026-01-03 06:31:28.615740,0 days 00:00:26.418889,silu,0.1139500040923279,19,0.07146548928638108,2,True,standard,1.2077374713175175e-05,COMPLETE
730,143.07870483398438,2026-01-03 06:31:28.624742,2026-01-03 06:31:55.333142,0 days 00:00:26.708400,relu,0.13835142783095503,31,0.08750288324058701,2,True,standard,1.7346625090928566e-05,COMPLETE
731,146.83322143554688,2026-01-03 06:31:55.342142,2026-01-03 06:32:21.942521,0 days 00:00:26.600379,relu,0.12735596206234195,24,0.07800044631470587,2,True,standard,1.3170764861105858e-05,COMPLETE
732,145.0104522705078,2026-01-03 06:32:21.950520,2026-01-03 06:32:48.432321,0 days 00:00:26.481801,relu,0.10016964585209492,27,0.08688216540070438,2,True,standard,1.505396921604694e-05,COMPLETE
733,171.61256408691406,2026-01-03 06:32:48.441322,2026-01-03 06:33:15.021666,0 days 00:00:26.580344,relu,0.11407403348801004,32,0.06961681886692761,2,True,none,4.855920091750588e-05,COMPLETE
734,138.91384887695312,2026-01-03 06:33:15.030666,2026-01-03 06:33:41.876028,0 days 00:00:26.845362,relu,0.10830015843548155,30,0.0987596829320085,2,True,standard,2.358205782444981e-05,COMPLETE
735,137.46487426757812,2026-01-03 06:33:41.884028,2026-01-03 06:34:08.764854,0 days 00:00:26.880826,relu,0.11950068243457773,31,0.09808233522529936,2,True,standard,2.4397708785303402e-05,COMPLETE
736,142.66697692871094,2026-01-03 06:34:08.772853,2026-01-03 06:34:35.581200,0 days 00:00:26.808347,relu,0.12852557415044058,32,0.09880240770212119,2,True,standard,2.9875796766623668e-05,COMPLETE
737,143.14248657226562,2026-01-03 06:34:35.589200,2026-01-03 06:35:02.552548,0 days 00:00:26.963348,relu,0.12225403011159522,31,0.08800517693271047,2,True,standard,2.7033166508256202e-05,COMPLETE
738,193.590087890625,2026-01-03 06:35:02.561547,2026-01-03 06:35:28.590345,0 days 00:00:26.028798,relu,0.13454066800717143,10,0.0029804947293353566,2,True,standard,3.412492511422653e-05,COMPLETE
739,137.96356201171875,2026-01-03 06:35:28.598346,2026-01-03 06:35:55.366669,0 days 00:00:26.768323,relu,0.10718338541446396,31,0.09901264056975614,2,True,standard,2.649624591612343e-05,COMPLETE
740,139.42251586914062,2026-01-03 06:35:55.375670,2026-01-03 06:36:22.061031,0 days 00:00:26.685361,relu,0.10650293469945761,32,0.08827501645470649,2,True,standard,2.5449568391104036e-05,COMPLETE
741,210.37060546875,2026-01-03 06:36:22.070030,2026-01-03 06:36:48.795851,0 days 00:00:26.725821,relu,0.16076105886514352,32,0.00010657019935961286,2,True,standard,3.072452228643743e-05,COMPLETE
742,149.48184204101562,2026-01-03 06:36:48.804852,2026-01-03 06:37:13.152617,0 days 00:00:24.347765,relu,0.11939045280230152,32,0.08090921065543612,1,True,standard,2.8371187291175617e-05,COMPLETE
743,152.36660766601562,2026-01-03 06:37:13.161617,2026-01-03 06:37:40.112450,0 days 00:00:26.950833,relu,0.10754439482275556,31,0.07034196690141369,2,True,robust,2.8393032827606343e-05,COMPLETE
744,198.17041103786897,2026-01-03 06:37:40.119450,2026-01-03 06:38:06.244783,0 days 00:00:26.125333,relu,0.11417763673167582,32,0.0009941796593248375,2,False,standard,2.4912637797694278e-05,COMPLETE
745,162.86270141601562,2026-01-03 06:38:06.252784,2026-01-03 06:38:34.144112,0 days 00:00:27.891328,mish,0.22366365594429885,31,0.08829579630721617,2,True,standard,2.4358318052086407e-05,COMPLETE
746,172.8096923828125,2026-01-03 06:38:34.153113,2026-01-03 06:39:00.996931,0 days 00:00:26.843818,relu,0.1251317470653747,31,0.08012900633978493,2,True,minmax,3.427983139825272e-05,COMPLETE
747,142.5045623779297,2026-01-03 06:39:01.004933,2026-01-03 06:39:27.608273,0 days 00:00:26.603340,relu,0.10847182105626459,32,0.08966366830004663,2,True,standard,2.2016674445661467e-05,COMPLETE
748,144.58570861816406,2026-01-03 06:39:27.616271,2026-01-03 06:39:54.427616,0 days 00:00:26.811345,relu,0.10712588750906242,30,0.0712603474886584,2,True,standard,2.6418744312848494e-05,COMPLETE
749,140.60122680664062,2026-01-03 06:39:54.436615,2026-01-03 06:40:21.023430,0 days 00:00:26.586815,relu,0.10019351414343453,30,0.08925235659590088,2,True,standard,2.2413004954630463e-05,COMPLETE
750,148.0469207763672,2026-01-03 06:40:21.032433,2026-01-03 06:40:49.821309,0 days 00:00:28.788876,gelu,0.11902442171517627,32,0.09859534532417516,2,True,standard,3.136862933898751e-05,COMPLETE
751,149.5706024169922,2026-01-03 06:40:49.829309,2026-01-03 06:41:16.612654,0 days 00:00:26.783345,relu,0.11265312006683972,30,0.0652553991116015,2,True,standard,3.051898290427164e-05,COMPLETE
752,145.1755828857422,2026-01-03 06:41:16.621654,2026-01-03 06:41:43.343017,0 days 00:00:26.721363,relu,0.14198381598333765,31,0.07762932360749436,2,True,standard,2.4629490411562096e-05,COMPLETE
753,138.5185546875,2026-01-03 06:41:43.352019,2026-01-03 06:42:10.153841,0 days 00:00:26.801822,relu,0.12840152791680723,32,0.09931016077679848,2,True,standard,2.107732322138658e-05,COMPLETE
754,143.04867553710938,2026-01-03 06:42:10.161844,2026-01-03 06:42:37.000677,0 days 00:00:26.838833,relu,0.14118002908276694,32,0.09918294427965968,2,True,standard,2.3216821327927764e-05,COMPLETE
755,143.44302368164062,2026-01-03 06:42:37.010680,2026-01-03 06:43:03.812008,0 days 00:00:26.801328,relu,0.1540871335266933,32,0.079371591597815,2,True,standard,2.7943933886174257e-05,COMPLETE
756,143.21395874023438,2026-01-03 06:43:03.821008,2026-01-03 06:43:30.789841,0 days 00:00:26.968833,relu,0.13170099355969797,31,0.08785258632744464,2,True,standard,2.6588515778026253e-05,COMPLETE
757,166.77865600585938,2026-01-03 06:43:30.796842,2026-01-03 06:43:57.670192,0 days 00:00:26.873350,silu,0.1270415029286066,32,0.09969741930071896,2,True,standard,2.426585076981298e-05,COMPLETE
758,143.7263641357422,2026-01-03 06:43:57.677190,2026-01-03 06:44:24.472496,0 days 00:00:26.795306,relu,0.13922991925626446,30,0.0994974513838037,2,True,standard,2.187296086767562e-05,COMPLETE
759,145.17108154296875,2026-01-03 06:44:24.479497,2026-01-03 06:44:51.155360,0 days 00:00:26.675863,relu,0.1325629605758639,32,0.05970837644338649,2,True,standard,3.4605931030151674e-05,COMPLETE
760,143.95620727539062,2026-01-03 06:44:51.163359,2026-01-03 06:45:18.041701,0 days 00:00:26.878342,relu,0.12607118739402534,31,0.07381850074596308,2,True,standard,2.576418629384858e-05,COMPLETE
761,179.72312927246094,2026-01-03 06:45:18.049701,2026-01-03 06:45:44.860030,0 days 00:00:26.810329,relu,0.26873605018266,31,0.07998165920208239,2,True,none,2.069604939496441e-05,COMPLETE
762,141.91390991210938,2026-01-03 06:45:44.868031,2026-01-03 06:46:11.591347,0 days 00:00:26.723316,relu,0.12232361057822902,32,0.09965446445565924,2,True,standard,2.1030519925123703e-05,COMPLETE
763,198.40858506944443,2026-01-03 06:46:11.600349,2026-01-03 06:46:37.750184,0 days 00:00:26.149835,relu,0.13441995829693695,30,0.0009949799060457883,2,False,standard,2.417213410890843e-05,COMPLETE
764,148.61105346679688,2026-01-03 06:46:37.758187,2026-01-03 06:47:04.536541,0 days 00:00:26.778354,relu,0.12031928760688027,30,0.0999413798091996,2,True,robust,3.890182420651268e-05,COMPLETE
765,146.01577758789062,2026-01-03 06:47:04.544541,2026-01-03 06:47:31.252377,0 days 00:00:26.707836,relu,0.1431793339006077,32,0.06745430919878911,2,True,standard,2.998396412569701e-05,COMPLETE
766,143.86170959472656,2026-01-03 06:47:31.260377,2026-01-03 06:47:58.256700,0 days 00:00:26.996323,relu,0.12885874360281904,30,0.08435671555995258,2,True,standard,2.760468774007749e-05,COMPLETE
767,144.71517944335938,2026-01-03 06:47:58.266703,2026-01-03 06:48:25.322053,0 days 00:00:27.055350,relu,0.15039421152148155,31,0.07342839467915378,2,True,standard,2.103703540914197e-05,COMPLETE
768,138.85287475585938,2026-01-03 06:48:25.330053,2026-01-03 06:48:52.057391,0 days 00:00:26.727338,relu,0.11765950705318225,32,0.08686516768804393,2,True,standard,1.9820071664590484e-05,COMPLETE
769,184.61740112304688,2026-01-03 06:48:52.065390,2026-01-03 06:49:19.652196,0 days 00:00:27.586806,mish,0.13460589334954332,32,0.08742450796981042,2,True,minmax,2.003117882243175e-05,COMPLETE
770,142.97463989257812,2026-01-03 06:49:19.661197,2026-01-03 06:49:46.382484,0 days 00:00:26.721287,relu,0.1264214785792419,32,0.08809420356536864,2,True,standard,2.3430623091253165e-05,COMPLETE
771,139.634033203125,2026-01-03 06:49:46.390484,2026-01-03 06:50:13.250767,0 days 00:00:26.860283,relu,0.11993695317724452,30,0.09962459238516572,2,True,standard,1.9100636044163908e-05,COMPLETE
772,142.3465118408203,2026-01-03 06:50:13.259768,2026-01-03 06:50:39.999552,0 days 00:00:26.739784,relu,0.14502737603235172,29,0.08284257336688686,2,True,standard,2.0541749818696782e-05,COMPLETE
773,175.8529510498047,2026-01-03 06:50:40.008552,2026-01-03 06:51:06.197359,0 days 00:00:26.188807,relu,0.24467411589091043,15,0.08043550283982843,2,True,standard,1.9573017814156753e-05,COMPLETE
774,167.6251220703125,2026-01-03 06:51:06.206363,2026-01-03 06:51:32.973645,0 days 00:00:26.767282,relu,0.3284262504210121,30,0.09992690489507562,2,True,standard,2.6076067151518415e-05,COMPLETE
775,149.1731719970703,2026-01-03 06:51:32.982645,2026-01-03 06:51:59.630416,0 days 00:00:26.647771,relu,0.13674930625073367,29,0.08709564698897777,2,True,standard,2.2573543902213062e-05,COMPLETE
776,144.22267150878906,2026-01-03 06:51:59.638416,2026-01-03 06:52:28.370253,0 days 00:00:28.731837,gelu,0.12975637780590957,30,0.07713426025362548,2,True,standard,1.7811484505341578e-05,COMPLETE
777,145.76058959960938,2026-01-03 06:52:28.380253,2026-01-03 06:52:55.160569,0 days 00:00:26.780316,relu,0.12422983168804888,29,0.08809557814006755,2,True,standard,1.9078939414809274e-05,COMPLETE
778,142.85610961914062,2026-01-03 06:52:55.169572,2026-01-03 06:53:21.853337,0 days 00:00:26.683765,relu,0.11998607093440894,32,0.07269640290927266,2,True,standard,2.4147313655145816e-05,COMPLETE
779,141.9259490966797,2026-01-03 06:53:21.861336,2026-01-03 06:53:48.565091,0 days 00:00:26.703755,relu,0.12017818794077609,31,0.09910333343471929,2,True,standard,3.531477408332928e-05,COMPLETE
780,142.8672332763672,2026-01-03 06:53:48.573094,2026-01-03 06:54:15.480379,0 days 00:00:26.907285,relu,0.13141956067316476,32,0.08118938210118481,2,True,standard,2.0757016672545812e-05,COMPLETE
781,187.32717895507812,2026-01-03 06:54:15.489377,2026-01-03 06:54:42.284677,0 days 00:00:26.795300,relu,0.11943759543663827,30,0.0019166277832935467,2,True,standard,2.878182050522368e-05,COMPLETE
782,198.14529391818576,2026-01-03 06:54:42.291677,2026-01-03 06:55:08.387477,0 days 00:00:26.095800,relu,0.12650544673396438,29,0.0009947963975870152,2,False,standard,1.9373406674887964e-05,COMPLETE
783,149.486083984375,2026-01-03 06:55:08.396481,2026-01-03 06:55:32.568753,0 days 00:00:24.172272,relu,0.13829593152258743,31,0.08751330987291606,1,True,standard,2.4246040576125364e-05,COMPLETE
784,174.9910125732422,2026-01-03 06:55:32.577751,2026-01-03 06:55:59.419541,0 days 00:00:26.841790,silu,0.1148299790976651,30,0.0045904323419440115,2,True,none,1.7406836502053212e-05,COMPLETE
785,137.81997680664062,2026-01-03 06:55:59.427542,2026-01-03 06:56:26.137851,0 days 00:00:26.710309,relu,0.11897615829665938,32,0.09921703726346581,2,True,standard,2.2034957438819714e-05,COMPLETE
786,141.5208282470703,2026-01-03 06:56:26.145852,2026-01-03 06:56:52.850163,0 days 00:00:26.704311,relu,0.11651473873349227,29,0.0891587097786119,2,True,standard,2.3218137934722855e-05,COMPLETE
787,141.3011474609375,2026-01-03 06:56:52.860166,2026-01-03 06:57:19.707956,0 days 00:00:26.847790,relu,0.11506753692234145,32,0.07419163575811964,2,True,standard,2.837490923354661e-05,COMPLETE
788,143.98904418945312,2026-01-03 06:57:19.715957,2026-01-03 06:57:46.525240,0 days 00:00:26.809283,relu,0.11995556700522676,30,0.09943482656443484,2,True,standard,3.163330861009548e-05,COMPLETE
789,152.05465698242188,2026-01-03 06:57:46.534240,2026-01-03 06:58:13.328533,0 days 00:00:26.794293,relu,0.11469818660712955,29,0.09906882999244816,2,True,robust,2.173980951185167e-05,COMPLETE
790,140.14306640625,2026-01-03 06:58:13.337536,2026-01-03 06:58:40.232327,0 days 00:00:26.894791,relu,0.12412222757867206,31,0.09955867328520931,2,True,standard,2.543943710525035e-05,COMPLETE
791,179.63101196289062,2026-01-03 06:58:40.241326,2026-01-03 06:59:07.000117,0 days 00:00:26.758791,relu,0.1107139316804597,32,0.0034580014356706944,2,True,standard,2.2139351182423537e-05,COMPLETE
792,142.48660278320312,2026-01-03 06:59:07.009115,2026-01-03 06:59:33.781452,0 days 00:00:26.772337,relu,0.11360799402137446,31,0.08023324632887895,2,True,standard,2.5938547942004556e-05,COMPLETE
793,143.70999145507812,2026-01-03 06:59:33.790453,2026-01-03 07:00:00.505226,0 days 00:00:26.714773,relu,0.12111454252902597,29,0.06324924120887199,2,True,standard,0.0004586886445129359,COMPLETE
794,182.3236541748047,2026-01-03 07:00:00.513225,2026-01-03 07:00:28.037532,0 days 00:00:27.524307,mish,0.10988698848259826,30,0.09953536730494382,2,True,minmax,1.8713728546895537e-05,COMPLETE
795,143.59710693359375,2026-01-03 07:00:28.045532,2026-01-03 07:00:54.614821,0 days 00:00:26.569289,relu,0.12754895265946598,32,0.08023706766116369,2,True,standard,3.08930454334811e-05,COMPLETE
796,140.4716339111328,2026-01-03 07:00:54.622825,2026-01-03 07:01:21.423114,0 days 00:00:26.800289,relu,0.11625273417685883,30,0.07150692004025436,2,True,standard,2.2066114718271383e-05,COMPLETE
797,144.3146209716797,2026-01-03 07:01:21.432112,2026-01-03 07:01:48.185885,0 days 00:00:26.753773,relu,0.10791242453832245,29,0.08714126683245299,2,True,standard,1.956648022447359e-05,COMPLETE
798,142.15164184570312,2026-01-03 07:01:48.193885,2026-01-03 07:02:14.973163,0 days 00:00:26.779278,relu,0.11834803111013437,31,0.09999498383016979,2,True,standard,2.4088098444623222e-05,COMPLETE
799,143.16061401367188,2026-01-03 07:02:14.982163,2026-01-03 07:02:41.758964,0 days 00:00:26.776801,relu,0.13270817469774082,32,0.06622275024638624,2,True,standard,2.6220334535548297e-05,COMPLETE
800,168.80819702148438,2026-01-03 07:02:41.767965,2026-01-03 07:03:10.391261,0 days 00:00:28.623296,gelu,0.10852060291040347,28,0.023926340295215724,2,True,standard,1.928956173508743e-05,COMPLETE
801,198.18271314832901,2026-01-03 07:03:10.399257,2026-01-03 07:03:36.550550,0 days 00:00:26.151293,relu,0.12202398804519929,31,0.0009940693129483974,2,False,standard,1.7751754389848445e-05,COMPLETE
802,144.52584838867188,2026-01-03 07:03:36.559553,2026-01-03 07:04:03.352323,0 days 00:00:26.792770,relu,0.10686647723500495,30,0.08651787689551295,2,True,standard,3.30376714109485e-05,COMPLETE
803,141.3999481201172,2026-01-03 07:04:03.360326,2026-01-03 07:04:29.990112,0 days 00:00:26.629786,relu,0.11459173555904995,32,0.07616925238751539,2,True,standard,2.1637471799595234e-05,COMPLETE
804,144.29476928710938,2026-01-03 07:04:30.000115,2026-01-03 07:04:56.599408,0 days 00:00:26.599293,relu,0.1272514192818406,29,0.0867126880652615,2,True,standard,2.7934576390458688e-05,COMPLETE
805,173.6435089111328,2026-01-03 07:04:56.608405,2026-01-03 07:05:22.703692,0 days 00:00:26.095287,silu,0.10878741214213762,6,0.061280580773347346,2,True,standard,1.69708489652789e-05,COMPLETE
806,143.50148010253906,2026-01-03 07:05:22.713695,2026-01-03 07:05:49.450988,0 days 00:00:26.737293,relu,0.11536662352017193,30,0.099974195931379,2,True,standard,2.1642134858269287e-06,COMPLETE
807,142.2818145751953,2026-01-03 07:05:49.459991,2026-01-03 07:06:16.127268,0 days 00:00:26.667277,relu,0.10841629383601974,28,0.07245649683995722,2,True,standard,2.114770649067725e-05,COMPLETE
808,140.2527618408203,2026-01-03 07:06:16.135267,2026-01-03 07:06:42.930542,0 days 00:00:26.795275,relu,0.12183374681430453,32,0.08124792625128015,2,True,standard,2.485516983116318e-05,COMPLETE
809,193.30032348632812,2026-01-03 07:06:42.939543,2026-01-03 07:07:09.768309,0 days 00:00:26.828766,relu,0.2572357237147419,31,0.0012799918857542745,2,True,standard,3.572915291887147e-05,COMPLETE
810,173.41424560546875,2026-01-03 07:07:09.775307,2026-01-03 07:07:36.422574,0 days 00:00:26.647267,relu,0.13385936548622623,30,0.08859634738696288,2,True,none,1.825719466459452e-05,COMPLETE
811,150.10716247558594,2026-01-03 07:07:36.431574,2026-01-03 07:08:03.192332,0 days 00:00:26.760758,relu,0.10634118631278625,28,0.0722106466932332,2,True,standard,2.0310224014586463e-05,COMPLETE
812,141.30984497070312,2026-01-03 07:08:03.200334,2026-01-03 07:08:29.977026,0 days 00:00:26.776692,relu,0.11449587884018171,32,0.086955927099011,2,True,standard,4.0356670843209546e-05,COMPLETE
813,147.7360382080078,2026-01-03 07:08:29.987027,2026-01-03 07:08:56.752275,0 days 00:00:26.765248,relu,0.12504884842700795,31,0.09980989221929168,2,True,robust,1.5958874556047212e-05,COMPLETE
814,143.6256866455078,2026-01-03 07:08:56.761274,2026-01-03 07:09:23.631551,0 days 00:00:26.870277,relu,0.10674503477026727,30,0.05757439030004523,2,True,standard,2.830855243787278e-05,COMPLETE
815,141.7120361328125,2026-01-03 07:09:23.639553,2026-01-03 07:09:50.483297,0 days 00:00:26.843744,relu,0.11531432224257562,29,0.07937729829281695,2,True,standard,2.3612159852681365e-05,COMPLETE
816,142.18991088867188,2026-01-03 07:09:50.492296,2026-01-03 07:10:17.162060,0 days 00:00:26.669764,relu,0.12142549251124883,32,0.06711258464844683,2,True,standard,1.864963159337556e-05,COMPLETE
817,168.87832641601562,2026-01-03 07:10:17.170061,2026-01-03 07:10:43.938327,0 days 00:00:26.768266,relu,0.38176367464382355,28,0.08786342674238545,2,True,standard,1.5858171334895842e-05,COMPLETE
818,178.87515258789062,2026-01-03 07:10:43.946327,2026-01-03 07:11:08.651562,0 days 00:00:24.705235,mish,0.1067575040385861,30,0.07468271684197647,1,True,minmax,2.1054395736046406e-05,COMPLETE
819,177.20327758789062,2026-01-03 07:11:08.659562,2026-01-03 07:11:35.566838,0 days 00:00:26.907276,relu,0.45563633107197665,31,0.08806977388206143,2,True,standard,2.558423580822405e-05,COMPLETE
820,198.24309929741753,2026-01-03 07:11:35.575838,2026-01-03 07:12:01.660130,0 days 00:00:26.084292,relu,0.1382337836533584,29,0.0009943706044281894,2,False,standard,2.9937934417054076e-05,COMPLETE
821,141.6442108154297,2026-01-03 07:12:01.688130,2026-01-03 07:12:28.605371,0 days 00:00:26.917241,relu,0.10042249472152502,32,0.07599112814104379,2,True,standard,2.2729427515805535e-05,COMPLETE
822,148.7123260498047,2026-01-03 07:12:28.613369,2026-01-03 07:12:55.267608,0 days 00:00:26.654239,relu,0.1139785879956546,30,0.09957602462214549,2,True,standard,1.7418935893344886e-05,COMPLETE
823,145.27806091308594,2026-01-03 07:12:55.277609,2026-01-03 07:13:22.005868,0 days 00:00:26.728259,relu,0.12841278332407405,29,0.061913533496580846,2,True,standard,1.9710280108940582e-05,COMPLETE
824,142.01864624023438,2026-01-03 07:13:22.013868,2026-01-03 07:13:50.643641,0 days 00:00:28.629773,gelu,0.10630969589171853,31,0.08599950389105601,2,True,standard,1.5234940403253689e-05,COMPLETE
825,141.92782592773438,2026-01-03 07:13:50.652641,2026-01-03 07:14:17.593938,0 days 00:00:26.941297,relu,0.11934257117411452,31,0.07858109464956195,2,True,standard,2.4126199683854747e-05,COMPLETE
826,143.4905242919922,2026-01-03 07:14:17.601941,2026-01-03 07:14:44.346196,0 days 00:00:26.744255,relu,0.14791208046756898,28,0.09977749337815879,2,True,standard,2.8296073544227286e-05,COMPLETE
827,140.73562622070312,2026-01-03 07:14:44.355197,2026-01-03 07:15:10.963963,0 days 00:00:26.608766,relu,0.10016293624405076,32,0.06720471606122118,2,True,standard,3.455719926602683e-05,COMPLETE
828,140.46609497070312,2026-01-03 07:15:10.972965,2026-01-03 07:15:37.809214,0 days 00:00:26.836249,relu,0.11295085806181075,30,0.0861757355984124,2,True,standard,1.686961171316874e-05,COMPLETE
829,142.98446655273438,2026-01-03 07:15:37.819217,2026-01-03 07:16:04.537001,0 days 00:00:26.717784,relu,0.13036457992585754,32,0.07297421675372218,2,True,standard,2.116376835333121e-05,COMPLETE
830,168.70315551757812,2026-01-03 07:16:04.544999,2026-01-03 07:16:31.462248,0 days 00:00:26.917249,silu,0.11903798990209671,29,0.05716146362398812,2,True,standard,9.136116808461351e-06,COMPLETE
831,139.21713256835938,2026-01-03 07:16:31.471249,2026-01-03 07:16:58.183035,0 days 00:00:26.711786,relu,0.10703823376535819,29,0.09957393610772966,2,True,standard,1.9631903732582403e-05,COMPLETE
832,144.83322143554688,2026-01-03 07:16:58.192038,2026-01-03 07:17:24.754274,0 days 00:00:26.562236,relu,0.12372743303317989,30,0.08830610151350028,2,True,standard,2.4583067969651976e-05,COMPLETE
833,195.14266967773438,2026-01-03 07:17:24.798274,2026-01-03 07:17:51.732034,0 days 00:00:26.933760,relu,0.11253281321708758,31,0.0007609094399707865,2,True,none,1.970031821271431e-05,COMPLETE
834,178.2733154296875,2026-01-03 07:17:51.740032,2026-01-03 07:18:18.531814,0 days 00:00:26.791782,relu,0.419359271574318,32,0.03010920684623441,2,True,standard,3.204743821995155e-05,COMPLETE
835,154.70472717285156,2026-01-03 07:18:18.540814,2026-01-03 07:18:45.345062,0 days 00:00:26.804248,relu,0.21376391081972534,30,0.07508570331407702,2,True,standard,2.7085114967742987e-05,COMPLETE
836,141.24575805664062,2026-01-03 07:18:45.353062,2026-01-03 07:19:12.272310,0 days 00:00:26.919248,relu,0.10656165239227416,31,0.0864351324271473,2,True,standard,2.3410715920542756e-05,COMPLETE
837,144.3363037109375,2026-01-03 07:19:12.281309,2026-01-03 07:19:38.989545,0 days 00:00:26.708236,relu,0.11339019186180035,29,0.09994422013902622,2,True,robust,1.9281269397139315e-05,COMPLETE
838,137.82192993164062,2026-01-03 07:19:38.997549,2026-01-03 07:20:05.824797,0 days 00:00:26.827248,relu,0.10016817229270425,32,0.07924590343104775,2,True,standard,2.206930970049351e-05,COMPLETE
839,145.12307739257812,2026-01-03 07:20:05.832796,2026-01-03 07:20:32.503053,0 days 00:00:26.670257,relu,0.10686249662547952,32,0.0635464199458263,2,True,standard,2.2042643681823737e-05,COMPLETE
840,142.5902862548828,2026-01-03 07:20:32.511053,2026-01-03 07:20:59.050821,0 days 00:00:26.539768,relu,0.10003510483100934,32,0.056033199703098995,2,True,standard,2.725774305611807e-05,COMPLETE
841,362.2090570746528,2026-01-03 07:20:59.059821,2026-01-03 07:21:25.143607,0 days 00:00:26.083786,relu,0.10039822356696049,32,2.7336760249968465e-05,2,False,standard,2.18541430316877e-05,COMPLETE
842,144.55136108398438,2026-01-03 07:21:25.152607,2026-01-03 07:21:51.955879,0 days 00:00:26.803272,relu,0.10023522937247682,31,0.06705800791457421,2,True,standard,1.7979453974033623e-05,COMPLETE
843,189.4005584716797,2026-01-03 07:21:51.963880,2026-01-03 07:22:19.666627,0 days 00:00:27.702747,mish,0.11893511818413044,31,0.07307896417065085,2,True,minmax,2.4901047926766398e-05,COMPLETE
844,137.6847381591797,2026-01-03 07:22:19.674626,2026-01-03 07:22:46.582887,0 days 00:00:26.908261,relu,0.11277500560544633,32,0.07918334006874107,2,True,standard,3.113907499503417e-05,COMPLETE
845,138.81320190429688,2026-01-03 07:22:46.590891,2026-01-03 07:23:13.251426,0 days 00:00:26.660535,relu,0.10739914217636351,32,0.06682870413461107,2,True,standard,3.430849450864879e-05,COMPLETE
846,180.53074645996094,2026-01-03 07:23:13.258425,2026-01-03 07:23:40.041186,0 days 00:00:26.782761,relu,0.1065663885232207,32,0.0022538488233271475,2,True,standard,4.203890689587056e-05,COMPLETE
847,143.7909393310547,2026-01-03 07:23:40.050184,2026-01-03 07:24:06.687441,0 days 00:00:26.637257,relu,0.10781966442239371,32,0.053092985781868544,2,True,standard,2.5753062952157293e-05,COMPLETE
848,143.5032501220703,2026-01-03 07:24:06.695441,2026-01-03 07:24:33.399174,0 days 00:00:26.703733,relu,0.10038274560133569,32,0.05724142947763226,2,True,standard,3.747554807734589e-05,COMPLETE
849,144.64651489257812,2026-01-03 07:24:33.407174,2026-01-03 07:25:00.128899,0 days 00:00:26.721725,relu,0.10003675952613542,31,0.06213007908987379,2,True,standard,3.5624481446622996e-05,COMPLETE
850,146.62936401367188,2026-01-03 07:25:00.136899,2026-01-03 07:25:26.848172,0 days 00:00:26.711273,relu,0.11181597834278015,32,0.05176624868897911,2,True,standard,3.221813043241626e-05,COMPLETE
851,141.86634826660156,2026-01-03 07:25:26.857170,2026-01-03 07:25:53.650901,0 days 00:00:26.793731,relu,0.10721063851007258,30,0.06651020158166034,2,True,standard,2.9844499287851177e-05,COMPLETE
852,142.02340698242188,2026-01-03 07:25:53.658903,2026-01-03 07:26:20.503624,0 days 00:00:26.844721,relu,0.11208552162692621,31,0.06581400161596371,2,True,standard,3.831392866312086e-05,COMPLETE
853,187.67225646972656,2026-01-03 07:26:20.512627,2026-01-03 07:26:49.235363,0 days 00:00:28.722736,gelu,0.10675470647804085,32,0.001559447767878256,2,True,standard,3.137305090861931e-05,COMPLETE
854,145.59140014648438,2026-01-03 07:26:49.244363,2026-01-03 07:27:16.052117,0 days 00:00:26.807754,relu,0.10007934045381738,30,0.07210717512578997,2,True,standard,2.9657148864492186e-05,COMPLETE
855,146.9767608642578,2026-01-03 07:27:16.060113,2026-01-03 07:27:42.671377,0 days 00:00:26.611264,relu,0.11114506411877975,32,0.047033659847463744,2,True,standard,0.00038042372005701224,COMPLETE
856,161.8214874267578,2026-01-03 07:27:42.679377,2026-01-03 07:28:09.517152,0 days 00:00:26.837775,silu,0.11582073354179857,30,0.07853755146174812,2,True,standard,4.78534063330353e-05,COMPLETE
857,139.99844360351562,2026-01-03 07:28:09.527152,2026-01-03 07:28:36.472388,0 days 00:00:26.945236,relu,0.10712837243887606,31,0.060913642742973846,2,True,standard,4.3324175119239524e-05,COMPLETE
858,163.93319702148438,2026-01-03 07:28:36.481388,2026-01-03 07:29:03.338126,0 days 00:00:26.856738,relu,0.10021632971513407,30,0.011099798938316002,2,True,standard,2.6873659263405594e-05,COMPLETE
859,196.46372172037763,2026-01-03 07:29:03.346125,2026-01-03 07:29:26.805342,0 days 00:00:23.459217,relu,0.11529426204049477,32,0.0009943134213671143,1,False,none,2.849327558816969e-05,COMPLETE
860,144.07225036621094,2026-01-03 07:29:26.814342,2026-01-03 07:29:53.695082,0 days 00:00:26.880740,relu,0.12289570094915217,31,0.0686660449329217,2,True,standard,3.613447067074063e-05,COMPLETE
861,140.81759643554688,2026-01-03 07:29:53.703083,2026-01-03 07:30:20.500787,0 days 00:00:26.797704,relu,0.11143149469443094,30,0.0767827104930708,2,True,standard,3.1898067301605476e-05,COMPLETE
862,141.3854522705078,2026-01-03 07:30:20.508785,2026-01-03 07:30:47.254014,0 days 00:00:26.745229,relu,0.1066363182544754,29,0.07966972156355974,2,True,standard,2.423816305316415e-05,COMPLETE
863,143.27218627929688,2026-01-03 07:30:47.262014,2026-01-03 07:31:13.962266,0 days 00:00:26.700252,relu,0.126146712142356,32,0.08093163739606517,2,True,standard,2.6704623539721454e-05,COMPLETE
864,147.67047119140625,2026-01-03 07:31:13.973268,2026-01-03 07:31:40.648483,0 days 00:00:26.675215,relu,0.10007728646516952,29,0.058069085922422825,2,True,robust,3.3063762839121744e-05,COMPLETE
865,142.5843963623047,2026-01-03 07:31:40.658483,2026-01-03 07:32:07.413221,0 days 00:00:26.754738,relu,0.11618670954372205,30,0.06512739570660633,2,True,standard,7.367222118560026e-06,COMPLETE
866,142.19972229003906,2026-01-03 07:32:07.421223,2026-01-03 07:32:34.086956,0 days 00:00:26.665733,relu,0.11313105546489205,32,0.08047114065955013,2,True,standard,2.3739225801444055e-05,COMPLETE
867,154.54251098632812,2026-01-03 07:32:34.094954,2026-01-03 07:33:00.456694,0 days 00:00:26.361740,relu,0.12206523096612457,16,0.07150069184122819,2,True,standard,8.573327018946621e-06,COMPLETE
868,152.95578002929688,2026-01-03 07:33:00.464694,2026-01-03 07:33:28.128942,0 days 00:00:27.664248,mish,0.132183611314177,31,0.08706527909397584,2,True,standard,4.2613995406995335e-05,COMPLETE
869,172.04290771484375,2026-01-03 07:33:28.136938,2026-01-03 07:33:54.872196,0 days 00:00:26.735258,relu,0.10542841753168074,31,0.08636765928291738,2,True,minmax,2.346724058009995e-05,COMPLETE
870,144.1016387939453,2026-01-03 07:33:54.881201,2026-01-03 07:34:21.684922,0 days 00:00:26.803721,relu,0.11341278690924098,29,0.06814604002760245,2,True,standard,2.8379683973782187e-05,COMPLETE
871,170.1350555419922,2026-01-03 07:34:21.692922,2026-01-03 07:34:47.941632,0 days 00:00:26.248710,relu,0.1072914178668205,11,0.05194293230652423,2,True,standard,1.0008933337168924e-05,COMPLETE
872,146.98281860351562,2026-01-03 07:34:47.949632,2026-01-03 07:35:14.740887,0 days 00:00:26.791255,relu,0.1200774607525308,32,0.035793767251355274,2,True,standard,2.1036917123330404e-05,COMPLETE
873,195.6652069091797,2026-01-03 07:35:14.749892,2026-01-03 07:35:41.498620,0 days 00:00:26.748728,relu,0.1274371866667336,30,0.000488070266304002,2,True,standard,2.1949869524033396e-05,COMPLETE
874,145.62307739257812,2026-01-03 07:35:41.505622,2026-01-03 07:36:10.330860,0 days 00:00:28.825238,gelu,0.10703171981178497,30,0.07856453450428483,2,True,standard,3.291081294223072e-05,COMPLETE
875,160.723388671875,2026-01-03 07:36:10.338865,2026-01-03 07:36:36.609582,0 days 00:00:26.270717,relu,0.1173584238591793,14,0.08788208214306986,2,True,standard,2.775696848101372e-05,COMPLETE
876,146.329345703125,2026-01-03 07:36:36.619585,2026-01-03 07:37:03.360842,0 days 00:00:26.741257,relu,0.11315600355362593,32,0.06890607848549309,2,True,standard,2.0547015229341237e-05,COMPLETE
877,142.08126831054688,2026-01-03 07:37:03.367842,2026-01-03 07:37:30.085063,0 days 00:00:26.717221,relu,0.13637866850295496,31,0.08700932851758755,2,True,standard,2.3666891322978136e-05,COMPLETE
878,198.26298129611547,2026-01-03 07:37:30.094063,2026-01-03 07:37:56.097305,0 days 00:00:26.003242,relu,0.10663090708409104,29,0.0009941787788230255,2,False,standard,2.6163380594788988e-05,COMPLETE
879,144.4036865234375,2026-01-03 07:37:56.105309,2026-01-03 07:38:22.827058,0 days 00:00:26.721749,relu,0.12143154061371465,32,0.058349175313144486,2,True,standard,3.605662637864802e-05,COMPLETE
880,171.7593231201172,2026-01-03 07:38:22.836058,2026-01-03 07:38:49.476815,0 days 00:00:26.640757,relu,0.3991648739967772,30,0.07626445271535123,2,True,standard,9.955526568766359e-06,COMPLETE
881,156.9809112548828,2026-01-03 07:38:49.485814,2026-01-03 07:39:16.573074,0 days 00:00:27.087260,silu,0.11293119616987607,29,0.0891379834557329,2,True,standard,6.539326626839751e-06,COMPLETE
882,142.39767456054688,2026-01-03 07:39:16.581075,2026-01-03 07:39:43.217790,0 days 00:00:26.636715,relu,0.12682708665184253,31,0.07160018590775682,2,True,standard,1.930437078393228e-05,COMPLETE
883,145.3601837158203,2026-01-03 07:39:43.225794,2026-01-03 07:40:09.984550,0 days 00:00:26.758756,relu,0.10722801592905626,28,0.08816652663136743,2,True,standard,2.9789755964542073e-05,COMPLETE
884,142.5083770751953,2026-01-03 07:40:09.993550,2026-01-03 07:40:36.751838,0 days 00:00:26.758288,relu,0.10631860551920272,31,0.06137879293333488,2,True,standard,2.372628940961214e-05,COMPLETE
885,173.18719482421875,2026-01-03 07:40:36.759835,2026-01-03 07:41:03.438555,0 days 00:00:26.678720,relu,0.1192057730258823,32,0.07802439140651095,2,True,none,8.90913803821962e-06,COMPLETE
886,137.73562622070312,2026-01-03 07:41:03.447558,2026-01-03 07:41:30.173284,0 days 00:00:26.725726,relu,0.10064461929546666,30,0.0996907980324961,2,True,standard,2.1010379025963092e-05,COMPLETE
887,196.11204528808594,2026-01-03 07:41:30.182285,2026-01-03 07:41:56.881492,0 days 00:00:26.699207,relu,0.10015953565029477,28,0.00022608566707854074,2,True,standard,2.0243921141803173e-05,COMPLETE
888,146.79110717773438,2026-01-03 07:41:56.939492,2026-01-03 07:42:23.858191,0 days 00:00:26.918699,relu,0.10041058573152123,29,0.09924219259433095,2,True,robust,1.841671066192258e-05,COMPLETE
889,141.69918823242188,2026-01-03 07:42:23.866190,2026-01-03 07:42:50.389918,0 days 00:00:26.523728,relu,0.10041485610028225,28,0.09987561845547241,2,True,standard,2.2040324905890396e-05,COMPLETE
890,140.1768035888672,2026-01-03 07:42:50.398921,2026-01-03 07:43:17.195630,0 days 00:00:26.796709,relu,0.10741272424163528,29,0.0884204751363403,2,True,standard,2.601162423873661e-05,COMPLETE
891,140.31895446777344,2026-01-03 07:43:17.202630,2026-01-03 07:43:43.882873,0 days 00:00:26.680243,relu,0.10647179163060612,30,0.08824144176659009,2,True,standard,1.7677165407957463e-05,COMPLETE
892,152.75274658203125,2026-01-03 07:43:43.891878,2026-01-03 07:44:11.508109,0 days 00:00:27.616231,mish,0.11192429521338548,27,0.08766566091839773,2,True,standard,2.1564557454519735e-05,COMPLETE
893,171.31076049804688,2026-01-03 07:44:11.516109,2026-01-03 07:44:38.238861,0 days 00:00:26.722752,relu,0.10698414586303438,30,0.09986546390976501,2,True,minmax,1.5160128817353296e-05,COMPLETE
894,153.19297790527344,2026-01-03 07:44:38.246861,2026-01-03 07:45:04.682608,0 days 00:00:26.435747,relu,0.11466134621396559,18,0.09937826441047694,2,True,standard,2.6231761670433563e-05,COMPLETE
895,144.01437377929688,2026-01-03 07:45:04.690608,2026-01-03 07:45:31.611824,0 days 00:00:26.921216,relu,0.10612807359838348,30,0.07898456755156748,2,True,standard,1.7892583323164864e-05,COMPLETE
896,142.07763671875,2026-01-03 07:45:31.619822,2026-01-03 07:45:58.434031,0 days 00:00:26.814209,relu,0.10049417451331034,28,0.08548260445862711,2,True,standard,5.296700484251045e-05,COMPLETE
897,142.8520965576172,2026-01-03 07:45:58.443031,2026-01-03 07:46:25.162240,0 days 00:00:26.719209,relu,0.11905437548090284,31,0.08819065826567568,2,True,standard,3.086018975039836e-05,COMPLETE
898,197.67480828179254,2026-01-03 07:46:25.170240,2026-01-03 07:46:49.744961,0 days 00:00:24.574721,gelu,0.10004362179396017,29,0.0009944070113837755,1,False,standard,2.244329999440184e-05,COMPLETE
899,140.84335327148438,2026-01-03 07:46:49.754961,2026-01-03 07:47:16.647697,0 days 00:00:26.892736,relu,0.10013243790209196,30,0.0736045705731508,2,True,standard,2.003655473681228e-05,COMPLETE
900,161.15060424804688,2026-01-03 07:47:16.656701,2026-01-03 07:47:43.413938,0 days 00:00:26.757237,relu,0.2936838059886455,31,0.08904858847023252,2,True,standard,2.4072336456310193e-05,COMPLETE
901,158.00192260742188,2026-01-03 07:47:43.422940,2026-01-03 07:48:10.236190,0 days 00:00:26.813250,relu,0.20163898966683486,28,0.07131018015627442,2,True,standard,4.08306133792653e-05,COMPLETE
902,195.74111938476562,2026-01-03 07:48:10.245194,2026-01-03 07:48:37.158428,0 days 00:00:26.913234,relu,0.1149668315052665,30,0.0003184580266723219,2,True,standard,1.5763680478743047e-05,COMPLETE
903,143.811279296875,2026-01-03 07:48:37.166433,2026-01-03 07:49:03.895667,0 days 00:00:26.729234,relu,0.12890874504071015,32,0.07928380379338236,2,True,standard,2.8910135679626747e-05,COMPLETE
904,175.71957397460938,2026-01-03 07:49:03.904667,2026-01-03 07:49:30.789897,0 days 00:00:26.885230,silu,0.11359805668035546,27,0.014583097357256304,2,True,standard,1.8612517616598998e-05,COMPLETE
905,141.8835906982422,2026-01-03 07:49:30.798898,2026-01-03 07:49:57.577163,0 days 00:00:26.778265,relu,0.10028660869555989,29,0.08892387218359565,2,True,standard,7.655323830646957e-06,COMPLETE
906,178.86544799804688,2026-01-03 07:49:57.585159,2026-01-03 07:50:23.659885,0 days 00:00:26.074726,relu,0.1886617867410882,12,0.020334397189126847,2,True,standard,2.1067324355288406e-05,COMPLETE
907,171.4471893310547,2026-01-03 07:50:23.667885,2026-01-03 07:50:50.309613,0 days 00:00:26.641728,relu,0.12198624738956117,32,0.09997749628897463,2,True,none,2.3793941330241868e-05,COMPLETE
908,157.4925994873047,2026-01-03 07:50:50.317612,2026-01-03 07:51:17.176332,0 days 00:00:26.858720,relu,0.3046690709137181,31,0.06475161420844175,2,True,standard,3.216418618640209e-05,COMPLETE
909,143.23536682128906,2026-01-03 07:51:17.184334,2026-01-03 07:51:43.893574,0 days 00:00:26.709240,relu,0.11054322919585037,29,0.07833595313354025,2,True,standard,1.463585135726504e-05,COMPLETE
910,141.09278869628906,2026-01-03 07:51:43.901574,2026-01-03 07:52:10.928107,0 days 00:00:27.026533,relu,0.10000117338877777,31,0.09952739914503941,2,True,standard,1.1174822487389643e-05,COMPLETE
911,141.75155639648438,2026-01-03 07:52:10.937103,2026-01-03 07:52:37.667826,0 days 00:00:26.730723,relu,0.13705559954284233,30,0.06982402973047247,2,True,standard,1.7581419986796517e-05,COMPLETE
912,144.04092407226562,2026-01-03 07:52:37.675829,2026-01-03 07:53:04.445064,0 days 00:00:26.769235,relu,0.12074878719637508,28,0.09970626379042904,2,True,standard,2.6616013469548438e-05,COMPLETE
913,139.54544067382812,2026-01-03 07:53:04.454067,2026-01-03 07:53:31.090257,0 days 00:00:26.636190,relu,0.11231636378736001,32,0.08173322489662248,2,True,standard,2.091351244604475e-05,COMPLETE
914,147.876220703125,2026-01-03 07:53:31.099260,2026-01-03 07:53:57.843496,0 days 00:00:26.744236,relu,0.10882505454835398,27,0.08784054395793504,2,True,robust,2.6159106718871795e-05,COMPLETE
915,144.76083374023438,2026-01-03 07:53:57.852496,2026-01-03 07:54:24.613225,0 days 00:00:26.760729,relu,0.12612721123581186,30,0.06403021041352992,2,True,standard,1.629708269169796e-05,COMPLETE
916,198.14503187391492,2026-01-03 07:54:24.620225,2026-01-03 07:54:50.770924,0 days 00:00:26.150699,relu,0.10736465607553065,31,0.0009949379933714333,2,False,standard,1.062802716110792e-06,COMPLETE
917,146.156494140625,2026-01-03 07:54:50.779928,2026-01-03 07:55:17.574651,0 days 00:00:26.794723,relu,0.1186002746544875,32,0.07811879974829115,2,True,standard,3.6129676569725956e-05,COMPLETE
918,174.15713500976562,2026-01-03 07:55:17.582651,2026-01-03 07:55:44.336884,0 days 00:00:26.754233,relu,0.14631274541106667,29,0.05498886106745237,2,True,minmax,2.0306954526554533e-05,COMPLETE
919,142.74200439453125,2026-01-03 07:55:44.344884,2026-01-03 07:56:11.015083,0 days 00:00:26.670199,relu,0.11318757644417786,30,0.0886984191855092,2,True,standard,9.090634095214701e-06,COMPLETE
920,160.9219207763672,2026-01-03 07:56:11.025083,2026-01-03 07:56:38.611312,0 days 00:00:27.586229,mish,0.13120847715322348,32,0.0998681281882768,2,True,standard,1.3004624629538813e-05,COMPLETE
921,163.95217895507812,2026-01-03 07:56:38.619315,2026-01-03 07:57:04.977532,0 days 00:00:26.358217,relu,0.10024433355425104,13,0.07228177760697632,2,True,standard,2.3223655932276e-05,COMPLETE
922,139.0674285888672,2026-01-03 07:57:04.985532,2026-01-03 07:57:31.789252,0 days 00:00:26.803720,relu,0.10710605068732705,29,0.09998481506467075,2,True,standard,1.8061094087439905e-05,COMPLETE
923,146.2573699951172,2026-01-03 07:57:31.797256,2026-01-03 07:58:00.394947,0 days 00:00:28.597691,gelu,0.10002490143030272,27,0.08930781888085992,2,True,standard,1.4464333087786312e-05,COMPLETE
924,144.93893432617188,2026-01-03 07:58:00.402947,2026-01-03 07:58:27.251188,0 days 00:00:26.848241,relu,0.11701342987682065,28,0.07998913305964594,2,True,standard,1.8037222663026445e-05,COMPLETE
925,143.8782501220703,2026-01-03 07:58:27.260191,2026-01-03 07:58:54.016410,0 days 00:00:26.756219,relu,0.12732476040254473,27,0.08937790854461213,2,True,standard,1.6442815397257384e-05,COMPLETE
926,174.65478515625,2026-01-03 07:58:54.025410,2026-01-03 07:59:20.777595,0 days 00:00:26.752185,relu,0.11207699388611128,28,0.00782270069162872,2,True,standard,1.3123546525086811e-05,COMPLETE
927,141.18032836914062,2026-01-03 07:59:20.784594,2026-01-03 07:59:47.581293,0 days 00:00:26.796699,relu,0.12131099076946764,28,0.07646301709357484,2,True,standard,1.4902655434960806e-05,COMPLETE
928,138.8624267578125,2026-01-03 07:59:47.589293,2026-01-03 08:00:14.404535,0 days 00:00:26.815242,relu,0.10788829478778089,29,0.09015210711984102,2,True,standard,1.8886549466941258e-05,COMPLETE
929,143.90628051757812,2026-01-03 08:00:14.413534,2026-01-03 08:00:41.149228,0 days 00:00:26.735694,relu,0.11408547295553287,29,0.09925511887378807,2,True,standard,1.893798408643082e-05,COMPLETE
930,143.01010131835938,2026-01-03 08:00:41.160230,2026-01-03 08:01:07.987925,0 days 00:00:26.827695,relu,0.1226985356377394,28,0.09967114355615166,2,True,standard,2.0177237072361586e-05,COMPLETE
931,168.0819854736328,2026-01-03 08:01:07.996926,2026-01-03 08:01:34.908153,0 days 00:00:26.911227,silu,0.1396970198724783,29,0.045509613709613886,2,True,standard,7.095642134551042e-06,COMPLETE
932,144.927001953125,2026-01-03 08:01:34.917153,2026-01-03 08:02:01.593845,0 days 00:00:26.676692,relu,0.10735676881260615,29,0.0704712036231443,2,True,standard,1.823978697092182e-05,COMPLETE
933,171.8165740966797,2026-01-03 08:02:01.601846,2026-01-03 08:02:28.494553,0 days 00:00:26.892707,relu,0.10001278679771877,30,0.0999437755434164,2,True,none,1.054598786316967e-05,COMPLETE
934,143.0307159423828,2026-01-03 08:02:28.502553,2026-01-03 08:02:55.158252,0 days 00:00:26.655699,relu,0.1323806267534887,30,0.07919219750879948,2,True,standard,2.2618396758114145e-05,COMPLETE
935,145.5438232421875,2026-01-03 08:02:55.166252,2026-01-03 08:03:22.085468,0 days 00:00:26.919216,relu,0.11319832017399623,30,0.06307020135152813,2,True,standard,2.0318097183598192e-05,COMPLETE
936,197.30594156901043,2026-01-03 08:03:22.094467,2026-01-03 08:03:45.682143,0 days 00:00:23.587676,relu,0.10696903145343495,29,0.0009934935092119792,1,False,robust,8.19354030791691e-06,COMPLETE
937,145.62911987304688,2026-01-03 08:03:45.689143,2026-01-03 08:04:12.573382,0 days 00:00:26.884239,relu,0.15471114970640465,31,0.09991450731558742,2,True,standard,1.541971397702582e-05,COMPLETE
938,144.4130096435547,2026-01-03 08:04:12.582382,2026-01-03 08:04:39.336573,0 days 00:00:26.754191,relu,0.11940018336114142,27,0.08086901617999058,2,True,standard,1.5211940074979253e-06,COMPLETE
939,142.39956665039062,2026-01-03 08:04:39.344577,2026-01-03 08:05:06.092799,0 days 00:00:26.748222,relu,0.12569004649881488,28,0.08872739805958271,2,True,standard,1.774094222590865e-05,COMPLETE
940,147.2904510498047,2026-01-03 08:05:06.101798,2026-01-03 08:05:32.849503,0 days 00:00:26.747705,relu,0.17192425858085736,30,0.06855539778122761,2,True,standard,2.2580129875555332e-05,COMPLETE
941,160.49288940429688,2026-01-03 08:05:32.857504,2026-01-03 08:06:00.557202,0 days 00:00:27.699698,mish,0.10012147574559983,31,0.07882467664532977,2,True,standard,5.790336748404618e-05,COMPLETE
942,143.15383911132812,2026-01-03 08:06:00.566202,2026-01-03 08:06:27.272900,0 days 00:00:26.706698,relu,0.11184518892023425,29,0.08553901401839478,2,True,standard,1.2002084722021961e-05,COMPLETE
943,143.0906982421875,2026-01-03 08:06:27.280898,2026-01-03 08:06:53.909095,0 days 00:00:26.628197,relu,0.1193726325464967,31,0.09986570680019206,2,True,standard,2.0292920461436358e-05,COMPLETE
944,179.9505157470703,2026-01-03 08:06:53.918099,2026-01-03 08:07:20.738290,0 days 00:00:26.820191,relu,0.4807273051552893,29,0.058976138937082666,2,True,standard,1.7299940017743917e-05,COMPLETE
945,141.88388061523438,2026-01-03 08:07:20.747291,2026-01-03 08:07:47.507482,0 days 00:00:26.760191,relu,0.11292931118308616,31,0.0687496212249766,2,True,standard,9.858521997621524e-06,COMPLETE
946,138.69509887695312,2026-01-03 08:07:47.514482,2026-01-03 08:08:14.293707,0 days 00:00:26.779225,relu,0.10678380459078987,30,0.08791544668195132,2,True,standard,2.340825909108437e-05,COMPLETE
947,144.67445373535156,2026-01-03 08:08:14.301707,2026-01-03 08:08:42.896440,0 days 00:00:28.594733,gelu,0.1068174235828632,27,0.08747232579172251,2,True,standard,2.873495380327995e-05,COMPLETE
948,144.6354522705078,2026-01-03 08:08:42.906439,2026-01-03 08:09:09.753608,0 days 00:00:26.847169,relu,0.13079409215223364,28,0.08672262490069296,2,True,standard,2.2256630918042364e-05,COMPLETE
949,142.71823120117188,2026-01-03 08:09:09.761611,2026-01-03 08:09:36.375820,0 days 00:00:26.614209,relu,0.10774706666977912,28,0.08941803701178797,2,True,standard,2.4576249865434566e-05,COMPLETE
950,177.09092712402344,2026-01-03 08:09:36.384823,2026-01-03 08:10:03.125507,0 days 00:00:26.740684,relu,0.11940204273745623,29,0.09954373859933051,2,True,minmax,2.9224464150460603e-05,COMPLETE
951,142.4437713623047,2026-01-03 08:10:03.134507,2026-01-03 08:10:29.724717,0 days 00:00:26.590210,relu,0.10002170907004153,27,0.07896119044077678,2,True,standard,2.5180449844972547e-05,COMPLETE
952,142.45594787597656,2026-01-03 08:10:29.733718,2026-01-03 08:10:56.608969,0 days 00:00:26.875251,relu,0.11468817339612127,30,0.0999826405392605,2,True,standard,2.02249683255279e-05,COMPLETE
953,140.97943115234375,2026-01-03 08:10:56.618969,2026-01-03 08:11:23.398691,0 days 00:00:26.779722,relu,0.10806036446347857,29,0.0799135689041141,2,True,standard,2.2926228419194218e-05,COMPLETE
954,169.29086303710938,2026-01-03 08:11:23.407694,2026-01-03 08:11:50.263399,0 days 00:00:26.855705,silu,0.12387823868745526,30,0.08791554651500835,2,True,standard,1.8196969621967275e-05,COMPLETE
955,143.6901397705078,2026-01-03 08:11:50.272402,2026-01-03 08:12:17.188609,0 days 00:00:26.916207,relu,0.1409164886822742,30,0.07901187284923734,2,True,standard,3.109900172340378e-05,COMPLETE
956,143.74673461914062,2026-01-03 08:12:17.197605,2026-01-03 08:12:44.271314,0 days 00:00:27.073709,relu,0.11779457281018413,28,0.08935652799229536,2,True,standard,2.644863133934208e-05,COMPLETE
957,169.8294677734375,2026-01-03 08:12:44.281316,2026-01-03 08:13:10.962999,0 days 00:00:26.681683,relu,0.10027224791336072,26,0.09976607687295092,2,True,none,2.1074924355871704e-05,COMPLETE
958,198.30202209472654,2026-01-03 08:13:10.970999,2026-01-03 08:13:37.140722,0 days 00:00:26.169723,relu,0.10900388817416394,29,0.0009939789901875105,2,False,standard,1.62165721118464e-05,COMPLETE
959,141.77444458007812,2026-01-03 08:13:37.147724,2026-01-03 08:14:03.962424,0 days 00:00:26.814700,relu,0.12699731940282213,31,0.07457360614905648,2,True,standard,3.5012036552831416e-05,COMPLETE
960,140.14984130859375,2026-01-03 08:14:03.970425,2026-01-03 08:14:30.874140,0 days 00:00:26.903715,relu,0.1071772784115779,30,0.08711347378052632,2,True,standard,1.8715998257342368e-05,COMPLETE
961,151.89932250976562,2026-01-03 08:14:30.882140,2026-01-03 08:14:57.635840,0 days 00:00:26.753700,relu,0.11522301619214065,27,0.07793612380709306,2,True,robust,2.3420777788678606e-05,COMPLETE
962,136.91163635253906,2026-01-03 08:14:57.644843,2026-01-03 08:15:24.381060,0 days 00:00:26.736217,relu,0.10025680029048473,31,0.08897650909005579,2,True,standard,2.7749221308278813e-05,COMPLETE
963,140.72055053710938,2026-01-03 08:15:24.389060,2026-01-03 08:15:51.073255,0 days 00:00:26.684195,relu,0.10562724892122702,31,0.08825223989350367,2,True,standard,3.528522623943612e-05,COMPLETE
964,141.76669311523438,2026-01-03 08:15:51.082258,2026-01-03 08:16:17.755983,0 days 00:00:26.673725,relu,0.10655039203614873,32,0.08777892037920991,2,True,standard,2.983938576729026e-05,COMPLETE
965,174.61843872070312,2026-01-03 08:16:17.763981,2026-01-03 08:16:43.920189,0 days 00:00:26.156208,relu,0.10016048440372688,7,0.08815895636822997,2,True,standard,2.7600141502409738e-05,COMPLETE
966,155.83108520507812,2026-01-03 08:16:43.929187,2026-01-03 08:17:11.671876,0 days 00:00:27.742689,mish,0.10001113578856136,32,0.08958002316590188,2,True,standard,2.657803832636021e-05,COMPLETE
967,142.557861328125,2026-01-03 08:17:11.679389,2026-01-03 08:17:38.617599,0 days 00:00:26.938210,relu,0.11376600826022201,31,0.0989427875466915,2,True,standard,3.157570838343387e-05,COMPLETE
968,139.89501953125,2026-01-03 08:17:38.626601,2026-01-03 08:18:05.432290,0 days 00:00:26.805689,relu,0.13409135948696826,29,0.07823829586093803,2,True,standard,2.4210041084154132e-05,COMPLETE
969,173.00363159179688,2026-01-03 08:18:05.441293,2026-01-03 08:18:32.281535,0 days 00:00:26.840242,relu,0.1001988171803475,30,0.09997932407339521,2,True,minmax,3.844533179100749e-05,COMPLETE
970,143.7672882080078,2026-01-03 08:18:32.290538,2026-01-03 08:18:58.983746,0 days 00:00:26.693208,relu,0.12015235560904682,31,0.07118950164114801,2,True,standard,2.1442033163091247e-05,COMPLETE
971,142.3759765625,2026-01-03 08:18:58.992749,2026-01-03 08:19:25.863953,0 days 00:00:26.871204,relu,0.10906575228719671,32,0.0876556781152636,2,True,standard,2.615771243704066e-05,COMPLETE
972,142.39920043945312,2026-01-03 08:19:25.871953,2026-01-03 08:19:52.667973,0 days 00:00:26.796020,relu,0.11542624554673091,29,0.07818806536400048,2,True,standard,3.130774725075745e-05,COMPLETE
973,148.382568359375,2026-01-03 08:19:52.676973,2026-01-03 08:20:21.335646,0 days 00:00:28.658673,gelu,0.12316551073738052,28,0.09948778226431598,2,True,standard,2.2931621343623357e-05,COMPLETE
974,197.62209004720052,2026-01-03 08:20:21.344649,2026-01-03 08:20:45.099339,0 days 00:00:23.754690,relu,0.10794966832159042,30,0.0009942502381962372,1,False,standard,1.854715156896548e-05,COMPLETE
975,141.13653564453125,2026-01-03 08:20:45.107335,2026-01-03 08:21:11.845017,0 days 00:00:26.737682,relu,0.1133027828892474,32,0.07004006057230756,2,True,standard,4.2674424007554746e-05,COMPLETE
976,140.93325805664062,2026-01-03 08:21:11.854019,2026-01-03 08:21:38.617750,0 days 00:00:26.763731,relu,0.12668220826423285,31,0.08748052202242247,2,True,standard,2.735199234492256e-05,COMPLETE
977,139.6968994140625,2026-01-03 08:21:38.625747,2026-01-03 08:22:05.607472,0 days 00:00:26.981725,relu,0.10758995865040151,32,0.07939885979679646,2,True,standard,2.0812436443530266e-05,COMPLETE
978,156.3203887939453,2026-01-03 08:22:05.616472,2026-01-03 08:22:32.505695,0 days 00:00:26.889223,silu,0.11953524449197762,30,0.09924820931046283,2,True,standard,1.5206283406577538e-05,COMPLETE
979,175.22682189941406,2026-01-03 08:22:32.514694,2026-01-03 08:22:59.396778,0 days 00:00:26.882084,relu,0.4277657694293437,29,0.0887213088047498,2,True,standard,3.3559888350319726e-05,COMPLETE
980,138.99232482910156,2026-01-03 08:22:59.405781,2026-01-03 08:23:26.281473,0 days 00:00:26.875692,relu,0.10038424761572946,31,0.07109071573100778,2,True,standard,2.3647467977433266e-05,COMPLETE
981,170.00567626953125,2026-01-03 08:23:26.290468,2026-01-03 08:23:52.973673,0 days 00:00:26.683205,relu,0.10008436397334353,32,0.0581757891306084,2,True,none,3.0140563115491556e-05,COMPLETE
982,141.1481475830078,2026-01-03 08:23:52.983676,2026-01-03 08:24:19.937874,0 days 00:00:26.954198,relu,0.10007734946325855,31,0.06408840113472172,2,True,standard,2.5190473133188618e-05,COMPLETE
983,142.58468627929688,2026-01-03 08:24:19.944874,2026-01-03 08:24:46.658084,0 days 00:00:26.713210,relu,0.1067465474869619,32,0.06307146595767886,2,True,standard,2.7257109991687863e-05,COMPLETE
984,169.6154022216797,2026-01-03 08:24:46.666079,2026-01-03 08:25:12.690757,0 days 00:00:26.024678,relu,0.1003590300703182,9,0.0694875714242216,2,True,standard,2.3695781143499425e-05,COMPLETE
985,176.10787963867188,2026-01-03 08:25:12.700759,2026-01-03 08:25:39.380938,0 days 00:00:26.680179,relu,0.1124645916402363,31,0.005992459741157235,2,True,standard,3.3935862999631067e-05,COMPLETE
986,153.9285430908203,2026-01-03 08:25:39.389938,2026-01-03 08:26:06.163154,0 days 00:00:26.773216,relu,0.11419050857914902,30,0.06619113182683188,2,True,robust,2.9341029340838294e-05,COMPLETE
987,143.59457397460938,2026-01-03 08:26:06.172154,2026-01-03 08:26:32.806839,0 days 00:00:26.634685,relu,0.10814238495309925,32,0.0737705553921076,2,True,standard,2.3865520685765645e-05,COMPLETE
988,148.76507568359375,2026-01-03 08:26:32.814843,2026-01-03 08:26:59.619308,0 days 00:00:26.804465,relu,0.13504760109265315,30,0.056570636637814996,2,True,standard,2.165088357944659e-05,COMPLETE
989,159.19500732421875,2026-01-03 08:26:59.627308,2026-01-03 08:27:25.871540,0 days 00:00:26.244232,relu,0.11705024771212233,17,0.0723529011182815,2,True,standard,3.869960143397469e-05,COMPLETE
990,159.2564697265625,2026-01-03 08:27:25.880535,2026-01-03 08:27:52.917237,0 days 00:00:27.036702,relu,0.2761064223643816,31,0.04959311748141631,2,True,standard,2.6578143042147912e-05,COMPLETE
991,150.9159393310547,2026-01-03 08:27:52.925238,2026-01-03 08:28:20.667946,0 days 00:00:27.742708,mish,0.10717388903881869,32,0.07733816115913392,2,True,standard,2.1172659758432673e-05,COMPLETE
992,144.3496551513672,2026-01-03 08:28:20.675946,2026-01-03 08:28:47.616648,0 days 00:00:26.940702,relu,0.12484620415818289,30,0.07717127761325737,2,True,standard,2.9777902359242913e-05,COMPLETE
993,144.02183532714844,2026-01-03 08:28:47.625650,2026-01-03 08:29:14.470845,0 days 00:00:26.845195,relu,0.10036645459636259,32,0.0684101014993317,2,True,standard,1.902802028293707e-05,COMPLETE
994,199.15310180664062,2026-01-03 08:29:14.478842,2026-01-03 08:29:40.706026,0 days 00:00:26.227184,relu,0.11401658500626449,28,0.0009941138935431629,2,False,minmax,2.5779851592561186e-05,COMPLETE
995,137.3158416748047,2026-01-03 08:29:40.716028,2026-01-03 08:30:07.593742,0 days 00:00:26.877714,relu,0.10023805445956346,31,0.08465843780683166,2,True,standard,2.243288202986232e-05,COMPLETE
996,143.39715576171875,2026-01-03 08:30:07.602742,2026-01-03 08:30:34.333458,0 days 00:00:26.730716,relu,0.10744976794053061,32,0.05963665553160253,2,True,standard,2.354187553517492e-05,COMPLETE
997,143.27145385742188,2026-01-03 08:30:34.341469,2026-01-03 08:31:03.186195,0 days 00:00:28.844726,gelu,0.10035702904309926,31,0.06480853826472864,2,True,standard,2.457766998068018e-05,COMPLETE
998,193.74310302734375,2026-01-03 08:31:03.194191,2026-01-03 08:31:30.075401,0 days 00:00:26.881210,relu,0.10023017066808741,31,0.0005614338742235557,2,True,standard,3.135833265113324e-05,COMPLETE
999,145.10971069335938,2026-01-03 08:31:30.083402,2026-01-03 08:31:56.761102,0 days 00:00:26.677700,relu,0.10715983741300024,32,0.053100437894430016,2,True,standard,2.789149926653207e-05,COMPLETE
1000,141.9914093017578,2026-01-03 08:31:56.770101,2026-01-03 08:32:23.465304,0 days 00:00:26.695203,relu,0.10060565952136648,30,0.07824649392287503,2,True,standard,2.226593185455635e-05,COMPLETE
1001,144.02745056152344,2026-01-03 08:32:23.474303,2026-01-03 08:32:50.151497,0 days 00:00:26.677194,relu,0.10654767966300144,29,0.07093288737300281,2,True,standard,3.285445801316307e-05,COMPLETE
1002,142.47181701660156,2026-01-03 08:32:50.160501,2026-01-03 08:33:17.191703,0 days 00:00:27.031202,relu,0.10816704475158674,31,0.06261436161663621,2,True,standard,2.6964870712281604e-05,COMPLETE
1003,162.1162872314453,2026-01-03 08:33:17.199703,2026-01-03 08:33:44.192402,0 days 00:00:26.992699,silu,0.11185515266711576,30,0.08047042845137094,2,True,standard,2.1297955452459076e-05,COMPLETE
1004,141.0535125732422,2026-01-03 08:33:44.201401,2026-01-03 08:34:10.878599,0 days 00:00:26.677198,relu,0.10649448091151681,32,0.08235992514100576,2,True,standard,1.9925974827617916e-05,COMPLETE
1005,142.73880004882812,2026-01-03 08:34:10.886599,2026-01-03 08:34:37.832827,0 days 00:00:26.946228,relu,0.10023049106117242,30,0.06813085284011905,2,True,standard,2.3378332170956718e-05,COMPLETE
1006,142.39088439941406,2026-01-03 08:34:37.841827,2026-01-03 08:35:05.135529,0 days 00:00:27.293702,relu,0.11322093974838711,32,0.0776769550010625,2,True,standard,2.907169746724269e-05,COMPLETE
1007,171.57711791992188,2026-01-03 08:35:05.143526,2026-01-03 08:35:31.813187,0 days 00:00:26.669661,relu,0.10769979362301932,29,0.08236295248109327,2,True,none,3.584294621115227e-05,COMPLETE
1008,173.065673828125,2026-01-03 08:35:31.821188,2026-01-03 08:35:57.950861,0 days 00:00:26.129673,relu,0.11422081527584609,10,0.08674669809038969,2,True,standard,2.3601526120130795e-05,COMPLETE
1009,142.2144317626953,2026-01-03 08:35:57.960862,2026-01-03 08:36:24.867550,0 days 00:00:26.906688,relu,0.10001745425981198,31,0.0583939333835613,2,True,standard,4.4517873766832916e-05,COMPLETE
1010,148.88804626464844,2026-01-03 08:36:24.875549,2026-01-03 08:36:51.602233,0 days 00:00:26.726684,relu,0.10714829552926006,28,0.07148675662427738,2,True,robust,1.953884047220027e-05,COMPLETE
1011,140.24612426757812,2026-01-03 08:36:51.610237,2026-01-03 08:37:18.595912,0 days 00:00:26.985675,relu,0.11604111466854455,31,0.08862018471059563,2,True,standard,2.6129035976924178e-05,COMPLETE
1012,142.94395446777344,2026-01-03 08:37:18.603912,2026-01-03 08:37:45.152629,0 days 00:00:26.548717,relu,0.11322011117399834,32,0.07086087119335949,2,True,standard,1.7487902915840325e-05,COMPLETE
1013,198.39452365451388,2026-01-03 08:37:45.160626,2026-01-03 08:38:08.574323,0 days 00:00:23.413697,relu,0.37371944980644356,29,0.0009929654859417555,1,False,standard,2.1674251971364122e-05,COMPLETE
1014,143.9961395263672,2026-01-03 08:38:08.584325,2026-01-03 08:38:35.323009,0 days 00:00:26.738684,relu,0.10642586274630655,30,0.08122866915235301,2,True,standard,2.495516582263527e-05,COMPLETE
1015,142.3560028076172,2026-01-03 08:38:35.331010,2026-01-03 08:39:02.059190,0 days 00:00:26.728180,relu,0.11907844635393491,30,0.08607995374748058,2,True,standard,3.243667540246379e-05,COMPLETE
1016,186.31735229492188,2026-01-03 08:39:02.067189,2026-01-03 08:39:29.835382,0 days 00:00:27.768193,mish,0.1070070346389929,32,0.09996993860265507,2,True,minmax,2.7732471771904418e-05,COMPLETE
1017,145.542724609375,2026-01-03 08:39:29.843382,2026-01-03 08:39:56.494570,0 days 00:00:26.651188,relu,0.10052225741510529,28,0.05340186574814542,2,True,standard,1.8262825936400547e-05,COMPLETE
1018,145.24966430664062,2026-01-03 08:39:56.502572,2026-01-03 08:40:23.386254,0 days 00:00:26.883682,relu,0.12211207727105348,30,0.06246873225186924,2,True,standard,2.1686670221253003e-05,COMPLETE
1019,142.35336303710938,2026-01-03 08:40:23.396257,2026-01-03 08:40:50.190443,0 days 00:00:26.794186,relu,0.11263056702811178,31,0.07196992227983606,2,True,standard,3.997077169249312e-05,COMPLETE
1020,137.90786743164062,2026-01-03 08:40:50.197443,2026-01-03 08:41:17.175644,0 days 00:00:26.978201,relu,0.10737082646057688,32,0.0882769739570444,2,True,standard,2.420542898009596e-05,COMPLETE
1021,149.5413360595703,2026-01-03 08:41:17.184643,2026-01-03 08:41:43.850319,0 days 00:00:26.665676,relu,0.1192574812234932,32,0.06345648784366797,2,True,standard,3.126709801929389e-05,COMPLETE
1022,147.92715454101562,2026-01-03 08:41:43.858323,2026-01-03 08:42:10.587474,0 days 00:00:26.729151,relu,0.12698425422020568,32,0.07407439373263053,2,True,standard,2.7397737634113203e-05,COMPLETE
1023,157.9203338623047,2026-01-03 08:42:10.595474,2026-01-03 08:42:39.069703,0 days 00:00:28.474229,gelu,0.1004525931833431,32,0.042443448877122744,2,True,standard,3.591742634250757e-05,COMPLETE
1024,142.95651245117188,2026-01-03 08:42:39.077702,2026-01-03 08:43:05.994940,0 days 00:00:26.917238,relu,0.10038922638139013,32,0.07678555781210404,2,True,standard,2.5089688274699265e-05,COMPLETE
1025,143.89825439453125,2026-01-03 08:43:06.002940,2026-01-03 08:43:32.908628,0 days 00:00:26.905688,relu,0.11407701573534725,31,0.06354500071198695,2,True,standard,2.918854492066702e-05,COMPLETE
1026,137.49923706054688,2026-01-03 08:43:32.917627,2026-01-03 08:43:59.922824,0 days 00:00:27.005197,relu,0.10003667947712878,31,0.08678128336862924,2,True,standard,2.3929279926238877e-05,COMPLETE
1027,164.98902893066406,2026-01-03 08:43:59.930823,2026-01-03 08:44:26.880039,0 days 00:00:26.949216,silu,0.11218821931639737,31,0.0851969041248031,2,True,standard,3.231516611562517e-05,COMPLETE
1028,142.5435333251953,2026-01-03 08:44:26.888036,2026-01-03 08:44:53.644718,0 days 00:00:26.756682,relu,0.12020394985278016,32,0.0877024998583762,2,True,standard,2.6137034653916212e-05,COMPLETE
1029,138.8013153076172,2026-01-03 08:44:53.652715,2026-01-03 08:45:20.445899,0 days 00:00:26.793184,relu,0.1000581964852791,30,0.08759089190994075,2,True,standard,2.2869257285623027e-05,COMPLETE
1030,139.7542724609375,2026-01-03 08:45:20.455901,2026-01-03 08:45:47.225116,0 days 00:00:26.769215,relu,0.11071689525415303,29,0.07977052744413211,2,True,standard,2.0722284857662143e-05,COMPLETE
1031,173.08029174804688,2026-01-03 08:45:47.234116,2026-01-03 08:46:14.063809,0 days 00:00:26.829693,relu,0.1079532005325092,30,0.08817797386985898,2,True,none,2.2639305082668233e-05,COMPLETE
1032,201.30783331976994,2026-01-03 08:46:14.072813,2026-01-03 08:46:40.282510,0 days 00:00:26.209697,relu,0.3556830797657259,30,0.0009944072345474861,2,False,standard,2.0759267849067564e-05,COMPLETE
1033,142.45956420898438,2026-01-03 08:46:40.290513,2026-01-03 08:47:07.139192,0 days 00:00:26.848679,relu,0.10942980257763411,30,0.08829069075362274,2,True,standard,2.383786218001857e-05,COMPLETE
1034,141.41815185546875,2026-01-03 08:47:07.150192,2026-01-03 08:47:33.770395,0 days 00:00:26.620203,relu,0.10055731050548763,28,0.07777812024419657,2,True,standard,2.011317021446847e-05,COMPLETE
1035,144.18399047851562,2026-01-03 08:47:33.779396,2026-01-03 08:48:00.505564,0 days 00:00:26.726168,relu,0.10072211105497643,29,0.08901509533494979,2,True,robust,2.499743358666203e-05,COMPLETE
1036,141.6289825439453,2026-01-03 08:48:00.513566,2026-01-03 08:48:27.342284,0 days 00:00:26.828718,relu,0.10009220977180913,30,0.07820374630930488,2,True,standard,2.1964563856802044e-05,COMPLETE
1037,207.2671661376953,2026-01-03 08:48:27.351284,2026-01-03 08:48:54.117470,0 days 00:00:26.766186,relu,0.38997888750033427,31,0.00013197965544427126,2,True,standard,1.957650143052565e-05,COMPLETE
1038,143.47911071777344,2026-01-03 08:48:54.139468,2026-01-03 08:49:20.951639,0 days 00:00:26.812171,relu,0.11668463706034465,29,0.09981083338348345,2,True,standard,2.460646203378696e-05,COMPLETE
1039,140.93231201171875,2026-01-03 08:49:20.959639,2026-01-03 08:49:47.977350,0 days 00:00:27.017711,relu,0.10719642123441951,31,0.09997996618973237,2,True,standard,1.7308030929126184e-05,COMPLETE
1040,197.20809936523438,2026-01-03 08:49:47.985349,2026-01-03 08:50:15.423543,0 days 00:00:27.438194,mish,0.1268542887094377,28,0.0026400187212846783,2,True,minmax,2.777188992069173e-05,COMPLETE
1041,143.30899047851562,2026-01-03 08:50:15.431543,2026-01-03 08:50:42.200231,0 days 00:00:26.768688,relu,0.11433021044052384,32,0.07245852258694835,2,True,standard,2.2813339313444533e-05,COMPLETE
1042,141.38775634765625,2026-01-03 08:50:42.209233,2026-01-03 08:51:08.991392,0 days 00:00:26.782159,relu,0.1002118635438637,30,0.08757793264717263,2,True,standard,1.9806928712344255e-05,COMPLETE
1043,177.93287658691406,2026-01-03 08:51:09.000393,2026-01-03 08:51:35.156068,0 days 00:00:26.155675,relu,0.10029080385798192,6,0.07992093795414741,2,True,standard,2.6133739086121252e-05,COMPLETE
1044,169.72299194335938,2026-01-03 08:51:35.164067,2026-01-03 08:52:01.935262,0 days 00:00:26.771195,relu,0.3432067638248829,27,0.06774203660311957,2,True,standard,2.143641346375751e-05,COMPLETE
1045,141.8859100341797,2026-01-03 08:52:01.943263,2026-01-03 08:52:28.855446,0 days 00:00:26.912183,relu,0.12154338826931392,29,0.0878977635443489,2,True,standard,2.3615611046637036e-05,COMPLETE
1046,153.1839599609375,2026-01-03 08:52:28.863448,2026-01-03 08:52:57.547655,0 days 00:00:28.684207,gelu,0.1073847085953285,31,0.07865870383276233,2,True,standard,1.8101054516634623e-05,COMPLETE
1047,140.42391967773438,2026-01-03 08:52:57.556656,2026-01-03 08:53:24.346325,0 days 00:00:26.789669,relu,0.10001092822053037,30,0.09986157157460428,2,True,standard,2.5174546404318846e-06,COMPLETE
1048,218.9275665283203,2026-01-03 08:53:24.354325,2026-01-03 08:53:50.145506,0 days 00:00:25.791181,relu,0.3183663819968791,4,0.07060754421312136,2,True,standard,2.9532019971552245e-05,COMPLETE
1049,139.93710327148438,2026-01-03 08:53:50.155505,2026-01-03 08:54:16.963713,0 days 00:00:26.808208,relu,0.11362522787075355,31,0.08808035875719765,2,True,standard,1.9213783583688228e-05,COMPLETE
1050,145.01242065429688,2026-01-03 08:54:16.971714,2026-01-03 08:54:43.617407,0 days 00:00:26.645693,relu,0.1309014025760878,32,0.06119871934093269,2,True,standard,2.647497446286706e-05,COMPLETE
1051,197.8676281738281,2026-01-03 08:54:43.626407,2026-01-03 08:55:07.203376,0 days 00:00:23.576969,silu,0.12006277038770878,20,0.0009948772135382365,1,False,standard,1.6754154170434813e-05,COMPLETE
1052,139.88088989257812,2026-01-03 08:55:07.212373,2026-01-03 08:55:34.086070,0 days 00:00:26.873697,relu,0.10782580819635441,29,0.07977727310847721,2,True,standard,2.1968978598066453e-05,COMPLETE
1053,144.93270874023438,2026-01-03 08:55:34.093075,2026-01-03 08:56:00.742245,0 days 00:00:26.649170,relu,0.1435465960056179,28,0.08798735955040088,2,True,standard,2.3387290329276694e-05,COMPLETE
1054,143.29556274414062,2026-01-03 08:56:00.751243,2026-01-03 08:56:27.478428,0 days 00:00:26.727185,relu,0.11210253143057654,30,0.06913636226782097,2,True,standard,6.6025490185434636e-06,COMPLETE
1055,172.42608642578125,2026-01-03 08:56:27.487428,2026-01-03 08:56:54.254120,0 days 00:00:26.766692,relu,0.11917770877754796,32,0.09998523075799319,2,True,none,1.978326273556862e-05,COMPLETE
1056,141.27450561523438,2026-01-03 08:56:54.262117,2026-01-03 08:57:21.055272,0 days 00:00:26.793155,relu,0.10759467199561319,27,0.07788918263548782,2,True,standard,2.9506340910748756e-05,COMPLETE
1057,139.61874389648438,2026-01-03 08:57:21.064268,2026-01-03 08:57:47.830966,0 days 00:00:26.766698,relu,0.10008844023196302,31,0.08931771679078021,2,True,standard,1.657544393376215e-05,COMPLETE
1058,176.0015869140625,2026-01-03 08:57:47.840967,2026-01-03 08:58:13.914660,0 days 00:00:26.073693,relu,0.1309745946912083,8,0.07031718912518096,2,True,standard,2.6696006290522905e-05,COMPLETE
1059,144.05691528320312,2026-01-03 08:58:13.923660,2026-01-03 08:58:40.887336,0 days 00:00:26.963676,relu,0.1140891702983916,30,0.05390387807912772,2,True,standard,2.244981160205277e-05,COMPLETE
1060,150.0068817138672,2026-01-03 08:58:40.896336,2026-01-03 08:59:07.770023,0 days 00:00:26.873687,relu,0.15923826634544197,32,0.08788011450650657,2,True,robust,1.4497302895836526e-05,COMPLETE
1061,196.20045471191406,2026-01-03 08:59:07.778023,2026-01-03 08:59:34.587723,0 days 00:00:26.809700,relu,0.1001568312436237,29,0.00038319387451392974,2,True,standard,1.862138058244691e-05,COMPLETE
1062,144.05520629882812,2026-01-03 08:59:34.596722,2026-01-03 09:00:01.521406,0 days 00:00:26.924684,relu,0.12416881198996352,31,0.07817018386800233,2,True,standard,3.4820591991946405e-05,COMPLETE
1063,142.19752502441406,2026-01-03 09:00:01.531404,2026-01-03 09:00:28.414087,0 days 00:00:26.882683,relu,0.10822244919143938,32,0.06333221763506382,2,True,standard,2.4517448626226703e-05,COMPLETE
1064,178.7969512939453,2026-01-03 09:00:28.423089,2026-01-03 09:00:56.302758,0 days 00:00:27.879669,mish,0.11419888146372148,30,0.0998744227261086,2,True,minmax,2.0907621353331852e-05,COMPLETE
1065,145.5848388671875,2026-01-03 09:00:56.311757,2026-01-03 09:01:23.206973,0 days 00:00:26.895216,relu,0.10812411240873554,28,0.08044128554107537,2,True,standard,2.7063960987669023e-05,COMPLETE
1066,141.941162109375,2026-01-03 09:01:23.213973,2026-01-03 09:01:50.031153,0 days 00:00:26.817180,relu,0.12194409886105764,29,0.07118437379360572,2,True,standard,1.659932727496932e-05,COMPLETE
1067,144.5603790283203,2026-01-03 09:01:50.040150,2026-01-03 09:02:16.696856,0 days 00:00:26.656706,relu,0.1371571178228817,30,0.08617220063719458,2,True,standard,3.104008938088313e-05,COMPLETE
1068,139.9766082763672,2026-01-03 09:02:16.704856,2026-01-03 09:02:43.545543,0 days 00:00:26.840687,relu,0.10012474678009707,32,0.08863952663920872,2,True,standard,2.064205825389024e-05,COMPLETE
1069,198.218313530816,2026-01-03 09:02:43.553543,2026-01-03 09:03:09.655714,0 days 00:00:26.102171,relu,0.11525503969173932,27,0.0009936736903948162,2,False,standard,2.3739256904307446e-05,COMPLETE
1070,148.3777618408203,2026-01-03 09:03:09.663713,2026-01-03 09:03:38.398929,0 days 00:00:28.735216,gelu,0.10736789844326722,31,0.06345627222694065,2,True,standard,1.8074710015091477e-05,COMPLETE
1071,197.14186096191406,2026-01-03 09:03:38.406929,2026-01-03 09:04:05.224677,0 days 00:00:26.817748,relu,0.12277591147427093,30,0.00019395368940440462,2,True,standard,2.8102231714026547e-05,COMPLETE
1072,144.91429138183594,2026-01-03 09:04:05.232676,2026-01-03 09:04:32.087880,0 days 00:00:26.855204,relu,0.10756175434840708,32,0.07765445951323763,2,True,standard,2.4052997701821075e-05,COMPLETE
1073,158.97225952148438,2026-01-03 09:04:32.095876,2026-01-03 09:04:58.925069,0 days 00:00:26.829193,relu,0.23225767938447955,28,0.08808691537436825,2,True,standard,1.9867825224464888e-05,COMPLETE
1074,144.5517578125,2026-01-03 09:04:58.934069,2026-01-03 09:05:25.756768,0 days 00:00:26.822699,relu,0.11578490290078429,29,0.07080750178083355,2,True,standard,1.4226397071752796e-05,COMPLETE
1075,146.18771362304688,2026-01-03 09:05:25.764769,2026-01-03 09:05:52.744428,0 days 00:00:26.979659,relu,0.1297845816421123,31,0.058414866461709486,2,True,standard,2.272873249174781e-05,COMPLETE
1076,164.32696533203125,2026-01-03 09:05:52.752432,2026-01-03 09:06:19.600126,0 days 00:00:26.847694,silu,0.10726791529837514,29,0.08883163237303997,2,True,standard,3.3722657596592e-05,COMPLETE
1077,142.1654052734375,2026-01-03 09:06:19.608130,2026-01-03 09:06:46.436796,0 days 00:00:26.828666,relu,0.117406063742221,32,0.07495400170430322,2,True,standard,1.8030516583992137e-06,COMPLETE
1078,143.3737030029297,2026-01-03 09:06:46.444800,2026-01-03 09:07:13.168474,0 days 00:00:26.723674,relu,0.10716219621956624,26,0.09985676476636743,2,True,standard,2.5445709135148725e-05,COMPLETE
1079,171.39889526367188,2026-01-03 09:07:13.177476,2026-01-03 09:07:40.093646,0 days 00:00:26.916170,relu,0.12617512872897216,30,0.07851622373237,2,True,none,1.7510702698936843e-05,COMPLETE
1080,179.73854064941406,2026-01-03 09:07:40.102646,2026-01-03 09:08:06.707843,0 days 00:00:26.605197,relu,0.10018731580930933,32,0.004458036849815767,2,True,standard,2.0999988456511866e-05,COMPLETE
1081,142.04354858398438,2026-01-03 09:08:06.716845,2026-01-03 09:08:33.554549,0 days 00:00:26.837704,relu,0.11395931713994294,31,0.09969870821776135,2,True,standard,1.582009999477923e-05,COMPLETE
1082,146.0133056640625,2026-01-03 09:08:33.562549,2026-01-03 09:09:00.539733,0 days 00:00:26.977184,relu,0.10772623636369914,29,0.06540384659478024,2,True,standard,3.0105150309461855e-05,COMPLETE
1083,140.05322265625,2026-01-03 09:09:00.548733,2026-01-03 09:09:27.547426,0 days 00:00:26.998693,relu,0.12109310668586368,31,0.0997648308728573,2,True,standard,8.09797637601718e-06,COMPLETE
1084,146.1905059814453,2026-01-03 09:09:27.556423,2026-01-03 09:09:54.291078,0 days 00:00:26.734655,relu,0.11252429658588535,30,0.08667382438048218,2,True,robust,2.7660422000851492e-05,COMPLETE
1085,148.22361755371094,2026-01-03 09:09:54.299082,2026-01-03 09:10:21.044743,0 days 00:00:26.745661,relu,0.1818760487810816,28,0.07926252853235467,2,True,standard,1.927451779748499e-05,COMPLETE
1086,147.62237548828125,2026-01-03 09:10:21.054745,2026-01-03 09:10:47.863437,0 days 00:00:26.808692,relu,0.13204097657584848,32,0.05108602786034656,2,True,standard,2.260174347885561e-05,COMPLETE
1087,141.44520568847656,2026-01-03 09:10:47.871437,2026-01-03 09:11:14.539137,0 days 00:00:26.667700,relu,0.10684375801309913,27,0.09986904216351097,2,True,standard,3.9826846127934266e-05,COMPLETE
1088,173.00497436523438,2026-01-03 09:11:14.548138,2026-01-03 09:11:41.617831,0 days 00:00:27.069693,relu,0.11891686486292372,30,0.07044152260302614,2,True,minmax,2.4751441989872684e-05,COMPLETE
1089,151.92941284179688,2026-01-03 09:11:41.625831,2026-01-03 09:12:05.894484,0 days 00:00:24.268653,relu,0.11302210818402951,31,0.08639328242047505,1,True,standard,1.3810421594841025e-05,COMPLETE
1090,198.1912708875868,2026-01-03 09:12:05.902489,2026-01-03 09:12:32.255154,0 days 00:00:26.352665,relu,0.10681754826831877,29,0.0009940814432801532,2,False,standard,1.9533311775523944e-05,COMPLETE
1091,164.90933227539062,2026-01-03 09:12:32.262154,2026-01-03 09:13:00.029875,0 days 00:00:27.767721,mish,0.10041736271623115,32,0.0577406209774677,2,True,standard,4.8028970484138075e-05,COMPLETE
1092,143.71450805664062,2026-01-03 09:13:00.037879,2026-01-03 09:13:27.021563,0 days 00:00:26.983684,relu,0.12486164935448464,30,0.0793255003247466,2,True,standard,1.6593407474202324e-05,COMPLETE
1093,140.6409912109375,2026-01-03 09:13:27.029563,2026-01-03 09:13:53.944229,0 days 00:00:26.914666,relu,0.10011901989502986,28,0.0862079548117107,2,True,standard,2.8713488440094734e-05,COMPLETE
1094,145.120849609375,2026-01-03 09:13:53.953229,2026-01-03 09:14:20.866904,0 days 00:00:26.913675,relu,0.13881348440693825,31,0.0677509969622217,2,True,standard,2.188492299558614e-05,COMPLETE
1095,144.87442016601562,2026-01-03 09:14:20.874907,2026-01-03 09:14:49.779117,0 days 00:00:28.904210,gelu,0.11421098236916448,31,0.08793239278129283,2,True,standard,6.119949056396396e-06,COMPLETE
1096,141.81234741210938,2026-01-03 09:14:49.787117,2026-01-03 09:15:16.750822,0 days 00:00:26.963705,relu,0.10014190795864983,30,0.0747966365605196,2,True,standard,3.448469009620684e-05,COMPLETE
1097,140.9789581298828,2026-01-03 09:15:16.758822,2026-01-03 09:15:43.597487,0 days 00:00:26.838665,relu,0.12134119797882018,29,0.08936742707163654,2,True,standard,2.5787828793564576e-05,COMPLETE
1098,140.1832275390625,2026-01-03 09:15:43.606489,2026-01-03 09:16:10.299631,0 days 00:00:26.693142,relu,0.100029937809226,32,0.06467353010009216,2,True,standard,1.8382011427441846e-05,COMPLETE
1099,142.45889282226562,2026-01-03 09:16:10.307635,2026-01-03 09:16:37.081331,0 days 00:00:26.773696,relu,0.11180949130668277,30,0.07897769570676878,2,True,standard,2.1904208784895804e-05,COMPLETE
1100,141.59107971191406,2026-01-03 09:16:37.089332,2026-01-03 09:17:03.993018,0 days 00:00:26.903686,relu,0.10775732454578801,28,0.09957170401707126,2,True,standard,7.112869694557268e-06,COMPLETE
1101,139.28469848632812,2026-01-03 09:17:04.004021,2026-01-03 09:17:30.785700,0 days 00:00:26.781679,relu,0.12719623676638372,32,0.08903108365132228,2,True,standard,1.1758390427282897e-05,COMPLETE
1102,167.28379821777344,2026-01-03 09:17:30.794701,2026-01-03 09:17:57.700378,0 days 00:00:26.905677,silu,0.11726501936289555,29,0.07296161412011276,2,True,standard,1.5436196738267732e-05,COMPLETE
1103,171.6557159423828,2026-01-03 09:17:57.709378,2026-01-03 09:18:24.529097,0 days 00:00:26.819719,relu,0.11215679932542402,31,0.05830205124085504,2,True,none,2.4977891162755086e-05,COMPLETE
1104,165.13414001464844,2026-01-03 09:18:24.539101,2026-01-03 09:18:51.253261,0 days 00:00:26.714160,relu,0.10005569218350659,32,0.01193332634081154,2,True,standard,3.1784335880395985e-05,COMPLETE
1105,142.59835815429688,2026-01-03 09:18:51.261261,2026-01-03 09:19:17.802936,0 days 00:00:26.541675,relu,0.10825668820296003,27,0.08003378905201104,2,True,standard,2.0249815735833718e-05,COMPLETE
1106,168.8965606689453,2026-01-03 09:19:17.811935,2026-01-03 09:19:44.540621,0 days 00:00:26.728686,relu,0.1510543996933692,30,0.009450026333420142,2,True,standard,2.831119107881469e-05,COMPLETE
1107,199.8774500189887,2026-01-03 09:19:44.547623,2026-01-03 09:20:10.568787,0 days 00:00:26.021164,relu,0.28781203741630784,28,0.0009940043447193324,2,False,standard,1.7749962659955493e-05,COMPLETE
1108,146.23605346679688,2026-01-03 09:20:10.577789,2026-01-03 09:20:37.370474,0 days 00:00:26.792685,relu,0.11827938167098022,31,0.09975602191233687,2,True,robust,2.3174807577837345e-05,COMPLETE
1109,142.6923828125,2026-01-03 09:20:37.378473,2026-01-03 09:21:04.249155,0 days 00:00:26.870682,relu,0.1315470816359372,32,0.06866941379540721,2,True,standard,2.578225573501332e-05,COMPLETE
1110,143.10763549804688,2026-01-03 09:21:04.258164,2026-01-03 09:21:31.144849,0 days 00:00:26.886685,relu,0.10858326096816913,29,0.08780694160576331,2,True,standard,1.3936345016278383e-05,COMPLETE
1111,140.06040954589844,2026-01-03 09:21:31.152849,2026-01-03 09:21:57.808515,0 days 00:00:26.655666,relu,0.10014275773999054,30,0.07893696114934237,2,True,standard,2.0606249040760208e-05,COMPLETE
1112,156.9803466796875,2026-01-03 09:21:57.817516,2026-01-03 09:22:25.437188,0 days 00:00:27.619672,mish,0.12361580938408843,26,0.08706083680475495,2,True,standard,3.112372638969827e-05,COMPLETE
1113,173.66802978515625,2026-01-03 09:22:25.445188,2026-01-03 09:22:52.141669,0 days 00:00:26.696481,relu,0.11458518034959543,30,0.0490216370290154,2,True,minmax,8.474085861156825e-06,COMPLETE
1114,141.5106201171875,2026-01-03 09:22:52.149671,2026-01-03 09:23:18.895830,0 days 00:00:26.746159,relu,0.10705376368885856,32,0.06421695274540921,2,True,standard,1.0442065263263715e-05,COMPLETE
1115,158.9510498046875,2026-01-03 09:23:18.903829,2026-01-03 09:23:45.123496,0 days 00:00:26.219667,relu,0.11868787545762455,15,0.07403337425675177,2,True,standard,3.713723442349361e-05,COMPLETE
1116,138.65663146972656,2026-01-03 09:23:45.132499,2026-01-03 09:24:11.985685,0 days 00:00:26.853186,relu,0.10731761065246928,30,0.09942488966756487,2,True,standard,1.790545143802747e-05,COMPLETE
1117,151.8683624267578,2026-01-03 09:24:11.994686,2026-01-03 09:24:38.812878,0 days 00:00:26.818192,relu,0.24846673954068005,31,0.0877916737425449,2,True,standard,1.5994620704897386e-05,COMPLETE
1118,150.30990600585938,2026-01-03 09:24:38.820879,2026-01-03 09:25:07.276582,0 days 00:00:28.455703,gelu,0.10625967291586115,28,0.07762320511624042,2,True,standard,1.3407491507635784e-05,COMPLETE
1119,174.7003631591797,2026-01-03 09:25:07.285581,2026-01-03 09:25:34.114754,0 days 00:00:26.829173,relu,0.4440187950282204,31,0.09968099739910345,2,True,standard,1.5368998685501195e-05,COMPLETE
1120,141.26065063476562,2026-01-03 09:25:34.123753,2026-01-03 09:26:00.810909,0 days 00:00:26.687156,relu,0.1356837585826294,32,0.08862744387718507,2,True,standard,1.7856724599114918e-05,COMPLETE
1121,143.23342895507812,2026-01-03 09:26:00.819909,2026-01-03 09:26:27.614589,0 days 00:00:26.794680,relu,0.11408926061382398,29,0.06867400516336951,2,True,standard,1.2473526737799485e-05,COMPLETE
1122,153.7176971435547,2026-01-03 09:26:27.622589,2026-01-03 09:26:54.281255,0 days 00:00:26.658666,relu,0.2113399131817897,27,0.05856544913629622,2,True,standard,1.5521208701519516e-05,COMPLETE
1123,140.99057006835938,2026-01-03 09:26:54.289254,2026-01-03 09:27:21.005407,0 days 00:00:26.716153,relu,0.1258320540688026,29,0.07919708423696446,2,True,standard,1.7836176688472406e-05,COMPLETE
1124,153.24465942382812,2026-01-03 09:27:21.014407,2026-01-03 09:27:47.977097,0 days 00:00:26.962690,silu,0.10725928208957114,30,0.08956243446640365,2,True,standard,1.9052972189391277e-05,COMPLETE
1125,139.5686492919922,2026-01-03 09:27:47.985100,2026-01-03 09:28:14.747810,0 days 00:00:26.762710,relu,0.10003746407314888,32,0.06870187650811141,2,True,standard,1.4445523196527917e-05,COMPLETE
1126,198.40228881835938,2026-01-03 09:28:14.757810,2026-01-03 09:28:40.889970,0 days 00:00:26.132160,relu,0.11749436854794593,29,0.0009939866767529398,2,False,standard,1.195070293582711e-05,COMPLETE
1127,185.91635131835938,2026-01-03 09:28:40.898972,2026-01-03 09:29:07.703652,0 days 00:00:26.804680,relu,0.33418522830328523,32,0.07881381082001682,2,True,none,1.729472995458262e-05,COMPLETE
1128,140.0238037109375,2026-01-03 09:29:07.712655,2026-01-03 09:29:34.626331,0 days 00:00:26.913676,relu,0.10827690465989977,31,0.08758322808674121,2,True,standard,1.9482670185986365e-05,COMPLETE
1129,151.32907104492188,2026-01-03 09:29:34.634331,2026-01-03 09:29:59.413491,0 days 00:00:24.779160,relu,0.12338736390122343,30,0.0996204151343295,1,True,standard,2.0964672461743517e-05,COMPLETE
1130,139.6067352294922,2026-01-03 09:29:59.421490,2026-01-03 09:30:26.297166,0 days 00:00:26.875676,relu,0.10020361096769644,31,0.09998120521438382,2,True,standard,9.654091931744408e-05,COMPLETE
1131,142.49349975585938,2026-01-03 09:30:26.305166,2026-01-03 09:30:53.275850,0 days 00:00:26.970684,relu,0.1458766264518472,29,0.07277390559604596,2,True,standard,1.548745176167864e-05,COMPLETE
1132,156.93301391601562,2026-01-03 09:30:53.283851,2026-01-03 09:31:20.082023,0 days 00:00:26.798172,relu,0.19644715806790167,28,0.09988576465861582,2,True,robust,9.900460444529706e-06,COMPLETE
1133,141.758056640625,2026-01-03 09:31:20.092026,2026-01-03 09:31:46.954747,0 days 00:00:26.862721,relu,0.11487328386281831,32,0.08057731788210683,2,True,standard,2.221857363468391e-05,COMPLETE
1134,141.54910278320312,2026-01-03 09:31:46.962745,2026-01-03 09:32:13.778462,0 days 00:00:26.815717,relu,0.1071100130145913,27,0.06319751046225199,2,True,standard,1.76374900692554e-05,COMPLETE
1135,147.41273498535156,2026-01-03 09:32:13.786462,2026-01-03 09:32:40.505659,0 days 00:00:26.719197,relu,0.13239604301768457,26,0.08066433937349034,2,True,standard,2.0688750850762007e-05,COMPLETE
1136,167.59857177734375,2026-01-03 09:32:40.513659,2026-01-03 09:33:08.155869,0 days 00:00:27.642210,mish,0.1136056053681671,30,0.05596122030717026,2,True,standard,1.31886363300058e-05,COMPLETE
1137,140.19175720214844,2026-01-03 09:33:08.163871,2026-01-03 09:33:35.043540,0 days 00:00:26.879669,relu,0.10000820940416047,31,0.07167598022907942,2,True,standard,2.334065549234175e-05,COMPLETE
1138,190.51321411132812,2026-01-03 09:33:35.051540,2026-01-03 09:34:01.223709,0 days 00:00:26.172169,relu,0.12120784467849578,16,0.08757238372738503,2,True,minmax,7.896378464439952e-06,COMPLETE
1139,188.36895751953125,2026-01-03 09:34:01.231713,2026-01-03 09:34:28.194386,0 days 00:00:26.962673,relu,0.10793389441836213,30,0.0015261611984567166,2,True,standard,1.7318195968572847e-05,COMPLETE
1140,178.74562072753906,2026-01-03 09:34:28.203388,2026-01-03 09:34:54.970080,0 days 00:00:26.766692,relu,0.1147155984385268,32,0.003394886924121814,2,True,standard,2.7422555842038825e-05,COMPLETE
1141,146.37905883789062,2026-01-03 09:34:54.978081,2026-01-03 09:35:21.715764,0 days 00:00:26.737683,relu,0.12589045172719948,29,0.08772639613752248,2,True,standard,1.9335433914733785e-05,COMPLETE
1142,156.19271850585938,2026-01-03 09:35:21.723765,2026-01-03 09:35:50.308468,0 days 00:00:28.584703,gelu,0.10924022804333218,30,0.06307959248088542,2,True,standard,2.505900097030984e-05,COMPLETE
1143,140.0084686279297,2026-01-03 09:35:50.317468,2026-01-03 09:36:17.063151,0 days 00:00:26.745683,relu,0.10670317721196793,32,0.08873322700416546,2,True,standard,1.5971379226470034e-05,COMPLETE
1144,138.9163360595703,2026-01-03 09:36:17.071152,2026-01-03 09:36:44.096842,0 days 00:00:27.025690,relu,0.11856879687336447,31,0.07162266647215021,2,True,standard,2.2094925540632357e-05,COMPLETE
1145,198.39765482584636,2026-01-03 09:36:44.105839,2026-01-03 09:37:10.097000,0 days 00:00:25.991161,relu,0.10663240160610007,28,0.000993935547453413,2,False,standard,8.974915293534232e-06,COMPLETE
1146,145.56509399414062,2026-01-03 09:37:10.105000,2026-01-03 09:37:36.941682,0 days 00:00:26.836682,relu,0.1152983263493348,29,0.07887756799885662,2,True,standard,2.895537077992435e-05,COMPLETE
1147,147.43612670898438,2026-01-03 09:37:36.949682,2026-01-03 09:38:03.665387,0 days 00:00:26.715705,relu,0.10014016913499274,32,0.02763697380851918,2,True,standard,2.018027923414475e-05,COMPLETE
1148,158.67568969726562,2026-01-03 09:38:03.673385,2026-01-03 09:38:30.677583,0 days 00:00:27.004198,silu,0.12745092539960087,30,0.08970961678894188,2,True,standard,1.4215791441094656e-05,COMPLETE
1149,140.3651580810547,2026-01-03 09:38:30.685582,2026-01-03 09:38:57.740269,0 days 00:00:27.054687,relu,0.10009982506309731,31,0.07209713511479576,2,True,standard,3.389496891569512e-05,COMPLETE
1150,159.47386169433594,2026-01-03 09:38:57.748269,2026-01-03 09:39:24.140941,0 days 00:00:26.392672,relu,0.13581913104603027,19,0.0893785328781318,2,True,standard,2.5452012146174094e-05,COMPLETE
1151,171.09381103515625,2026-01-03 09:39:24.148944,2026-01-03 09:39:50.929100,0 days 00:00:26.780156,relu,0.11382432625568899,28,0.08003514210901062,2,True,none,1.8328412163617795e-05,COMPLETE
1152,146.26242065429688,2026-01-03 09:39:50.938101,2026-01-03 09:40:17.809765,0 days 00:00:26.871664,relu,0.12117412335769684,32,0.06410601738271499,2,True,standard,0.000568487595175681,COMPLETE
1153,183.89602661132812,2026-01-03 09:40:17.818767,2026-01-03 09:40:43.725467,0 days 00:00:25.906700,relu,0.10763892803430698,5,0.09928571371089553,2,True,standard,7.021380682328775e-06,COMPLETE
1154,159.02322387695312,2026-01-03 09:40:43.734469,2026-01-03 09:41:10.702621,0 days 00:00:26.968152,relu,0.2612776826372205,30,0.05336025176125824,2,True,standard,1.1627943904458657e-05,COMPLETE
1155,140.63897705078125,2026-01-03 09:41:10.710626,2026-01-03 09:41:37.546296,0 days 00:00:26.835670,relu,0.1137312137085226,28,0.07862507083887371,2,True,standard,2.0939757827182427e-05,COMPLETE
1156,153.24386596679688,2026-01-03 09:41:37.554296,2026-01-03 09:42:04.462980,0 days 00:00:26.908684,relu,0.10719236873900949,31,0.07119878771753033,2,True,robust,2.377171026368212e-05,COMPLETE
1157,153.19606018066406,2026-01-03 09:42:04.471980,2026-01-03 09:42:31.334132,0 days 00:00:26.862152,relu,0.12831779982986666,29,0.039768243805739505,2,True,standard,4.1012604748333014e-05,COMPLETE
1158,173.9743194580078,2026-01-03 09:42:31.344131,2026-01-03 09:42:57.850823,0 days 00:00:26.506692,relu,0.12104322514370736,14,0.01716751274414067,2,True,standard,1.6514764448314598e-05,COMPLETE
1159,142.5216827392578,2026-01-03 09:42:57.857825,2026-01-03 09:43:24.617490,0 days 00:00:26.759665,relu,0.14243096680884176,32,0.08972690521491315,2,True,standard,2.9003126454627087e-05,COMPLETE
1160,138.9617156982422,2026-01-03 09:43:24.625490,2026-01-03 09:43:51.281645,0 days 00:00:26.656155,relu,0.10024075982289415,27,0.09987282738312729,2,True,standard,2.584963477626259e-05,COMPLETE
1161,172.8685302734375,2026-01-03 09:43:51.289647,2026-01-03 09:44:18.006333,0 days 00:00:26.716686,relu,0.1142319237629721,30,0.08238268375908063,2,True,minmax,1.8938071141852575e-05,COMPLETE
1162,142.17062377929688,2026-01-03 09:44:18.013332,2026-01-03 09:44:45.138037,0 days 00:00:27.124705,relu,0.10792579801878505,31,0.06323423287537978,2,True,standard,2.288447344509262e-05,COMPLETE
1163,151.55648803710938,2026-01-03 09:44:45.147040,2026-01-03 09:45:12.776733,0 days 00:00:27.629693,mish,0.10732979499136114,29,0.08876948097711376,2,True,standard,9.472692795620802e-05,COMPLETE
1164,139.68246459960938,2026-01-03 09:45:12.786733,2026-01-03 09:45:39.693409,0 days 00:00:26.906676,relu,0.1196675431717146,31,0.09976173482621066,2,True,standard,1.0739971289901627e-05,COMPLETE
1165,198.10097513834634,2026-01-03 09:45:39.702412,2026-01-03 09:46:06.004585,0 days 00:00:26.302173,relu,0.10032009210341038,32,0.0009939964905027606,2,False,standard,6.716041431232834e-05,COMPLETE
1166,167.8057098388672,2026-01-03 09:46:06.012587,2026-01-03 09:46:31.257096,0 days 00:00:25.244509,gelu,0.22374450358233344,30,0.07390803487117589,1,True,standard,1.4668285151192134e-05,COMPLETE
1167,143.8739776611328,2026-01-03 09:46:31.264096,2026-01-03 09:46:57.992782,0 days 00:00:26.728686,relu,0.11305771008225769,28,0.07954699110715265,2,True,standard,3.261028422388748e-05,COMPLETE
1168,177.24754333496094,2026-01-03 09:46:58.001782,2026-01-03 09:47:24.781456,0 days 00:00:26.779674,relu,0.46429885389114817,32,0.06619199454429352,2,True,standard,2.1824295051315675e-05,COMPLETE
1169,184.0957794189453,2026-01-03 09:47:24.790460,2026-01-03 09:47:51.019629,0 days 00:00:26.229169,relu,0.12414608594986414,7,0.08904849025218597,2,True,standard,2.7004107200999557e-05,COMPLETE
1170,140.00830078125,2026-01-03 09:47:51.027628,2026-01-03 09:48:17.729316,0 days 00:00:26.701688,relu,0.10714836040344677,26,0.09969880119597052,2,True,standard,1.7358433967853154e-05,COMPLETE
1171,146.41455078125,2026-01-03 09:48:17.737321,2026-01-03 09:48:44.676995,0 days 00:00:26.939674,relu,0.12996376204130916,29,0.056111543693835655,2,True,standard,2.0176500380964282e-05,COMPLETE
1172,141.8704071044922,2026-01-03 09:48:44.684995,2026-01-03 09:49:11.540673,0 days 00:00:26.855678,relu,0.10007233691127614,30,0.07830550322022932,2,True,standard,5.171489053154952e-05,COMPLETE
1173,139.663818359375,2026-01-03 09:49:11.549670,2026-01-03 09:49:38.483835,0 days 00:00:26.934165,relu,0.11467926637060172,32,0.07091679873275142,2,True,standard,2.4216292369049645e-05,COMPLETE
1174,139.2795867919922,2026-01-03 09:49:38.491837,2026-01-03 09:50:05.404509,0 days 00:00:26.912672,relu,0.10758740723404754,30,0.0875616767648011,2,True,standard,1.3162523391320178e-05,COMPLETE
1175,173.27142333984375,2026-01-03 09:50:05.412509,2026-01-03 09:50:32.535180,0 days 00:00:27.122671,relu,0.12186154239721163,31,0.08023148900363378,2,True,none,5.617093391713967e-06,COMPLETE
1176,160.000244140625,2026-01-03 09:50:32.544181,2026-01-03 09:51:00.631334,0 days 00:00:28.087153,silu,0.11197393545184653,28,0.08812070818585471,2,True,standard,3.060144544550507e-05,COMPLETE
1177,145.06822204589844,2026-01-03 09:51:00.640337,2026-01-03 09:51:27.527015,0 days 00:00:26.886678,relu,0.13504886051232645,32,0.04711330208174694,2,True,standard,1.9657974267591822e-05,COMPLETE
1178,145.4930877685547,2026-01-03 09:51:27.545525,2026-01-03 09:51:54.417193,0 days 00:00:26.871668,relu,0.11718310088824639,29,0.06109230601349383,2,True,standard,1.616467424152959e-05,COMPLETE
1179,140.3721923828125,2026-01-03 09:51:54.426194,2026-01-03 09:52:21.291352,0 days 00:00:26.865158,relu,0.1066549901686219,31,0.0715293652307253,2,True,standard,0.00010812387208169297,COMPLETE
1180,151.96688842773438,2026-01-03 09:52:21.299351,2026-01-03 09:52:47.628545,0 days 00:00:26.329194,relu,0.107240468103339,17,0.0888805444694369,2,True,standard,2.2656336430251094e-05,COMPLETE
1181,142.35682678222656,2026-01-03 09:52:47.637545,2026-01-03 09:53:14.421270,0 days 00:00:26.783725,relu,0.12084278843034772,30,0.0797665928547188,2,True,standard,9.07647753467414e-06,COMPLETE
1182,146.91835021972656,2026-01-03 09:53:14.430271,2026-01-03 09:53:41.087422,0 days 00:00:26.657151,relu,0.11331755375893339,27,0.0996981766590826,2,True,robust,2.6984793095905428e-05,COMPLETE
1183,203.81154547797308,2026-01-03 09:53:41.096423,2026-01-03 09:54:07.174100,0 days 00:00:26.077677,relu,0.48977546590992965,32,0.0009935465645315334,2,False,standard,1.8702823352253057e-05,COMPLETE
1184,143.3267822265625,2026-01-03 09:54:07.182100,2026-01-03 09:54:34.219760,0 days 00:00:27.037660,relu,0.12840972492348443,31,0.07043669896588026,2,True,standard,2.204508437251609e-05,COMPLETE
1185,192.4830322265625,2026-01-03 09:54:34.228760,2026-01-03 09:55:01.947476,0 days 00:00:27.718716,mish,0.10608648889658458,30,0.07836127577707654,2,True,minmax,1.2739544639526305e-06,COMPLETE
1186,142.31619262695312,2026-01-03 09:55:01.956477,2026-01-03 09:55:28.750632,0 days 00:00:26.794155,relu,0.11422408041717741,29,0.08864932310035421,2,True,standard,3.753529299339321e-05,COMPLETE
1187,143.80502319335938,2026-01-03 09:55:28.759632,2026-01-03 09:55:55.665842,0 days 00:00:26.906210,relu,0.10055081479407223,32,0.06276791486657954,2,True,standard,2.570477252284629e-05,COMPLETE
1188,138.89828491210938,2026-01-03 09:55:55.674843,2026-01-03 09:56:22.562505,0 days 00:00:26.887662,relu,0.10001322614562397,30,0.08940647542251902,2,True,standard,1.6592106940622407e-05,COMPLETE
1189,142.6201934814453,2026-01-03 09:56:22.572506,2026-01-03 09:56:49.457648,0 days 00:00:26.885142,relu,0.12134731076750843,28,0.09968507224790768,2,True,standard,7.442514303014975e-06,COMPLETE
1190,142.89883422851562,2026-01-03 09:56:49.466649,2026-01-03 09:57:16.381329,0 days 00:00:26.914680,relu,0.11266698498165634,32,0.07901563962180529,2,True,standard,3.347745237308342e-05,COMPLETE
1191,173.0289764404297,2026-01-03 09:57:16.388329,2026-01-03 09:57:45.205015,0 days 00:00:28.816686,gelu,0.4053860033997909,30,0.07173940038293695,2,True,standard,1.9240637626213373e-05,COMPLETE
1192,143.07559204101562,2026-01-03 09:57:45.215015,2026-01-03 09:58:11.964733,0 days 00:00:26.749718,relu,0.10021787537494364,26,0.08978433898746796,2,True,standard,2.9169741468049802e-05,COMPLETE
1193,142.153564453125,2026-01-03 09:58:11.972730,2026-01-03 09:58:39.012918,0 days 00:00:27.040188,relu,0.13927013715467723,29,0.09991077519545613,2,True,standard,1.0889782610702377e-05,COMPLETE
1194,144.98239135742188,2026-01-03 09:58:39.021921,2026-01-03 09:59:06.118593,0 days 00:00:27.096672,relu,0.12804376596892458,31,0.05842903747203153,2,True,standard,2.274081613221621e-05,COMPLETE
1195,172.27798461914062,2026-01-03 09:59:06.127593,2026-01-03 09:59:32.331290,0 days 00:00:26.203697,relu,0.10680814380693415,12,0.02246452632593035,2,True,standard,1.4491157240414158e-05,COMPLETE
1196,161.79244995117188,2026-01-03 09:59:32.339289,2026-01-03 09:59:59.506465,0 days 00:00:27.167176,silu,0.1168936241888128,31,0.07935856112466602,2,True,standard,2.521583699446991e-05,COMPLETE
1197,146.15846252441406,2026-01-03 09:59:59.514466,2026-01-03 10:00:26.184135,0 days 00:00:26.669669,relu,0.10763167647913781,28,0.0664269617768103,2,True,standard,2.0855464970734342e-05,COMPLETE
1198,144.19515991210938,2026-01-03 10:00:26.191137,2026-01-03 10:00:53.126818,0 days 00:00:26.935681,relu,0.11987334454424833,30,0.09999162474769062,2,True,standard,8.6544781432761e-05,COMPLETE
1199,140.947509765625,2026-01-03 10:00:53.135818,2026-01-03 10:01:20.050963,0 days 00:00:26.915145,relu,0.1127577762624965,32,0.07967922594659377,2,True,standard,1.7273781306217266e-05,COMPLETE
1200,170.5797119140625,2026-01-03 10:01:20.059966,2026-01-03 10:01:46.820653,0 days 00:00:26.760687,relu,0.10834447576439213,29,0.09985596410977969,2,True,none,2.9890556228700154e-05,COMPLETE
1201,147.1354522705078,2026-01-03 10:01:46.828653,2026-01-03 10:02:13.573327,0 days 00:00:26.744674,relu,0.12978934002024162,27,0.07088707923621088,2,True,standard,1.2210768873882195e-05,COMPLETE
1202,138.6945343017578,2026-01-03 10:02:13.582329,2026-01-03 10:02:40.520537,0 days 00:00:26.938208,relu,0.10041975338523582,31,0.08747421724122978,2,True,standard,4.630368860509365e-05,COMPLETE
1203,142.5664825439453,2026-01-03 10:02:40.529539,2026-01-03 10:03:07.375212,0 days 00:00:26.845673,relu,0.10650020099228116,32,0.048625622655160496,2,True,standard,4.611963825668792e-05,COMPLETE
1204,199.9892454020182,2026-01-03 10:03:07.383211,2026-01-03 10:03:33.620878,0 days 00:00:26.237667,relu,0.23936881947770017,31,0.0009946360179167813,2,False,robust,4.5411590319777e-05,COMPLETE
1205,149.77467346191406,2026-01-03 10:03:33.630879,2026-01-03 10:03:57.844526,0 days 00:00:24.213647,relu,0.10562880398702759,32,0.05811957982257233,1,True,standard,7.002966895142608e-05,COMPLETE
1206,138.1017608642578,2026-01-03 10:03:57.853527,2026-01-03 10:04:24.592223,0 days 00:00:26.738696,relu,0.10692889389160033,32,0.07999604060180304,2,True,standard,5.5562616833483116e-05,COMPLETE
1207,143.0599365234375,2026-01-03 10:04:24.601223,2026-01-03 10:04:51.567895,0 days 00:00:26.966672,relu,0.10607865826123025,31,0.0666512237018673,2,True,standard,3.682654308036447e-05,COMPLETE
1208,143.0287628173828,2026-01-03 10:04:51.576895,2026-01-03 10:05:18.634043,0 days 00:00:27.057148,relu,0.11169405122210746,31,0.054287162947230634,2,True,standard,4.3298510513585335e-05,COMPLETE
1209,159.310302734375,2026-01-03 10:05:18.643042,2026-01-03 10:05:46.398708,0 days 00:00:27.755666,mish,0.10118208240595247,30,0.07326105104380032,2,True,standard,5.709299164538756e-05,COMPLETE
1210,171.58859252929688,2026-01-03 10:05:46.405708,2026-01-03 10:06:13.347397,0 days 00:00:26.941689,relu,0.10578808998405839,32,0.06501763073398646,2,True,minmax,6.100342574850251e-05,COMPLETE
1211,139.49307250976562,2026-01-03 10:06:13.355397,2026-01-03 10:06:40.481614,0 days 00:00:27.126217,relu,0.10630210473448466,30,0.07979836436903863,2,True,standard,4.9975622674847876e-05,COMPLETE
1212,138.8725128173828,2026-01-03 10:06:40.490613,2026-01-03 10:07:07.321294,0 days 00:00:26.830681,relu,0.10017234227759629,32,0.08065234654035378,2,True,standard,4.89351835987948e-05,COMPLETE
1213,141.36471557617188,2026-01-03 10:07:07.329294,2026-01-03 10:07:34.405978,0 days 00:00:27.076684,relu,0.10048517177756225,30,0.06473361823935056,2,True,standard,5.9614977145736696e-05,COMPLETE
1214,153.2970733642578,2026-01-03 10:07:34.413979,2026-01-03 10:08:00.826130,0 days 00:00:26.412151,relu,0.11258755552465888,18,0.08783645740249556,2,True,standard,4.344071667590077e-05,COMPLETE
1215,153.24221801757812,2026-01-03 10:08:00.835130,2026-01-03 10:08:29.695837,0 days 00:00:28.860707,gelu,0.11286161868462918,32,0.07255291777702394,2,True,standard,3.962895580610353e-05,COMPLETE
1216,140.70901489257812,2026-01-03 10:08:29.704834,2026-01-03 10:08:56.557512,0 days 00:00:26.852678,relu,0.10072357902497643,31,0.08760694433201946,2,True,standard,7.483312250023255e-05,COMPLETE
1217,150.96011352539062,2026-01-03 10:08:56.564512,2026-01-03 10:09:23.371178,0 days 00:00:26.806666,relu,0.10673586416721839,30,0.035606934181540734,2,True,standard,5.7834691864998325e-05,COMPLETE
1218,143.86972045898438,2026-01-03 10:09:23.379178,2026-01-03 10:09:50.249336,0 days 00:00:26.870158,relu,0.1008381477228797,31,0.05484283129391544,2,True,standard,3.7195791592172845e-05,COMPLETE
1219,140.4261932373047,2026-01-03 10:09:50.257336,2026-01-03 10:10:17.134014,0 days 00:00:26.876678,relu,0.10057689952077695,32,0.07847228903171967,2,True,standard,4.056222121231559e-05,COMPLETE
1220,138.63735961914062,2026-01-03 10:10:17.143012,2026-01-03 10:10:43.909700,0 days 00:00:26.766688,relu,0.10035794597683545,30,0.0882778069006568,2,True,standard,4.436969015136359e-05,COMPLETE
1221,198.2006517198351,2026-01-03 10:10:43.917702,2026-01-03 10:11:10.104861,0 days 00:00:26.187159,relu,0.10001565811847161,28,0.0009948273705460994,2,False,standard,6.55971254635013e-05,COMPLETE
1222,164.15524291992188,2026-01-03 10:11:10.114864,2026-01-03 10:11:37.272552,0 days 00:00:27.157688,silu,0.10006445836013793,29,0.0885136811445591,2,True,standard,4.3484828626678936e-05,COMPLETE
1223,143.29966735839844,2026-01-03 10:11:37.280554,2026-01-03 10:12:04.099226,0 days 00:00:26.818672,relu,0.10036510469747194,29,0.08857977774262173,2,True,standard,5.282177274106639e-05,COMPLETE
1224,168.19039916992188,2026-01-03 10:12:04.107226,2026-01-03 10:12:30.485925,0 days 00:00:26.378699,relu,0.11216737168261595,11,0.08573587673533897,2,True,standard,4.42454731583966e-05,COMPLETE
1225,173.0855255126953,2026-01-03 10:12:30.494927,2026-01-03 10:12:57.418102,0 days 00:00:26.923175,relu,0.11216424737799582,29,0.0892433911042739,2,True,none,5.537601061196421e-05,COMPLETE
1226,142.8164825439453,2026-01-03 10:12:57.427098,2026-01-03 10:13:24.329773,0 days 00:00:26.902675,relu,0.10020893577335815,28,0.07875006262269792,2,True,standard,5.4156037411276464e-05,COMPLETE
1227,143.48533630371094,2026-01-03 10:13:24.338775,2026-01-03 10:13:51.215939,0 days 00:00:26.877164,relu,0.11325351757617712,27,0.08726293616148058,2,True,standard,6.529827561899404e-05,COMPLETE
1228,139.8878631591797,2026-01-03 10:13:51.225938,2026-01-03 10:14:18.156633,0 days 00:00:26.930695,relu,0.1075204505880145,30,0.09025109552263536,2,True,standard,5.1876633749594696e-05,COMPLETE
1229,151.63674926757812,2026-01-03 10:14:18.166633,2026-01-03 10:14:45.081318,0 days 00:00:26.914685,relu,0.11869081727100299,30,0.07746367562622944,2,True,robust,7.834164200130013e-05,COMPLETE
1230,145.0596160888672,2026-01-03 10:14:45.089319,2026-01-03 10:15:11.959982,0 days 00:00:26.870663,relu,0.10021133888883572,29,0.08910050142048438,2,True,standard,4.426367801972894e-05,COMPLETE
1231,140.29855346679688,2026-01-03 10:15:11.968982,2026-01-03 10:15:38.663143,0 days 00:00:26.694161,relu,0.10000201815170069,28,0.07614609027829408,2,True,standard,4.565082721678214e-05,COMPLETE
1232,140.4746551513672,2026-01-03 10:15:38.671143,2026-01-03 10:16:05.632825,0 days 00:00:26.961682,relu,0.11163977667275757,30,0.09809705797781731,2,True,standard,5.620768854522806e-05,COMPLETE
1233,145.58786010742188,2026-01-03 10:16:05.642826,2026-01-03 10:16:32.563514,0 days 00:00:26.920688,relu,0.11909716967596463,29,0.07319020385569118,2,True,standard,8.275864852870881e-05,COMPLETE
1234,147.23898315429688,2026-01-03 10:16:32.571514,2026-01-03 10:17:00.394677,0 days 00:00:27.823163,mish,0.10004728188935924,31,0.09916149999562149,2,True,standard,4.855828490937999e-05,COMPLETE
1235,188.19175720214844,2026-01-03 10:17:00.402677,2026-01-03 10:17:27.368352,0 days 00:00:26.965675,relu,0.36508980566856175,31,0.07955763342017767,2,True,minmax,3.8826465712733084e-05,COMPLETE
1236,139.78823852539062,2026-01-03 10:17:27.376352,2026-01-03 10:17:54.195024,0 days 00:00:26.818672,relu,0.10833528641718808,30,0.08936470903583459,2,True,standard,4.865462115408531e-05,COMPLETE
1237,145.1958770751953,2026-01-03 10:17:54.203024,2026-01-03 10:18:20.986207,0 days 00:00:26.783183,relu,0.11656677425144187,27,0.07067973491519507,2,True,standard,6.885606375316924e-05,COMPLETE
1238,141.63491821289062,2026-01-03 10:18:20.995208,2026-01-03 10:18:47.949923,0 days 00:00:26.954715,relu,0.10773219231311694,30,0.08886681523595312,2,True,standard,3.6432615248359515e-05,COMPLETE
1239,144.49447631835938,2026-01-03 10:18:47.958923,2026-01-03 10:19:14.784605,0 days 00:00:26.825682,relu,0.12164579808611553,28,0.09937529345683328,2,True,standard,9.820398014858535e-05,COMPLETE
1240,198.2003594970703,2026-01-03 10:19:14.792605,2026-01-03 10:19:41.049258,0 days 00:00:26.256653,relu,0.10899883667033324,31,0.0009944336358923495,2,False,standard,0.00011591405234355792,COMPLETE
1241,142.78231811523438,2026-01-03 10:19:41.059258,2026-01-03 10:20:09.805443,0 days 00:00:28.746185,gelu,0.11407549908681042,29,0.09898421242673369,2,True,standard,3.8336430256322426e-05,COMPLETE
1242,140.54576110839844,2026-01-03 10:20:09.813443,2026-01-03 10:20:36.693120,0 days 00:00:26.879677,relu,0.1076105005741031,32,0.09992399819844758,2,True,standard,3.356867902365304e-05,COMPLETE
1243,148.80958557128906,2026-01-03 10:20:36.701123,2026-01-03 10:21:01.048760,0 days 00:00:24.347637,relu,0.12283294841597986,31,0.08176743061531119,1,True,standard,5.8183951852848143e-05,COMPLETE
1244,141.9050750732422,2026-01-03 10:21:01.056762,2026-01-03 10:21:27.943441,0 days 00:00:26.886679,relu,0.10033225923028626,28,0.07187143014512054,2,True,standard,4.842483842961175e-05,COMPLETE
1245,141.25057983398438,2026-01-03 10:21:27.950442,2026-01-03 10:21:54.891135,0 days 00:00:26.940693,relu,0.11356445663622786,30,0.08094416779837883,2,True,standard,4.0531162686472084e-05,COMPLETE
1246,163.3260040283203,2026-01-03 10:21:54.901139,2026-01-03 10:22:22.073813,0 days 00:00:27.172674,silu,0.10826658091547688,32,0.06498537470438186,2,True,standard,3.403381983900083e-05,COMPLETE
1247,144.8489532470703,2026-01-03 10:22:22.083813,2026-01-03 10:22:49.624754,0 days 00:00:27.540941,relu,0.10015524755679986,29,0.08015209538639137,2,True,standard,5.974672384630858e-05,COMPLETE
1248,140.67726135253906,2026-01-03 10:22:49.633759,2026-01-03 10:23:16.653723,0 days 00:00:27.019964,relu,0.11920656023196302,30,0.09912407514954313,2,True,standard,8.021344675141149e-05,COMPLETE
1249,171.58383178710938,2026-01-03 10:23:16.661723,2026-01-03 10:23:43.513389,0 days 00:00:26.851666,relu,0.10766825769349896,32,0.07133416497932463,2,True,none,0.00010823277356114455,COMPLETE
1250,140.23934936523438,2026-01-03 10:23:43.523390,2026-01-03 10:24:10.423048,0 days 00:00:26.899658,relu,0.1159676473933795,29,0.09996521294976721,2,True,standard,3.198080718825106e-05,COMPLETE
1251,141.6531524658203,2026-01-03 10:24:10.431048,2026-01-03 10:24:37.533738,0 days 00:00:27.102690,relu,0.12612022769461015,31,0.08311516164468082,2,True,standard,4.7993401253944404e-05,COMPLETE
1252,138.7165069580078,2026-01-03 10:24:37.541741,2026-01-03 10:25:04.306412,0 days 00:00:26.764671,relu,0.10719765954535701,28,0.09987043945484282,2,True,standard,4.0909520189858125e-05,COMPLETE
1253,145.76260375976562,2026-01-03 10:25:04.315416,2026-01-03 10:25:31.083568,0 days 00:00:26.768152,relu,0.1279572759797209,26,0.08672368237683581,2,True,standard,4.5500864022445395e-05,COMPLETE
1254,151.28485107421875,2026-01-03 10:25:31.092567,2026-01-03 10:25:57.849279,0 days 00:00:26.756712,relu,0.12115322210968944,27,0.09895266949430086,2,True,robust,3.8239962575745326e-05,COMPLETE
1255,141.14102172851562,2026-01-03 10:25:57.858276,2026-01-03 10:26:24.589956,0 days 00:00:26.731680,relu,0.11517666612254597,26,0.0889241555088165,2,True,standard,5.2036585996822845e-05,COMPLETE
1256,182.82260131835938,2026-01-03 10:26:24.597960,2026-01-03 10:26:51.456100,0 days 00:00:26.858140,relu,0.1339338631311265,28,0.0022162341073766467,2,True,standard,4.112562868435309e-05,COMPLETE
1257,142.97848510742188,2026-01-03 10:26:51.465102,2026-01-03 10:27:18.414790,0 days 00:00:26.949688,relu,0.11318048854662258,27,0.09957365938562293,2,True,standard,4.7162163866205774e-05,COMPLETE
1258,150.57545471191406,2026-01-03 10:27:18.422789,2026-01-03 10:27:46.129452,0 days 00:00:27.706663,mish,0.12388431339785222,25,0.09937530433491981,2,True,standard,4.356826918742452e-05,COMPLETE
1259,199.0409634738498,2026-01-03 10:27:46.137453,2026-01-03 10:28:12.230633,0 days 00:00:26.093180,relu,0.10815535127690801,26,0.0009941816908677506,2,False,minmax,5.0982156416563906e-05,COMPLETE
1260,143.27857971191406,2026-01-03 10:28:12.238633,2026-01-03 10:28:39.261241,0 days 00:00:27.022608,relu,0.11980596768155288,28,0.08109787999661272,2,True,standard,4.100029365720521e-05,COMPLETE
1261,143.89312744140625,2026-01-03 10:28:39.269241,2026-01-03 10:29:06.116924,0 days 00:00:26.847683,relu,0.10795022970492159,28,0.07405385974982368,2,True,standard,3.7201720739852306e-05,COMPLETE
1262,144.1734619140625,2026-01-03 10:29:06.126924,2026-01-03 10:29:33.049608,0 days 00:00:26.922684,relu,0.11386775647805439,27,0.08739700748591403,2,True,standard,5.440047622956967e-05,COMPLETE
1263,145.43032836914062,2026-01-03 10:29:33.059607,2026-01-03 10:30:00.138790,0 days 00:00:27.079183,relu,0.17353127474657204,30,0.07889161818883753,2,True,standard,4.12297133341402e-05,COMPLETE
1264,152.25119018554688,2026-01-03 10:30:00.146792,2026-01-03 10:30:28.846476,0 days 00:00:28.699684,gelu,0.12533412926033896,32,0.06353698722336922,2,True,standard,6.199668647202183e-05,COMPLETE
1265,172.9390106201172,2026-01-03 10:30:28.854476,2026-01-03 10:30:55.665143,0 days 00:00:26.810667,relu,0.10756389548438464,29,0.006976999388142216,2,True,standard,4.341740851133845e-05,COMPLETE
1266,150.6732177734375,2026-01-03 10:30:55.674143,2026-01-03 10:31:22.724827,0 days 00:00:27.050684,relu,0.2690312029009457,31,0.08492847731262922,2,True,standard,3.4667978156431136e-05,COMPLETE
1267,145.0583038330078,2026-01-03 10:31:22.733829,2026-01-03 10:31:49.681991,0 days 00:00:26.948162,relu,0.11668133648307115,28,0.07341076796489174,2,True,standard,3.6984157855688384e-05,COMPLETE
1268,144.54673767089844,2026-01-03 10:31:49.689992,2026-01-03 10:32:16.428647,0 days 00:00:26.738655,relu,0.13977492381288106,32,0.09888223514191812,2,True,standard,3.9030802808880494e-05,COMPLETE
1269,151.09197998046875,2026-01-03 10:32:16.436647,2026-01-03 10:32:43.189317,0 days 00:00:26.752670,relu,0.10713187828936213,21,0.0880327877993591,2,True,standard,4.7153672641795325e-05,COMPLETE
1270,159.1997833251953,2026-01-03 10:32:43.198317,2026-01-03 10:33:10.303464,0 days 00:00:27.105147,silu,0.10004662189990643,30,0.09917063486542062,2,True,standard,9.83300218759474e-05,COMPLETE
1271,155.67433166503906,2026-01-03 10:33:10.312463,2026-01-03 10:33:37.171636,0 days 00:00:26.859173,relu,0.11771747609558546,25,0.070181455923125,2,True,standard,5.26541413594781e-05,COMPLETE
1272,146.2244110107422,2026-01-03 10:33:37.179636,2026-01-03 10:34:03.895317,0 days 00:00:26.715681,relu,0.129856047139755,29,0.07873200209917992,2,True,standard,3.32155192238258e-05,COMPLETE
1273,171.2272186279297,2026-01-03 10:34:03.903317,2026-01-03 10:34:30.950478,0 days 00:00:27.047161,relu,0.10746468461993419,31,0.0880497852493126,2,True,none,0.000130040485420358,COMPLETE
1274,144.59117126464844,2026-01-03 10:34:30.960478,2026-01-03 10:34:57.600158,0 days 00:00:26.639680,relu,0.11369425414153675,27,0.09959185049332153,2,True,standard,7.036931434391977e-05,COMPLETE
1275,142.5187225341797,2026-01-03 10:34:57.608156,2026-01-03 10:35:24.227863,0 days 00:00:26.619707,relu,0.12173163681701649,32,0.06353147650977241,2,True,standard,3.448139437725365e-05,COMPLETE
1276,138.13169860839844,2026-01-03 10:35:24.236863,2026-01-03 10:35:51.193040,0 days 00:00:26.956177,relu,0.10670836580347337,29,0.09995137950576537,2,True,standard,3.1080777525221284e-05,COMPLETE
1277,151.9322052001953,2026-01-03 10:35:51.214037,2026-01-03 10:36:18.200207,0 days 00:00:26.986170,relu,0.11317844179468046,30,0.07715529198770281,2,True,robust,3.150636027285921e-05,COMPLETE
1278,198.59311123318142,2026-01-03 10:36:18.209207,2026-01-03 10:36:44.411916,0 days 00:00:26.202709,relu,0.14979417991399932,30,0.0009939351031104336,2,False,standard,2.8937476157694604e-05,COMPLETE
1279,138.0659942626953,2026-01-03 10:36:44.420915,2026-01-03 10:37:11.413063,0 days 00:00:26.992148,relu,0.10809121737788509,31,0.08889380764610046,2,True,standard,3.020400758080877e-05,COMPLETE
1280,142.38563537597656,2026-01-03 10:37:11.421065,2026-01-03 10:37:38.347736,0 days 00:00:26.926671,relu,0.13176471515971447,32,0.07915801263181355,2,True,standard,3.151489267472132e-05,COMPLETE
1281,139.13697814941406,2026-01-03 10:37:38.355737,2026-01-03 10:38:05.374415,0 days 00:00:27.018678,relu,0.12092686849148664,31,0.08844894905878922,2,True,standard,3.101402101562634e-05,COMPLETE
1282,189.0079345703125,2026-01-03 10:38:05.399415,2026-01-03 10:38:30.348099,0 days 00:00:24.948684,mish,0.10017331160355007,32,0.000753080349722531,1,True,standard,3.330272281595143e-05,COMPLETE
1283,179.4390869140625,2026-01-03 10:38:30.356617,2026-01-03 10:38:57.476259,0 days 00:00:27.119642,relu,0.3104986193051405,31,0.09980607358564088,2,True,minmax,3.595959951078532e-05,COMPLETE
1284,142.68380737304688,2026-01-03 10:38:57.484261,2026-01-03 10:39:24.316416,0 days 00:00:26.832155,relu,0.11296353806586693,31,0.06709119256969255,2,True,standard,2.9242204131564285e-05,COMPLETE
1285,140.8181610107422,2026-01-03 10:39:24.325416,2026-01-03 10:39:51.308571,0 days 00:00:26.983155,relu,0.10700849199763826,32,0.07185893763664848,2,True,standard,3.227088585117095e-05,COMPLETE
1286,141.3094024658203,2026-01-03 10:39:51.317572,2026-01-03 10:40:18.267236,0 days 00:00:26.949664,relu,0.1002836022037577,29,0.086887146156602,2,True,standard,9.05952856985209e-05,COMPLETE
1287,145.39723205566406,2026-01-03 10:40:18.276240,2026-01-03 10:40:45.108914,0 days 00:00:26.832674,relu,0.12504464817007385,32,0.05964215582111684,2,True,standard,2.8105882473117553e-05,COMPLETE
1288,148.9071502685547,2026-01-03 10:40:45.116910,2026-01-03 10:41:13.917614,0 days 00:00:28.800704,gelu,0.11532687581092463,31,0.0808604457899093,2,True,standard,8.505367439821126e-06,COMPLETE
1289,142.23587036132812,2026-01-03 10:41:13.927616,2026-01-03 10:41:40.642772,0 days 00:00:26.715156,relu,0.10732588969856739,30,0.08817335137497541,2,True,standard,2.977265079009395e-05,COMPLETE
1290,144.39279174804688,2026-01-03 10:41:40.650771,2026-01-03 10:42:07.575432,0 days 00:00:26.924661,relu,0.10019688974263409,29,0.07382875492771697,2,True,standard,2.895858336809425e-05,COMPLETE
1291,142.53549194335938,2026-01-03 10:42:07.582432,2026-01-03 10:42:34.539097,0 days 00:00:26.956665,relu,0.1173803809042725,32,0.08086359844454112,2,True,standard,0.00012086128810495779,COMPLETE
1292,141.9667510986328,2026-01-03 10:42:34.547101,2026-01-03 10:43:01.452247,0 days 00:00:26.905146,relu,0.1001155645804909,30,0.09984060459999314,2,True,standard,3.3791272489490575e-05,COMPLETE
1293,147.14059448242188,2026-01-03 10:43:01.461249,2026-01-03 10:43:28.487908,0 days 00:00:27.026659,relu,0.15904083290506008,31,0.0669040462585117,2,True,standard,0.00010696025170276617,COMPLETE
1294,143.1422119140625,2026-01-03 10:43:28.495909,2026-01-03 10:43:55.330063,0 days 00:00:26.834154,relu,0.13472594185375047,29,0.09978348820465471,2,True,standard,6.654257724522986e-06,COMPLETE
1295,174.9087677001953,2026-01-03 10:43:55.338062,2026-01-03 10:44:22.535729,0 days 00:00:27.197667,silu,0.42896233753807744,32,0.08768803993683306,2,True,standard,2.77989005972404e-05,COMPLETE
1296,142.8172607421875,2026-01-03 10:44:22.543729,2026-01-03 10:44:50.212925,0 days 00:00:27.669196,relu,0.11463193834237778,31,0.07660786880372157,2,True,standard,3.2672817476102e-05,COMPLETE
1297,197.38791334364151,2026-01-03 10:44:50.221928,2026-01-03 10:45:17.151187,0 days 00:00:26.929259,relu,0.1254137217779264,29,0.0009907454238405361,2,False,none,3.761923040122068e-05,COMPLETE
1298,141.48477172851562,2026-01-03 10:45:17.162188,2026-01-03 10:45:52.837253,0 days 00:00:35.675065,relu,0.10777291441110655,31,0.08790534778734119,2,True,standard,1.00669096920886e-05,COMPLETE
1299,140.87416076660156,2026-01-03 10:45:52.848254,2026-01-03 10:46:27.764807,0 days 00:00:34.916553,relu,0.11246519805278955,30,0.058994841114554074,2,True,standard,7.526522457162488e-05,COMPLETE
1300,140.84695434570312,2026-01-03 10:46:27.776808,2026-01-03 10:47:02.635889,0 days 00:00:34.859081,relu,0.10672967821576343,32,0.07063833302685686,2,True,standard,2.8099387091319508e-05,COMPLETE
1301,171.78953552246094,2026-01-03 10:47:02.645889,2026-01-03 10:47:36.639449,0 days 00:00:33.993560,relu,0.12251982775018272,10,0.08709253162552301,2,True,standard,2.6716720814902422e-05,COMPLETE
1302,142.15896606445312,2026-01-03 10:47:36.650450,2026-01-03 10:48:11.560555,0 days 00:00:34.910105,relu,0.10011212450316218,30,0.076797199342488,2,True,standard,3.724688464586427e-05,COMPLETE
1303,152.45816040039062,2026-01-03 10:48:11.570556,2026-01-03 10:48:44.862079,0 days 00:00:33.291523,relu,0.14325944271450922,29,0.08776197052615074,2,True,robust,8.945775950055718e-05,COMPLETE
1304,142.7284698486328,2026-01-03 10:48:44.871079,2026-01-03 10:49:11.307150,0 days 00:00:26.436071,relu,0.11739154192736415,32,0.06525782555263103,2,True,standard,2.8866662756366502e-05,COMPLETE
1305,138.8602752685547,2026-01-03 10:49:11.315146,2026-01-03 10:49:39.167220,0 days 00:00:27.852074,relu,0.1078954555002739,30,0.09988259221010841,2,True,standard,0.00013279742184808794,COMPLETE
1306,142.6773223876953,2026-01-03 10:49:39.179222,2026-01-03 10:50:08.542162,0 days 00:00:29.362940,relu,0.1274203344259802,32,0.07715425789573423,2,True,standard,3.2899881229968044e-05,COMPLETE
1307,198.46661376953125,2026-01-03 10:50:08.551165,2026-01-03 10:50:35.503168,0 days 00:00:26.952003,relu,0.11217059771505249,28,0.005266376522013789,2,True,minmax,2.7120356813592254e-05,COMPLETE
1308,157.1023712158203,2026-01-03 10:50:35.511168,2026-01-03 10:51:07.894181,0 days 00:00:32.383013,mish,0.11909958315698783,30,0.08746297210176593,2,True,standard,7.864691611566543e-06,COMPLETE
1309,141.94857788085938,2026-01-03 10:51:07.903183,2026-01-03 10:51:35.588421,0 days 00:00:27.685238,relu,0.10779152542155125,31,0.07142026062278665,2,True,standard,2.5822589107347917e-05,COMPLETE
1310,148.36798095703125,2026-01-03 10:51:35.597421,2026-01-03 10:52:06.114462,0 days 00:00:30.517041,relu,0.11279121913904883,29,0.059726359106629594,2,True,standard,6.501733747321572e-05,COMPLETE
1311,138.46131896972656,2026-01-03 10:52:06.125462,2026-01-03 10:52:40.881299,0 days 00:00:34.755837,relu,0.10023589697757507,31,0.08729678143125918,2,True,standard,0.00010488080646675053,COMPLETE
1312,148.6060028076172,2026-01-03 10:52:40.891300,2026-01-03 10:53:18.588865,0 days 00:00:37.697565,gelu,0.12076230731139925,28,0.08014389362038835,2,True,standard,0.0001049260957779472,COMPLETE
1313,140.76002502441406,2026-01-03 10:53:18.597866,2026-01-03 10:53:53.697935,0 days 00:00:35.100069,relu,0.10800561393709772,32,0.09908708907742356,2,True,standard,0.00010006138761903235,COMPLETE
1314,143.77249145507812,2026-01-03 10:53:53.707935,2026-01-03 10:54:28.686491,0 days 00:00:34.978556,relu,0.10722867351304743,30,0.06952026059660742,2,True,standard,0.00011237110957130476,COMPLETE
1315,142.35787963867188,2026-01-03 10:54:28.696489,2026-01-03 10:55:03.750561,0 days 00:00:35.054072,relu,0.10014895100386995,32,0.0890811602552127,2,True,standard,9.289558075756373e-05,COMPLETE
1316,145.20223999023438,2026-01-03 10:55:03.762561,2026-01-03 10:55:33.998501,0 days 00:00:30.235940,relu,0.13368844187581883,29,0.05064501494735036,2,True,standard,0.00010605671500924443,COMPLETE
1317,198.05697197808158,2026-01-03 10:55:34.007501,2026-01-03 10:55:58.763523,0 days 00:00:24.756022,relu,0.11498084329396102,30,0.0009941336129001054,2,False,standard,0.00010096577541984592,COMPLETE
1318,165.84205627441406,2026-01-03 10:55:58.772523,2026-01-03 10:56:25.637768,0 days 00:00:26.865245,silu,0.12551700133616853,31,0.07700950195142552,2,True,standard,0.00011733121775637685,COMPLETE
1319,141.48275756835938,2026-01-03 10:56:25.645768,2026-01-03 10:56:52.932909,0 days 00:00:27.287141,relu,0.10033645669476779,29,0.08858789141743821,2,True,standard,8.287767945407148e-05,COMPLETE
1320,147.32244873046875,2026-01-03 10:56:52.940912,2026-01-03 10:57:23.850469,0 days 00:00:30.909557,relu,0.11377922424257705,32,0.09970942217041423,1,True,standard,8.870531276647904e-05,COMPLETE
1321,169.93714904785156,2026-01-03 10:57:23.859471,2026-01-03 10:57:59.033024,0 days 00:00:35.173553,relu,0.10793607815704828,31,0.06340173198031529,2,True,none,0.000127741142376508,COMPLETE
1322,144.77597045898438,2026-01-03 10:57:59.043027,2026-01-03 10:58:33.944112,0 days 00:00:34.901085,relu,0.12147055809495247,28,0.07935834084169328,2,True,standard,0.00012242529843538305,COMPLETE
1323,144.61306762695312,2026-01-03 10:58:33.955114,2026-01-03 10:59:08.856666,0 days 00:00:34.901552,relu,0.10734205191946583,27,0.09947224044520098,2,True,standard,7.706925693994374e-05,COMPLETE
1324,144.0523681640625,2026-01-03 10:59:08.866667,2026-01-03 10:59:35.021524,0 days 00:00:26.154857,relu,0.13093074145676004,30,0.07088885182436358,2,True,standard,9.287127804916099e-05,COMPLETE
1325,143.2705841064453,2026-01-03 10:59:35.030525,2026-01-03 11:00:02.590988,0 days 00:00:27.560463,relu,0.11672385224480916,32,0.07928810774102737,2,True,standard,0.00013731872467711653,COMPLETE
1326,149.90306091308594,2026-01-03 11:00:02.601990,2026-01-03 11:00:30.280395,0 days 00:00:27.678405,relu,0.10856201178828204,31,0.08938523167984981,2,True,robust,0.00014213382634032574,COMPLETE
1327,141.99850463867188,2026-01-03 11:00:30.288396,2026-01-03 11:00:58.617833,0 days 00:00:28.329437,relu,0.10005025691064981,29,0.06497157507746595,2,True,standard,9.511855541890548e-05,COMPLETE
1328,158.1270294189453,2026-01-03 11:00:58.629831,2026-01-03 11:01:26.944291,0 days 00:00:28.314460,relu,0.30003752329590483,30,0.09949428893035353,2,True,standard,0.0001238006556112498,COMPLETE
1329,141.3866424560547,2026-01-03 11:01:26.969298,2026-01-03 11:01:53.502548,0 days 00:00:26.533250,relu,0.11974509089825094,32,0.07981698079216254,2,True,standard,0.00011359573788396611,COMPLETE
1330,142.25131225585938,2026-01-03 11:01:53.510548,2026-01-03 11:02:21.516955,0 days 00:00:28.006407,relu,0.10014985796309782,30,0.054673170317597754,2,True,standard,8.982373847948656e-06,COMPLETE
1331,148.92189025878906,2026-01-03 11:02:21.527958,2026-01-03 11:02:49.215129,0 days 00:00:27.687171,mish,0.1131190025725177,31,0.09962964318416663,2,True,standard,0.00010459142877375072,COMPLETE
1332,172.4817352294922,2026-01-03 11:02:49.223129,2026-01-03 11:03:21.079869,0 days 00:00:31.856740,relu,0.10018276336426038,27,0.07139104298326816,2,True,minmax,2.6353540018407277e-05,COMPLETE
1333,146.40908813476562,2026-01-03 11:03:21.089871,2026-01-03 11:03:55.650684,0 days 00:00:34.560813,relu,0.1390543944205598,28,0.08803450428361831,2,True,standard,8.562883075606512e-05,COMPLETE
1334,142.88465881347656,2026-01-03 11:03:55.660682,2026-01-03 11:04:31.068332,0 days 00:00:35.407650,relu,0.12499784523113708,30,0.08091352192637428,2,True,standard,0.00013972258206212766,COMPLETE
1335,197.97721123589412,2026-01-03 11:04:31.078335,2026-01-03 11:05:05.105094,0 days 00:00:34.026759,relu,0.1127653428677058,32,0.0009938994796701273,2,False,standard,0.00011379840995190743,COMPLETE
1336,143.27621459960938,2026-01-03 11:05:05.115607,2026-01-03 11:05:39.897438,0 days 00:00:34.781831,relu,0.10738011394011099,31,0.08887997420436786,2,True,standard,7.295108400718186e-06,COMPLETE
1337,149.1173095703125,2026-01-03 11:05:39.906442,2026-01-03 11:06:17.419297,0 days 00:00:37.512855,gelu,0.11848578585285627,28,0.07269300227121898,2,True,standard,2.5105387824534034e-05,COMPLETE
1338,157.3784942626953,2026-01-03 11:06:17.429808,2026-01-03 11:06:46.729892,0 days 00:00:29.300084,relu,0.10856930974610589,13,0.057828843453727956,2,True,standard,9.548825467870469e-06,COMPLETE
1339,142.80279541015625,2026-01-03 11:06:46.737893,2026-01-03 11:07:13.179119,0 days 00:00:26.441226,relu,0.12934628431625042,29,0.08769219602877225,2,True,standard,3.0140573629202582e-05,COMPLETE
1340,142.72174072265625,2026-01-03 11:07:13.189119,2026-01-03 11:07:44.396596,0 days 00:00:31.207477,relu,0.10757288682951271,32,0.06548398445253811,2,True,standard,2.59038509747012e-05,COMPLETE
1341,138.9844970703125,2026-01-03 11:07:44.406598,2026-01-03 11:08:18.685390,0 days 00:00:34.278792,relu,0.10003622170029683,29,0.0804614164266064,2,True,standard,2.555966017668239e-05,COMPLETE
1342,141.83555603027344,2026-01-03 11:08:18.696392,2026-01-03 11:08:53.095161,0 days 00:00:34.398769,relu,0.11740670084794243,30,0.08870914891017333,2,True,standard,7.80961289426035e-05,COMPLETE
1343,166.64024353027344,2026-01-03 11:08:53.107163,2026-01-03 11:09:27.761817,0 days 00:00:34.654654,silu,0.1128034577663097,31,0.07261553348692248,2,True,standard,2.974609180961738e-05,COMPLETE
1344,142.4102020263672,2026-01-03 11:09:27.771816,2026-01-03 11:10:01.952479,0 days 00:00:34.180663,relu,0.12404250410094093,32,0.09986475110711857,2,True,standard,2.4799834980439815e-05,COMPLETE
1345,148.9336700439453,2026-01-03 11:10:01.961989,2026-01-03 11:10:36.174082,0 days 00:00:34.212093,relu,0.16570092194620328,29,0.0795658818207327,2,True,standard,1.0399439598841808e-05,COMPLETE
1346,170.789306640625,2026-01-03 11:10:36.186084,2026-01-03 11:11:05.878037,0 days 00:00:29.691953,relu,0.10725496922358746,9,0.09954467637954072,2,True,standard,5.897043299085144e-06,COMPLETE
1347,172.16845703125,2026-01-03 11:11:05.887040,2026-01-03 11:11:31.383090,0 days 00:00:25.496050,relu,0.11331553997980405,31,0.06353932446537866,2,True,none,3.108034878715348e-05,COMPLETE
1348,144.2572021484375,2026-01-03 11:11:31.392090,2026-01-03 11:11:57.767301,0 days 00:00:26.375211,relu,0.10746926315481356,27,0.08803156314836687,2,True,standard,0.00012043671413088837,COMPLETE
1349,147.15052795410156,2026-01-03 11:11:57.778812,2026-01-03 11:12:23.714271,0 days 00:00:25.935459,relu,0.12051952206853792,30,0.07329469529598907,2,True,standard,9.986553807273458e-05,COMPLETE
1350,149.6063232421875,2026-01-03 11:12:23.723274,2026-01-03 11:12:49.057063,0 days 00:00:25.333789,relu,0.10681500127838171,32,0.09976118988910476,2,True,robust,8.287639216534976e-06,COMPLETE
1351,146.06028747558594,2026-01-03 11:12:49.065058,2026-01-03 11:13:14.478788,0 days 00:00:25.413730,relu,0.10005057391593458,30,0.08070141312102778,2,True,standard,2.379519693510475e-05,COMPLETE
1352,143.62184143066406,2026-01-03 11:13:14.487297,2026-01-03 11:13:39.861846,0 days 00:00:25.374549,relu,0.12858067225642508,31,0.06985848763594406,2,True,standard,3.0789292103247704e-05,COMPLETE
1353,186.3413543701172,2026-01-03 11:13:39.871847,2026-01-03 11:14:05.238619,0 days 00:00:25.366772,relu,0.11620019682967171,28,0.0018117655038555247,2,True,standard,1.151103330707869e-05,COMPLETE
1354,198.22086466471356,2026-01-03 11:14:05.247620,2026-01-03 11:14:30.033663,0 days 00:00:24.786043,relu,0.13650319249185677,32,0.0009946286045857137,2,False,standard,2.2963699063819856e-05,COMPLETE
1355,176.9018096923828,2026-01-03 11:14:30.041663,2026-01-03 11:14:56.291282,0 days 00:00:26.249619,mish,0.1071230170660071,30,0.09993499547939619,2,True,minmax,0.0001380430347271841,COMPLETE
1356,173.0150604248047,2026-01-03 11:14:56.300798,2026-01-03 11:15:21.619131,0 days 00:00:25.318333,relu,0.383567198874985,29,0.08770016855491931,2,True,standard,2.6092142787541275e-05,COMPLETE
1357,141.47805786132812,2026-01-03 11:15:21.628134,2026-01-03 11:15:46.855200,0 days 00:00:25.227066,relu,0.10005296276002512,32,0.07945983349465523,2,True,standard,8.622371596306464e-05,COMPLETE
1358,151.64547729492188,2026-01-03 11:15:46.862200,2026-01-03 11:16:09.744862,0 days 00:00:22.882662,relu,0.11865314840371907,30,0.059941208447722064,1,True,standard,3.4690928332692085e-05,COMPLETE
1359,197.80087280273438,2026-01-03 11:16:09.753862,2026-01-03 11:16:36.386528,0 days 00:00:26.632666,relu,0.25368411003828484,29,0.0005579054354121434,2,True,standard,2.8602602778645132e-05,COMPLETE
1360,142.54318237304688,2026-01-03 11:16:36.394527,2026-01-03 11:17:03.761046,0 days 00:00:27.366519,relu,0.1117240170708038,31,0.08851254364308139,2,True,standard,6.643433300406754e-06,COMPLETE
1361,196.6178436279297,2026-01-03 11:17:03.769046,2026-01-03 11:17:41.019109,0 days 00:00:37.250063,relu,0.12491690979541369,26,0.00038160880893812837,2,True,standard,2.1287951033320134e-05,COMPLETE
1362,156.70590209960938,2026-01-03 11:17:41.029627,2026-01-03 11:18:20.200786,0 days 00:00:39.171159,gelu,0.20414901644006747,31,0.0722103348793514,2,True,standard,1.3117484105395543e-05,COMPLETE
1363,143.68356323242188,2026-01-03 11:18:20.211309,2026-01-03 11:18:56.249759,0 days 00:00:36.038450,relu,0.11427955439689062,28,0.0798124067799309,2,True,standard,2.4611842268304525e-05,COMPLETE
1364,166.51583862304688,2026-01-03 11:18:56.260281,2026-01-03 11:19:32.348783,0 days 00:00:36.088502,relu,0.10739570480619694,32,0.010223016666069264,2,True,standard,3.284166227859669e-05,COMPLETE
1365,169.7959747314453,2026-01-03 11:19:32.360299,2026-01-03 11:20:08.483129,0 days 00:00:36.122830,relu,0.32485364994220556,29,0.08779605994509272,2,True,standard,2.7764711148443028e-05,COMPLETE
1366,166.7740478515625,2026-01-03 11:20:08.494650,2026-01-03 11:20:45.120871,0 days 00:00:36.626221,relu,0.10003436078871777,30,0.019222019412258533,2,True,standard,0.00010834721517667666,COMPLETE
1367,142.1469268798828,2026-01-03 11:20:45.130871,2026-01-03 11:21:20.672490,0 days 00:00:35.541619,relu,0.13260681371565325,32,0.09978601756143755,2,True,standard,9.284791115750474e-06,COMPLETE
1368,169.21847534179688,2026-01-03 11:21:20.684018,2026-01-03 11:21:57.394917,0 days 00:00:36.710899,silu,0.11946303555916976,28,0.04518255480500848,2,True,standard,2.189105353222754e-05,COMPLETE
1369,148.2766876220703,2026-01-03 11:21:57.407441,2026-01-03 11:22:33.768402,0 days 00:00:36.360961,relu,0.14818228158631783,31,0.06519161895891312,2,True,standard,2.4312544131975128e-05,COMPLETE
1370,172.291259765625,2026-01-03 11:22:33.778917,2026-01-03 11:23:06.733311,0 days 00:00:32.954394,relu,0.10723104800687305,31,0.09995134025761147,2,True,none,2.9994471687441795e-05,COMPLETE
1371,142.4247283935547,2026-01-03 11:23:06.741822,2026-01-03 11:23:35.831313,0 days 00:00:29.089491,relu,0.11435702291575947,27,0.07930173446495475,2,True,standard,0.000146134517285429,COMPLETE
1372,198.32017937554255,2026-01-03 11:23:35.839321,2026-01-03 11:24:11.483805,0 days 00:00:35.644484,relu,0.10693921557848123,30,0.000994222955484724,2,False,standard,2.2064320742883453e-05,COMPLETE
1373,145.2881622314453,2026-01-03 11:24:11.496810,2026-01-03 11:24:49.970114,0 days 00:00:38.473304,relu,0.12496283853666224,32,0.053818510131348946,2,True,standard,7.344360834487761e-05,COMPLETE
1374,149.15072631835938,2026-01-03 11:24:49.982111,2026-01-03 11:25:28.540783,0 days 00:00:38.558672,relu,0.11394349487978868,29,0.07161311127122566,2,True,robust,2.7919273791736456e-05,COMPLETE
1375,150.6886444091797,2026-01-03 11:25:28.550781,2026-01-03 11:26:06.357165,0 days 00:00:37.806384,relu,0.10041038473708022,19,0.08753402974896568,2,True,standard,1.2876170735751822e-05,COMPLETE
1376,142.20082092285156,2026-01-03 11:26:06.367680,2026-01-03 11:26:43.332217,0 days 00:00:36.964537,relu,0.10009740598933525,30,0.08817678321716803,2,True,standard,7.799851712643314e-06,COMPLETE
1377,142.62811279296875,2026-01-03 11:26:43.343733,2026-01-03 11:27:19.715050,0 days 00:00:36.371317,relu,0.10007330057224442,32,0.06604720047203556,2,True,standard,3.6036684673198784e-05,COMPLETE
1378,142.35426330566406,2026-01-03 11:27:19.725573,2026-01-03 11:27:55.563347,0 days 00:00:35.837774,relu,0.12072563562328711,29,0.07802937249920258,2,True,standard,2.407238687934654e-05,COMPLETE
1379,175.43991088867188,2026-01-03 11:27:55.573866,2026-01-03 11:28:33.272267,0 days 00:00:37.698401,mish,0.18853026175090132,31,0.015033962753623136,2,True,standard,1.9427819827167198e-05,COMPLETE
1380,142.31781005859375,2026-01-03 11:28:33.282789,2026-01-03 11:29:09.748557,0 days 00:00:36.465768,relu,0.1122033002253506,30,0.08033453168232496,2,True,standard,9.152588062015376e-05,COMPLETE
1381,198.05477905273438,2026-01-03 11:29:09.759591,2026-01-03 11:29:45.798745,0 days 00:00:36.039154,relu,0.10677069084293989,32,0.0037788137886540147,2,True,minmax,3.142981334267852e-05,COMPLETE
1382,145.2068634033203,2026-01-03 11:29:45.811271,2026-01-03 11:30:20.977889,0 days 00:00:35.166618,relu,0.12589610609268828,27,0.058619158311372994,2,True,standard,1.0324761530290914e-05,COMPLETE
1383,163.65370178222656,2026-01-03 11:30:20.988922,2026-01-03 11:30:56.448907,0 days 00:00:35.459985,relu,0.11218824509591115,15,0.08882306430126069,2,True,standard,1.5047054919695483e-05,COMPLETE
1384,142.0853729248047,2026-01-03 11:30:56.458417,2026-01-03 11:31:32.589871,0 days 00:00:36.131454,relu,0.1001585440817535,30,0.07110354081669923,2,True,standard,2.5843246048881722e-05,COMPLETE
1385,197.66213989257812,2026-01-03 11:31:32.600391,2026-01-03 11:32:12.045210,0 days 00:00:39.444819,gelu,0.13884784593407787,29,0.00019367596311146783,2,True,standard,0.00011689349709936847,COMPLETE
1386,141.1244659423828,2026-01-03 11:32:12.057242,2026-01-03 11:32:47.858118,0 days 00:00:35.800876,relu,0.11966892941889334,32,0.08937023322976892,2,True,standard,2.1538325697331853e-05,COMPLETE
1387,142.16830444335938,2026-01-03 11:32:47.868640,2026-01-03 11:33:23.748248,0 days 00:00:35.879608,relu,0.10790704208450605,28,0.07882948314608465,2,True,standard,3.5769408908746553e-05,COMPLETE
1388,140.86544799804688,2026-01-03 11:33:23.758772,2026-01-03 11:33:59.416598,0 days 00:00:35.657826,relu,0.11479434605774161,31,0.08821536718790551,2,True,standard,4.988872275735993e-06,COMPLETE
1389,143.81430053710938,2026-01-03 11:33:59.427117,2026-01-03 11:34:35.222744,0 days 00:00:35.795627,relu,0.10739367839611277,30,0.0680725122724993,2,True,standard,2.721416612646387e-05,COMPLETE
1390,141.38304138183594,2026-01-03 11:34:35.232257,2026-01-03 11:35:11.246321,0 days 00:00:36.014064,relu,0.12534139426654659,28,0.0997542319848296,2,True,standard,1.1443682038782228e-05,COMPLETE
1391,160.91070556640625,2026-01-03 11:35:11.256846,2026-01-03 11:35:46.587846,0 days 00:00:35.331000,silu,0.10780840772355609,32,0.07874747777892847,2,True,standard,1.735154992775047e-05,COMPLETE
1392,198.25838168674045,2026-01-03 11:35:46.595359,2026-01-03 11:36:13.045799,0 days 00:00:26.450440,relu,0.13274071677069618,31,0.0009943487937273084,2,False,standard,2.085496445545695e-05,COMPLETE
1393,141.946044921875,2026-01-03 11:36:13.055309,2026-01-03 11:36:39.775556,0 days 00:00:26.720247,relu,0.11770278210780999,28,0.08816847298252722,2,True,standard,0.00012928950423112814,COMPLETE
1394,142.96595764160156,2026-01-03 11:36:39.785078,2026-01-03 11:37:06.249412,0 days 00:00:26.464334,relu,0.10764352802816027,30,0.06169023958538114,2,True,standard,2.3611479007848223e-05,COMPLETE
1395,147.07484436035156,2026-01-03 11:37:06.258929,2026-01-03 11:37:32.845185,0 days 00:00:26.586256,relu,0.11487512831232759,26,0.07169368110643459,2,True,standard,2.8996451178299316e-05,COMPLETE
1396,173.12210083007812,2026-01-03 11:37:32.853691,2026-01-03 11:37:59.599064,0 days 00:00:26.745373,relu,0.10625002222855745,29,0.09977724987871985,2,True,none,3.391282549646777e-05,COMPLETE
1397,139.73434448242188,2026-01-03 11:37:59.607586,2026-01-03 11:38:27.045333,0 days 00:00:27.437747,relu,0.12083781958044904,32,0.07943258160451126,2,True,standard,1.584890572860007e-05,COMPLETE
1398,151.22036743164062,2026-01-03 11:38:27.053856,2026-01-03 11:38:51.446288,0 days 00:00:24.392432,relu,0.10028896960007386,31,0.08944445236100948,1,True,robust,1.941587900732232e-05,COMPLETE
1399,149.81130981445312,2026-01-03 11:38:51.455311,2026-01-03 11:39:18.896735,0 days 00:00:27.441424,relu,0.10017219008305797,29,0.050953195186519244,2,True,standard,2.3339719606409117e-05,COMPLETE
1400,143.2429962158203,2026-01-03 11:39:18.904737,2026-01-03 11:39:45.277427,0 days 00:00:26.372690,relu,0.11331120106967084,31,0.09960974794977463,2,True,standard,2.6226311394308918e-05,COMPLETE
1401,144.4227752685547,2026-01-03 11:39:45.285427,2026-01-03 11:40:13.308216,0 days 00:00:28.022789,relu,0.127705746623436,30,0.06891927820825555,2,True,standard,0.00010848853211289075,COMPLETE
1402,142.9392852783203,2026-01-03 11:40:13.317216,2026-01-03 11:40:44.031081,0 days 00:00:30.713865,relu,0.11245553295078801,32,0.07939244153269079,2,True,standard,1.4278522781353703e-05,COMPLETE
1403,155.89102172851562,2026-01-03 11:40:44.040081,2026-01-03 11:41:14.727832,0 days 00:00:30.687751,mish,0.12007805461323806,29,0.08768408392783636,2,True,standard,3.1178103209417404e-05,COMPLETE
1404,257.18438720703125,2026-01-03 11:41:14.737832,2026-01-03 11:41:45.058601,0 days 00:00:30.320769,relu,0.10699732117873142,30,0.00014327959095626917,2,True,minmax,8.643096183242432e-05,COMPLETE
1405,186.99598693847656,2026-01-03 11:41:45.069609,2026-01-03 11:42:19.551451,0 days 00:00:34.481842,relu,0.14251707075911066,6,0.09998765648412035,2,True,standard,8.498377063092296e-06,COMPLETE
1406,143.23886108398438,2026-01-03 11:42:19.562451,2026-01-03 11:42:54.491907,0 days 00:00:34.929456,relu,0.10715948116335364,32,0.07480628003994946,2,True,standard,2.0500769739523972e-05,COMPLETE
1407,173.2113494873047,2026-01-03 11:42:54.500418,2026-01-03 11:43:29.530894,0 days 00:00:35.030476,relu,0.13051928850614028,28,0.007829190102761572,2,True,standard,1.7750668663164607e-05,COMPLETE
1408,143.2631378173828,2026-01-03 11:43:29.541898,2026-01-03 11:43:57.220750,0 days 00:00:27.678852,relu,0.10026624383871119,27,0.06382635150964559,2,True,standard,2.4227186434894615e-05,COMPLETE
1409,143.17947387695312,2026-01-03 11:43:57.229265,2026-01-03 11:44:24.935280,0 days 00:00:27.706015,gelu,0.10002237496609273,30,0.0878699103461967,2,True,standard,2.8165110744996654e-05,COMPLETE
1410,198.3656559244792,2026-01-03 11:44:24.943284,2026-01-03 11:44:50.276664,0 days 00:00:25.333380,relu,0.11471969447537707,31,0.0009938783936766572,2,False,standard,2.159337973772206e-05,COMPLETE
1411,148.3504638671875,2026-01-03 11:44:50.284663,2026-01-03 11:45:16.151488,0 days 00:00:25.866825,relu,0.120444455762371,31,0.08005084652572866,2,True,standard,6.653134889458774e-06,COMPLETE
1412,142.84521484375,2026-01-03 11:45:16.160491,2026-01-03 11:45:41.841759,0 days 00:00:25.681268,relu,0.10007151097468706,32,0.09988754912494424,2,True,standard,0.00010034391803353112,COMPLETE
1413,140.5004119873047,2026-01-03 11:45:41.849757,2026-01-03 11:46:07.693574,0 days 00:00:25.843817,relu,0.1129983959688346,29,0.0581666657720052,2,True,standard,3.7454248330863025e-05,COMPLETE
1414,147.1510009765625,2026-01-03 11:46:07.700574,2026-01-03 11:46:33.379846,0 days 00:00:25.679272,relu,0.10672955118639288,30,0.07183891055552528,2,True,standard,1.840489660329621e-05,COMPLETE
1415,142.23153686523438,2026-01-03 11:46:33.387846,2026-01-03 11:46:58.960600,0 days 00:00:25.572754,relu,0.12405039890321275,32,0.09987142379509001,2,True,standard,9.451941622090287e-06,COMPLETE
1416,155.44143676757812,2026-01-03 11:46:58.968604,2026-01-03 11:47:24.744223,0 days 00:00:25.775619,silu,0.112708427253956,31,0.08780704626286862,2,True,standard,0.00015593175346609607,COMPLETE
1417,143.1377410888672,2026-01-03 11:47:24.752218,2026-01-03 11:47:50.378346,0 days 00:00:25.626128,relu,0.10754239828547245,28,0.08075104678530486,2,True,standard,3.083391694056473e-05,COMPLETE
1418,172.82662963867188,2026-01-03 11:47:50.385850,2026-01-03 11:48:16.008583,0 days 00:00:25.622733,relu,0.13384054575689597,29,0.06735092873663268,2,True,none,2.5638674266860042e-05,COMPLETE
1419,142.55667114257812,2026-01-03 11:48:16.016586,2026-01-03 11:48:41.753883,0 days 00:00:25.737297,relu,0.11884185207675999,30,0.08776856439583262,2,True,standard,1.1628629834240688e-05,COMPLETE
1420,143.0083465576172,2026-01-03 11:48:41.762882,2026-01-03 11:49:07.344954,0 days 00:00:25.582072,relu,0.10749457682234827,27,0.099858026376266,2,True,standard,2.25924663718454e-05,COMPLETE
1421,139.92703247070312,2026-01-03 11:49:07.353954,2026-01-03 11:49:33.127754,0 days 00:00:25.773800,relu,0.113255883058372,32,0.07558665276146674,2,True,standard,1.544718174160415e-05,COMPLETE
1422,141.84750366210938,2026-01-03 11:49:33.136756,2026-01-03 11:49:58.943422,0 days 00:00:25.806666,relu,0.12637601954297012,30,0.08146915559399091,2,True,standard,3.38566265511505e-05,COMPLETE
1423,147.5064697265625,2026-01-03 11:49:58.951422,2026-01-03 11:50:24.622125,0 days 00:00:25.670703,relu,0.11877438145242974,31,0.06054740781421632,2,True,robust,7.522996999710646e-05,COMPLETE
1424,147.68869018554688,2026-01-03 11:50:24.632130,2026-01-03 11:50:50.271808,0 days 00:00:25.639678,relu,0.10624547654231076,32,0.031240933678951293,2,True,standard,1.8902453062126948e-05,COMPLETE
1425,137.33096313476562,2026-01-03 11:50:50.281811,2026-01-03 11:51:16.128823,0 days 00:00:25.847012,relu,0.10751340828404705,29,0.08731695770391414,2,True,standard,0.00012557045805619633,COMPLETE
1426,144.11276245117188,2026-01-03 11:51:16.137832,2026-01-03 11:51:41.551601,0 days 00:00:25.413769,relu,0.11353355946287659,26,0.06426427551119904,2,True,standard,0.00013528800353131086,COMPLETE
1427,152.7868194580078,2026-01-03 11:51:41.559601,2026-01-03 11:52:07.130819,0 days 00:00:25.571218,relu,0.106922962224548,25,0.05096383547892925,2,True,standard,0.0001451847496931743,COMPLETE
1428,148.6063232421875,2026-01-03 11:52:07.139822,2026-01-03 11:52:32.659612,0 days 00:00:25.519790,relu,0.12335710861929518,27,0.07074431520928194,2,True,standard,0.0001412959663882349,COMPLETE
1429,175.11868286132812,2026-01-03 11:52:32.668612,2026-01-03 11:52:58.199245,0 days 00:00:25.530633,relu,0.10013890402993175,26,0.05620411204830811,2,True,minmax,0.00011727483471570963,COMPLETE
1430,165.0160369873047,2026-01-03 11:52:58.207244,2026-01-03 11:53:24.679535,0 days 00:00:26.472291,mish,0.11466415912078706,29,0.0731476749085419,2,True,standard,0.00012208652044183813,COMPLETE
1431,198.1920408799913,2026-01-03 11:53:24.687535,2026-01-03 11:53:49.764815,0 days 00:00:25.077280,relu,0.10026174435264126,29,0.0009941757058187367,2,False,standard,0.00013090358715065395,COMPLETE
1432,143.1276092529297,2026-01-03 11:53:49.774327,2026-01-03 11:54:15.328528,0 days 00:00:25.554201,relu,0.10014641486890179,28,0.07210773207298088,2,True,standard,0.00010984114265027295,COMPLETE
1433,147.4158172607422,2026-01-03 11:54:15.336528,2026-01-03 11:54:42.663094,0 days 00:00:27.326566,gelu,0.13248684254094628,28,0.08024430109607486,2,True,standard,9.842443371347811e-05,COMPLETE
1434,152.01272583007812,2026-01-03 11:54:42.672099,2026-01-03 11:55:05.864137,0 days 00:00:23.192038,relu,0.11990271006144516,29,0.06269904432208442,1,True,standard,0.00011330748139262191,COMPLETE
1435,142.59262084960938,2026-01-03 11:55:05.873137,2026-01-03 11:55:31.482022,0 days 00:00:25.608885,relu,0.1110608958111224,32,0.08059551962824843,2,True,standard,0.00012487266127924837,COMPLETE
1436,147.26419067382812,2026-01-03 11:55:31.490022,2026-01-03 11:55:56.941820,0 days 00:00:25.451798,relu,0.10005562406613026,27,0.08688393886550856,2,True,standard,0.00010102536455916458,COMPLETE
1437,143.21913146972656,2026-01-03 11:55:56.949815,2026-01-03 11:56:22.740505,0 days 00:00:25.790690,relu,0.11267508771610943,30,0.06822128038860902,2,True,standard,0.00016174042607777767,COMPLETE
1438,140.90003967285156,2026-01-03 11:56:22.749505,2026-01-03 11:56:48.492093,0 days 00:00:25.742588,relu,0.12304868641773041,31,0.08720990007404775,2,True,standard,0.00014894928647333954,COMPLETE
1439,142.37258911132812,2026-01-03 11:56:48.500092,2026-01-03 11:57:14.187738,0 days 00:00:25.687646,relu,0.10732808861297534,31,0.07395189966158132,2,True,standard,0.00013005348937785704,COMPLETE
1440,144.7847442626953,2026-01-03 11:57:14.197246,2026-01-03 11:57:39.608343,0 days 00:00:25.411097,relu,0.13778775658271347,28,0.08714075639880396,2,True,standard,0.0001557126033012065,COMPLETE
1441,187.01229858398438,2026-01-03 11:57:39.617345,2026-01-03 11:58:05.148544,0 days 00:00:25.531199,relu,0.11724750309329345,32,0.001257111831018867,2,True,standard,0.00013853497888275938,COMPLETE
1442,168.2298126220703,2026-01-03 11:58:05.156547,2026-01-03 11:58:30.866448,0 days 00:00:25.709901,silu,0.10782553242063421,30,0.059369361530460636,2,True,none,9.12328209742964e-05,COMPLETE
1443,182.0520782470703,2026-01-03 11:58:30.875450,2026-01-03 11:58:56.422132,0 days 00:00:25.546682,relu,0.12901738048579126,29,0.0025697247674729856,2,True,standard,0.00010077979796632642,COMPLETE
1444,139.99874877929688,2026-01-03 11:58:56.432135,2026-01-03 11:59:21.967118,0 days 00:00:25.534983,relu,0.10001946503455154,32,0.07790624311783063,2,True,standard,0.00011266456118824231,COMPLETE
1445,144.71926879882812,2026-01-03 11:59:21.974121,2026-01-03 11:59:47.550386,0 days 00:00:25.576265,relu,0.11343230666898044,30,0.04378233580526941,2,True,standard,8.51260149312143e-05,COMPLETE
1446,142.50999450683594,2026-01-03 11:59:47.558387,2026-01-03 12:00:13.234753,0 days 00:00:25.676366,relu,0.11886663349079589,27,0.09996172287972542,2,True,standard,0.00012775815546355287,COMPLETE
1447,198.4754956732856,2026-01-03 12:00:13.243756,2026-01-03 12:00:38.277973,0 days 00:00:25.034217,relu,0.10678696564007509,30,0.0009941729089141128,2,False,robust,0.00011182582920710976,COMPLETE
1448,143.35464477539062,2026-01-03 12:00:38.286975,2026-01-03 12:01:03.856654,0 days 00:00:25.569679,relu,0.100112622278472,32,0.06627346547612628,2,True,standard,8.603822246950239e-05,COMPLETE
1449,160.5216827392578,2026-01-03 12:01:03.864654,2026-01-03 12:01:29.446998,0 days 00:00:25.582344,relu,0.12536670466204222,28,0.024317968326791548,2,True,standard,0.00015505754450227666,COMPLETE
1450,140.9912567138672,2026-01-03 12:01:29.457000,2026-01-03 12:01:55.233885,0 days 00:00:25.776885,relu,0.11220101383771532,31,0.08532407226902837,2,True,standard,3.88562688971025e-05,COMPLETE
1451,156.75021362304688,2026-01-03 12:01:55.242888,2026-01-03 12:02:21.677768,0 days 00:00:26.434880,mish,0.10709616227030683,29,0.07206243412033331,2,True,standard,2.9104648810297867e-05,COMPLETE
1452,171.1874237060547,2026-01-03 12:02:21.685768,2026-01-03 12:02:47.399634,0 days 00:00:25.713866,relu,0.11990858814256201,31,0.08844386597195682,2,True,minmax,8.025918138884147e-06,COMPLETE
1453,144.00006103515625,2026-01-03 12:02:47.408630,2026-01-03 12:03:12.898808,0 days 00:00:25.490178,relu,0.10760939443664248,26,0.07652574463597922,2,True,standard,0.00011750453708341437,COMPLETE
1454,143.69338989257812,2026-01-03 12:03:12.907808,2026-01-03 12:03:38.477463,0 days 00:00:25.569655,relu,0.11618534768672924,28,0.08828503578013534,2,True,standard,6.712772735457759e-05,COMPLETE
1455,158.55865478515625,2026-01-03 12:03:38.485462,2026-01-03 12:04:04.043863,0 days 00:00:25.558401,relu,0.2798864571066067,31,0.06367688742277262,2,True,standard,3.29729295270647e-05,COMPLETE
1456,137.8949432373047,2026-01-03 12:04:04.057378,2026-01-03 12:04:30.085770,0 days 00:00:26.028392,relu,0.10002510191390508,32,0.07951893886446183,2,True,standard,2.92312855963998e-05,COMPLETE
1457,155.34262084960938,2026-01-03 12:04:30.093771,2026-01-03 12:04:57.536689,0 days 00:00:27.442918,gelu,0.13074274122440013,32,0.05352324231968357,2,True,standard,2.8051272516540963e-05,COMPLETE
1458,143.46841430664062,2026-01-03 12:04:57.544692,2026-01-03 12:05:23.224818,0 days 00:00:25.680126,relu,0.14532668749795732,32,0.06011848161679308,2,True,standard,2.9582568745832405e-05,COMPLETE
1459,143.15182495117188,2026-01-03 12:05:23.231818,2026-01-03 12:05:48.895000,0 days 00:00:25.663182,relu,0.10009011750369329,32,0.06746508677760439,2,True,standard,2.6453288828008577e-05,COMPLETE
1460,139.26376342773438,2026-01-03 12:05:48.904000,2026-01-03 12:06:14.512788,0 days 00:00:25.608788,relu,0.11213111671958738,32,0.07335077302877954,2,True,standard,2.56138749427167e-05,COMPLETE
1461,144.9906768798828,2026-01-03 12:06:14.521788,2026-01-03 12:06:40.094878,0 days 00:00:25.573090,relu,0.12462744493754489,32,0.05466905662099136,2,True,standard,3.191013361206123e-05,COMPLETE
1462,142.34054565429688,2026-01-03 12:06:40.103877,2026-01-03 12:07:05.792157,0 days 00:00:25.688280,relu,0.10835818864618382,31,0.07780058120974126,2,True,standard,2.57315605169032e-05,COMPLETE
1463,142.5567169189453,2026-01-03 12:07:05.801157,2026-01-03 12:07:31.388630,0 days 00:00:25.587473,relu,0.11743789753357764,32,0.06625412372292741,2,True,standard,3.065038639642119e-05,COMPLETE
1464,166.90585327148438,2026-01-03 12:07:31.397631,2026-01-03 12:07:57.134874,0 days 00:00:25.737243,silu,0.10821327057611414,30,0.07925443088747534,2,True,standard,2.4073496162296756e-05,COMPLETE
1465,144.64456176757812,2026-01-03 12:07:57.142874,2026-01-03 12:08:22.736699,0 days 00:00:25.593825,relu,0.15583040202898701,31,0.0886139755449269,2,True,standard,2.9177996754217547e-05,COMPLETE
1466,218.41605143229168,2026-01-03 12:08:22.745699,2026-01-03 12:08:47.037111,0 days 00:00:24.291412,relu,0.10727377654349976,5,0.0009940218494420253,2,False,none,2.4145046323170712e-05,COMPLETE
1467,142.84701538085938,2026-01-03 12:08:47.046112,2026-01-03 12:09:12.665811,0 days 00:00:25.619699,relu,0.11470200827628134,32,0.07108865474503125,2,True,standard,3.356263690931397e-05,COMPLETE
1468,146.71714782714844,2026-01-03 12:09:12.674814,2026-01-03 12:09:38.141716,0 days 00:00:25.466902,relu,0.10007120768647629,22,0.08838500745039791,2,True,standard,9.792638117113236e-05,COMPLETE
1469,142.26632690429688,2026-01-03 12:09:38.149716,2026-01-03 12:10:03.770470,0 days 00:00:25.620754,relu,0.13487266788125774,30,0.0786607800850866,2,True,standard,2.7572638798083396e-05,COMPLETE
1470,140.75650024414062,2026-01-03 12:10:03.778472,2026-01-03 12:10:29.469283,0 days 00:00:25.690811,relu,0.12359427508304899,30,0.059812920074244935,2,True,standard,2.2493718861207407e-05,COMPLETE
1471,146.16397094726562,2026-01-03 12:10:29.477287,2026-01-03 12:10:55.013062,0 days 00:00:25.535775,relu,0.11308238830567222,32,0.08778193012413146,2,True,robust,2.6815099282510026e-05,COMPLETE
1472,148.1752166748047,2026-01-03 12:10:55.023060,2026-01-03 12:11:18.196138,0 days 00:00:23.173078,relu,0.10005360383643878,31,0.06949035751547686,1,True,standard,0.0001326545329312152,COMPLETE
1473,142.4657745361328,2026-01-03 12:11:18.204138,2026-01-03 12:11:43.882917,0 days 00:00:25.678779,relu,0.10837456922251228,31,0.04855910384439572,2,True,standard,2.2723234359058573e-05,COMPLETE
1474,140.53024291992188,2026-01-03 12:11:43.890920,2026-01-03 12:12:09.464207,0 days 00:00:25.573287,relu,0.1184339423482113,29,0.09979211913788871,2,True,standard,3.578694980985899e-05,COMPLETE
1475,141.69143676757812,2026-01-03 12:12:09.474210,2026-01-03 12:12:35.186591,0 days 00:00:25.712381,relu,0.12778095530483108,32,0.09983846449034826,2,True,standard,9.752013972272496e-06,COMPLETE
1476,179.7236785888672,2026-01-03 12:12:35.194595,2026-01-03 12:13:01.651383,0 days 00:00:26.456788,mish,0.10836259726294789,30,0.07894729880450205,2,True,minmax,6.307198957239581e-06,COMPLETE
1477,196.3378448486328,2026-01-03 12:13:01.659896,2026-01-03 12:13:27.520273,0 days 00:00:25.860377,relu,0.10002309082717156,31,0.0002658480645014884,2,True,standard,2.835786508509706e-05,COMPLETE
1478,138.70278930664062,2026-01-03 12:13:27.528280,2026-01-03 12:13:53.163715,0 days 00:00:25.635435,relu,0.114713649993241,29,0.07779616006763866,2,True,standard,2.178242147604607e-05,COMPLETE
1479,140.22398376464844,2026-01-03 12:13:53.172716,2026-01-03 12:14:18.704285,0 days 00:00:25.531569,relu,0.10738673019460891,32,0.06591774143389736,2,True,standard,2.4992155194242295e-05,COMPLETE
1480,144.2384033203125,2026-01-03 12:14:18.712285,2026-01-03 12:14:44.476155,0 days 00:00:25.763870,relu,0.1214369677030582,30,0.08673723301593773,2,True,standard,0.00016514067802303342,COMPLETE
1481,142.23838806152344,2026-01-03 12:14:44.483155,2026-01-03 12:15:10.134830,0 days 00:00:25.651675,relu,0.10731226804881798,30,0.08896185099270619,2,True,standard,0.00010462466044008388,COMPLETE
1482,150.26849365234375,2026-01-03 12:15:10.142837,2026-01-03 12:15:37.525178,0 days 00:00:27.382341,gelu,0.11453892531900264,32,0.07270947154816201,2,True,standard,3.031334030981723e-05,COMPLETE
1483,151.02687072753906,2026-01-03 12:15:37.534182,2026-01-03 12:16:03.118796,0 days 00:00:25.584614,relu,0.12925157686500838,29,0.06134922787586606,2,True,standard,7.800554288136685e-06,COMPLETE
1484,142.098388671875,2026-01-03 12:16:03.126796,2026-01-03 12:16:28.790418,0 days 00:00:25.663622,relu,0.10719485848810134,31,0.08839079036355621,2,True,standard,3.433553709134225e-05,COMPLETE
1485,198.37523390028213,2026-01-03 12:16:28.799417,2026-01-03 12:16:53.841629,0 days 00:00:25.042212,relu,0.1412180973635314,29,0.0009941783632066968,2,False,standard,2.1053113460466283e-05,COMPLETE
1486,142.99118041992188,2026-01-03 12:16:53.849629,2026-01-03 12:17:19.780401,0 days 00:00:25.930772,relu,0.12003997658412824,32,0.07947289156761261,2,True,standard,0.00012550301011056474,COMPLETE
1487,142.94491577148438,2026-01-03 12:17:19.865907,2026-01-03 12:17:45.569183,0 days 00:00:25.703276,relu,0.10014168123959571,28,0.07162231490658426,2,True,standard,2.5702478232008457e-05,COMPLETE
1488,173.77059936523438,2026-01-03 12:17:45.578183,2026-01-03 12:18:10.593310,0 days 00:00:25.015127,relu,0.11265792701099256,8,0.08951439937819343,2,True,standard,3.1468424316822656e-05,COMPLETE
1489,165.07931518554688,2026-01-03 12:18:10.601313,2026-01-03 12:18:36.444060,0 days 00:00:25.842747,silu,0.1073751731812608,30,0.055866226084204725,2,True,standard,2.266109550480487e-05,COMPLETE
1490,174.01707458496094,2026-01-03 12:18:36.453574,2026-01-03 12:19:02.174045,0 days 00:00:25.720471,relu,0.12021273560462996,31,0.09963727981805759,2,True,none,2.7570085818358376e-05,COMPLETE
1491,141.23497009277344,2026-01-03 12:19:02.182048,2026-01-03 12:19:27.868898,0 days 00:00:25.686850,relu,0.10707923450643839,32,0.08067971051173317,2,True,standard,2.0678600387122614e-05,COMPLETE
1492,146.98611450195312,2026-01-03 12:19:27.876898,2026-01-03 12:19:53.482623,0 days 00:00:25.605725,relu,0.1268252087322805,29,0.06554426173838297,2,True,standard,3.5844936406637775e-05,COMPLETE
1493,141.4845733642578,2026-01-03 12:19:53.490626,2026-01-03 12:20:19.122043,0 days 00:00:25.631417,relu,0.1154286752566474,30,0.07883378581151067,2,True,standard,9.572434647103823e-05,COMPLETE
1494,142.21829223632812,2026-01-03 12:20:19.131043,2026-01-03 12:20:44.876972,0 days 00:00:25.745929,relu,0.1129439533020385,31,0.0886276772659326,2,True,standard,2.3983487547799114e-05,COMPLETE
1495,145.80519104003906,2026-01-03 12:20:44.885975,2026-01-03 12:21:10.504345,0 days 00:00:25.618370,relu,0.10716362654851362,28,0.09981957170248185,2,True,robust,2.7175266620391407e-05,COMPLETE
1496,143.83505249023438,2026-01-03 12:21:10.512348,2026-01-03 12:21:36.041679,0 days 00:00:25.529331,relu,0.13731221169162877,32,0.0731701898294858,2,True,standard,0.00014745431441176576,COMPLETE
1497,139.7864532470703,2026-01-03 12:21:36.049684,2026-01-03 12:22:01.607195,0 days 00:00:25.557511,relu,0.10031478823932169,30,0.08054553275499776,2,True,standard,7.46969226188101e-06,COMPLETE
1498,141.380859375,2026-01-03 12:22:01.615195,2026-01-03 12:22:27.585769,0 days 00:00:25.970574,relu,0.12183072396523517,30,0.08839635090587931,2,True,standard,3.144883746223862e-05,COMPLETE
1499,142.69122314453125,2026-01-03 12:22:27.595772,2026-01-03 12:22:53.353560,0 days 00:00:25.757788,relu,0.10707549479570785,27,0.064495447163597,2,True,standard,0.00011211753036084576,COMPLETE
1500,150.8578338623047,2026-01-03 12:22:53.364560,2026-01-03 12:23:19.130815,0 days 00:00:25.766255,relu,0.22777413053750722,32,0.08870733855280004,2,True,standard,2.137296326796023e-05,COMPLETE
1501,187.3742218017578,2026-01-03 12:23:19.139817,2026-01-03 12:23:44.714044,0 days 00:00:25.574227,mish,0.10012853195418657,16,0.07271089315639007,2,True,minmax,9.702051998098127e-06,COMPLETE
1502,143.40274047851562,2026-01-03 12:23:44.723048,2026-01-03 12:24:10.357976,0 days 00:00:25.634928,relu,0.10005484887463673,29,0.055228384872790484,2,True,standard,2.4976148648968923e-05,COMPLETE
1503,143.6848907470703,2026-01-03 12:24:10.366975,2026-01-03 12:24:36.410390,0 days 00:00:26.043415,relu,0.11465662012162664,31,0.08888122126997801,2,True,standard,1.9525133706714354e-05,COMPLETE
1504,338.59232815212675,2026-01-03 12:24:36.418904,2026-01-03 12:25:01.640128,0 days 00:00:25.221224,relu,0.12729876452086342,31,7.071846967912752e-05,2,False,standard,1.0736202263718061e-05,COMPLETE
1505,140.8850860595703,2026-01-03 12:25:01.649128,2026-01-03 12:25:27.312965,0 days 00:00:25.663837,relu,0.10003412372256971,28,0.09984724096297483,2,True,standard,2.8498318894230853e-05,COMPLETE
1506,167.1623992919922,2026-01-03 12:25:27.321472,2026-01-03 12:25:54.680013,0 days 00:00:27.358541,gelu,0.40682854949858893,32,0.0761180844848159,2,True,standard,3.686689586417897e-05,COMPLETE
1507,142.8262176513672,2026-01-03 12:25:54.688015,2026-01-03 12:26:20.310287,0 days 00:00:25.622272,relu,0.11826257766680956,30,0.06508333926405067,2,True,standard,2.2908563776735994e-05,COMPLETE
1508,141.69100952148438,2026-01-03 12:26:20.320290,2026-01-03 12:26:45.938522,0 days 00:00:25.618232,relu,0.11350323139654478,29,0.08057125003398294,2,True,standard,8.144459777668217e-05,COMPLETE
1509,140.22885131835938,2026-01-03 12:26:45.946522,2026-01-03 12:27:11.493267,0 days 00:00:25.546745,relu,0.13162553038285457,32,0.08899924798967578,2,True,standard,0.00012044129990005434,COMPLETE
1510,142.84280395507812,2026-01-03 12:27:11.502267,2026-01-03 12:27:37.188532,0 days 00:00:25.686265,relu,0.10825231349261702,30,0.07164180306040409,2,True,standard,5.6737251478258015e-06,COMPLETE
1511,148.8231201171875,2026-01-03 12:27:37.197532,2026-01-03 12:28:00.340455,0 days 00:00:23.142923,relu,0.12165919404307367,31,0.09966851626739624,1,True,standard,3.1074760678667714e-05,COMPLETE
1512,166.327880859375,2026-01-03 12:28:00.347455,2026-01-03 12:28:26.068831,0 days 00:00:25.721376,silu,0.21495954430607184,29,0.08063715115544359,2,True,standard,2.5734822506569338e-05,COMPLETE
1513,154.65103149414062,2026-01-03 12:28:26.075831,2026-01-03 12:28:51.778201,0 days 00:00:25.702370,relu,0.10740433669808819,27,0.06052329559611597,2,True,standard,2.1084555837759676e-05,COMPLETE
1514,141.5550079345703,2026-01-03 12:28:51.788201,2026-01-03 12:29:17.677084,0 days 00:00:25.888883,relu,0.11404708395193652,32,0.07123863443293142,2,True,standard,9.660950529675405e-05,COMPLETE
1515,137.65274047851562,2026-01-03 12:29:17.703087,2026-01-03 12:29:43.523173,0 days 00:00:25.820086,relu,0.10012149140064355,30,0.09966606146401658,2,True,standard,1.9422166263274353e-05,COMPLETE
1516,165.3271484375,2026-01-03 12:29:43.531173,2026-01-03 12:30:09.254100,0 days 00:00:25.722927,relu,0.10008163995356138,11,0.09973129618134516,2,True,standard,1.7800932736584484e-05,COMPLETE
1517,173.7272491455078,2026-01-03 12:30:09.261608,2026-01-03 12:30:35.016988,0 days 00:00:25.755380,relu,0.11259686469167457,25,0.09983140383126003,2,True,none,1.6803636461449294e-05,COMPLETE
1518,142.8352813720703,2026-01-03 12:30:35.025988,2026-01-03 12:31:00.672897,0 days 00:00:25.646909,relu,0.12228338172498146,27,0.09987333529886035,2,True,standard,1.3503307167348507e-05,COMPLETE
1519,170.2879638671875,2026-01-03 12:31:00.680897,2026-01-03 12:31:26.758706,0 days 00:00:26.077809,relu,0.10692830229710211,28,0.01320049574123043,2,True,standard,1.8199210264058985e-05,COMPLETE
1520,148.9163818359375,2026-01-03 12:31:26.769221,2026-01-03 12:31:53.328801,0 days 00:00:26.559580,relu,0.13494961589453244,28,0.08840492092169325,2,True,robust,2.0132100506562518e-05,COMPLETE
1521,143.07278442382812,2026-01-03 12:31:53.337804,2026-01-03 12:32:18.896228,0 days 00:00:25.558424,relu,0.11343540801928899,28,0.08882996630737415,2,True,standard,1.528018634291936e-05,COMPLETE
1522,141.35789489746094,2026-01-03 12:32:18.904229,2026-01-03 12:32:44.473532,0 days 00:00:25.569303,relu,0.12066830435028594,29,0.08892041335122916,2,True,standard,1.9636953531498277e-05,COMPLETE
1523,198.0868450249566,2026-01-03 12:32:44.481043,2026-01-03 12:33:09.482231,0 days 00:00:25.001188,relu,0.10727373810773262,26,0.0009944927058146748,2,False,standard,1.599962957652129e-05,COMPLETE
1524,177.8113250732422,2026-01-03 12:33:09.490231,2026-01-03 12:33:36.028526,0 days 00:00:26.538295,mish,0.14609513573731686,29,0.006066851037652679,2,True,standard,2.2682904674517313e-05,COMPLETE
1525,138.99307250976562,2026-01-03 12:33:36.036526,2026-01-03 12:34:01.774850,0 days 00:00:25.738324,relu,0.10011409491456452,30,0.08146843056099873,2,True,standard,1.9598191031159967e-05,COMPLETE
1526,174.29348754882812,2026-01-03 12:34:01.783850,2026-01-03 12:34:27.484634,0 days 00:00:25.700784,relu,0.12559223374744483,27,0.09941845266665063,2,True,minmax,1.250958629944969e-05,COMPLETE
1527,142.62347412109375,2026-01-03 12:34:27.493142,2026-01-03 12:34:53.223888,0 days 00:00:25.730746,relu,0.10758149413186677,29,0.07892478328339433,2,True,standard,2.4763933156590377e-05,COMPLETE
1528,142.33502197265625,2026-01-03 12:34:53.231888,2026-01-03 12:35:18.971486,0 days 00:00:25.739598,relu,0.1166080006235243,30,0.08891807559503478,2,True,standard,2.067038071987365e-05,COMPLETE
1529,151.57862854003906,2026-01-03 12:35:18.981495,2026-01-03 12:35:44.589302,0 days 00:00:25.607807,relu,0.10808040976367432,28,0.03938680510163374,2,True,standard,2.3311269064120862e-05,COMPLETE
1530,143.44168090820312,2026-01-03 12:35:44.597302,2026-01-03 12:36:10.243193,0 days 00:00:25.645891,relu,0.11378196519605782,30,0.07948618302504101,2,True,standard,1.8068655002031597e-05,COMPLETE
1531,148.7984619140625,2026-01-03 12:36:10.252193,2026-01-03 12:36:37.541776,0 days 00:00:27.289583,gelu,0.13015387746749765,28,0.0889102774996525,2,True,standard,1.6769513770185376e-05,COMPLETE
1532,143.04791259765625,2026-01-03 12:36:37.550779,2026-01-03 12:37:03.289299,0 days 00:00:25.738520,relu,0.10671526603541139,31,0.0695568402714197,2,True,standard,1.4137837868490374e-05,COMPLETE
1533,146.63055419921875,2026-01-03 12:37:03.297305,2026-01-03 12:37:28.824778,0 days 00:00:25.527473,relu,0.10006651838713404,26,0.049170436840736666,2,True,standard,2.6528192678172964e-05,COMPLETE
1534,140.3528594970703,2026-01-03 12:37:28.833778,2026-01-03 12:37:54.605230,0 days 00:00:25.771452,relu,0.11939747103190593,29,0.09936163920313086,2,True,standard,2.1169849872945534e-05,COMPLETE
1535,141.33609008789062,2026-01-03 12:37:54.614230,2026-01-03 12:38:20.328553,0 days 00:00:25.714323,relu,0.11336254535700954,31,0.09970334712833964,2,True,standard,2.32111203421039e-05,COMPLETE
1536,176.14492797851562,2026-01-03 12:38:20.336553,2026-01-03 12:38:45.915989,0 days 00:00:25.579436,relu,0.34860733777140573,20,0.07942060131711318,2,True,standard,2.9164706728051325e-05,COMPLETE
1537,160.24905395507812,2026-01-03 12:38:45.924489,2026-01-03 12:39:11.993557,0 days 00:00:26.069068,silu,0.12486859275293963,30,0.09991469918772851,2,True,standard,1.907160818379429e-05,COMPLETE
1538,142.99237060546875,2026-01-03 12:39:12.002556,2026-01-03 12:39:37.952911,0 days 00:00:25.950355,relu,0.10007052034631025,30,0.07142058319508189,2,True,standard,2.6627264886760964e-05,COMPLETE
1539,172.02853393554688,2026-01-03 12:39:37.960911,2026-01-03 12:40:03.335711,0 days 00:00:25.374800,relu,0.10694713017867359,24,0.0808838441041596,2,True,none,8.693339786898812e-06,COMPLETE
1540,143.46669006347656,2026-01-03 12:40:03.344712,2026-01-03 12:40:29.044621,0 days 00:00:25.699909,relu,0.11326075879746376,28,0.062470688570158465,2,True,standard,1.7235823128699766e-05,COMPLETE
1541,142.42556762695312,2026-01-03 12:40:29.053623,2026-01-03 12:40:54.682405,0 days 00:00:25.628782,relu,0.11902276779699175,31,0.08602887282191239,2,True,standard,2.278493935458677e-05,COMPLETE
1542,195.7074737548828,2026-01-03 12:40:54.689405,2026-01-03 12:41:20.354178,0 days 00:00:25.664773,relu,0.10683483287593026,29,0.00032657690147469483,2,True,standard,3.290354022739706e-05,COMPLETE
1543,153.29039001464844,2026-01-03 12:41:20.362181,2026-01-03 12:41:45.757045,0 days 00:00:25.394864,relu,0.13165398934080863,18,0.09982161117586841,2,True,standard,1.995467706050228e-05,COMPLETE
1544,204.82313964843752,2026-01-03 12:41:45.765045,2026-01-03 12:42:10.833264,0 days 00:00:25.068219,relu,0.44203755637699466,27,0.0009934470779646273,2,False,standard,1.1508948937859633e-05,COMPLETE
1545,145.83370971679688,2026-01-03 12:42:10.842271,2026-01-03 12:42:36.679738,0 days 00:00:25.837467,relu,0.10717172652643123,31,0.07211077832602682,2,True,robust,2.5079419651617464e-05,COMPLETE
1546,141.23486328125,2026-01-03 12:42:36.687741,2026-01-03 12:43:02.306407,0 days 00:00:25.618666,relu,0.11832594924960273,32,0.08829905664981193,2,True,standard,3.100411246021406e-05,COMPLETE
1547,142.14788818359375,2026-01-03 12:43:02.314407,2026-01-03 12:43:28.091187,0 days 00:00:25.776780,relu,0.11469182056013703,30,0.07934489059606749,2,True,standard,1.4038285120179548e-05,COMPLETE
1548,143.91738891601562,2026-01-03 12:43:28.101188,2026-01-03 12:43:53.846474,0 days 00:00:25.745286,relu,0.1071221194455131,30,0.06617510831155088,2,True,standard,2.179391196715155e-05,COMPLETE
1549,188.9739227294922,2026-01-03 12:43:53.854479,2026-01-03 12:44:20.515388,0 days 00:00:26.660909,mish,0.12625936266226406,29,0.08886342130090805,2,True,minmax,2.8459120480754977e-05,COMPLETE
1550,140.9984130859375,2026-01-03 12:44:20.523388,2026-01-03 12:44:46.147142,0 days 00:00:25.623754,relu,0.10006275822039827,32,0.07811207619748417,2,True,standard,2.4940319561964366e-05,COMPLETE
1551,148.31179809570312,2026-01-03 12:44:46.156141,2026-01-03 12:45:09.524193,0 days 00:00:23.368052,relu,0.13823825290461494,31,0.08653088981012412,1,True,standard,3.560408741447447e-05,COMPLETE
1552,142.84033203125,2026-01-03 12:45:09.532193,2026-01-03 12:45:35.151009,0 days 00:00:25.618816,relu,0.11356101290594545,28,0.054929499355655186,2,True,standard,1.6405561371478006e-05,COMPLETE
1553,142.70626831054688,2026-01-03 12:45:35.160012,2026-01-03 12:46:00.870906,0 days 00:00:25.710894,relu,0.10721940976996991,31,0.07127378366658879,2,True,standard,1.9210864929153043e-05,COMPLETE
1554,153.8623809814453,2026-01-03 12:46:00.880906,2026-01-03 12:46:28.836152,0 days 00:00:27.955246,gelu,0.12116299806380948,25,0.08922415377052254,2,True,standard,6.861219520102689e-06,COMPLETE
1555,144.36383056640625,2026-01-03 12:46:30.466829,2026-01-03 12:46:56.275988,0 days 00:00:25.809159,relu,0.10022853786136325,29,0.07949291759361006,2,True,standard,2.2327461697696667e-05,COMPLETE
1556,145.60125732421875,2026-01-03 12:46:56.285991,2026-01-03 12:47:21.890671,0 days 00:00:25.604680,relu,0.1124622288787248,30,0.058325807189172976,2,True,standard,2.641991239886681e-05,COMPLETE
1557,142.90745544433594,2026-01-03 12:47:21.900669,2026-01-03 12:47:47.637530,0 days 00:00:25.736861,relu,0.10011005979815685,27,0.0667570047282281,2,True,standard,3.074420628032964e-05,COMPLETE
1558,141.38406372070312,2026-01-03 12:47:47.644533,2026-01-03 12:48:13.270937,0 days 00:00:25.626404,relu,0.12577599854763535,32,0.08952037562088767,2,True,standard,1.9397214167031546e-05,COMPLETE
1559,141.38592529296875,2026-01-03 12:48:13.278937,2026-01-03 12:48:38.991782,0 days 00:00:25.712845,relu,0.10750995560093611,29,0.07630373317371318,2,True,standard,3.864899633162504e-05,COMPLETE
1560,139.38833618164062,2026-01-03 12:48:38.999779,2026-01-03 12:49:04.556049,0 days 00:00:25.556270,relu,0.11919364182585498,32,0.08020608222398289,2,True,standard,1.4994709052198675e-05,COMPLETE
1561,197.91981811523436,2026-01-03 12:49:04.563556,2026-01-03 12:49:29.753376,0 days 00:00:25.189820,silu,0.11264604560700237,30,0.0009946995022181945,2,False,standard,2.415265141474783e-05,COMPLETE
1562,140.77601623535156,2026-01-03 12:49:29.761380,2026-01-03 12:49:55.488211,0 days 00:00:25.726831,relu,0.1066077808640869,31,0.09914947614065077,2,True,standard,1.244056177163834e-05,COMPLETE
1563,202.027099609375,2026-01-03 12:49:55.496211,2026-01-03 12:50:21.086401,0 days 00:00:25.590190,relu,0.4217684650863371,31,0.08815087667927678,2,True,none,1.7052645225837174e-05,COMPLETE
1564,145.09019470214844,2026-01-03 12:50:21.096404,2026-01-03 12:50:46.703234,0 days 00:00:25.606830,relu,0.13296254556110743,28,0.06650361403268394,2,True,standard,2.0450260764088977e-05,COMPLETE
1565,140.7750701904297,2026-01-03 12:50:46.712234,2026-01-03 12:51:12.338976,0 days 00:00:25.626742,relu,0.1182139699700904,32,0.08954644958677838,2,True,standard,2.8583803271861588e-05,COMPLETE
1566,138.37835693359375,2026-01-03 12:51:12.345976,2026-01-03 12:51:38.055850,0 days 00:00:25.709874,relu,0.10021779711898521,30,0.09991262679560335,2,True,standard,8.997680487093373e-06,COMPLETE
1567,139.29232788085938,2026-01-03 12:51:38.064852,2026-01-03 12:52:03.696911,0 days 00:00:25.632059,relu,0.10714010026029738,31,0.09938591589211337,2,True,standard,7.893202366064134e-06,COMPLETE
1568,199.45260620117188,2026-01-03 12:52:03.704911,2026-01-03 12:52:28.829610,0 days 00:00:25.124699,relu,0.4628751440413287,13,0.09089893385678403,2,True,robust,9.105376071977824e-06,COMPLETE
1569,140.09884643554688,2026-01-03 12:52:28.836610,2026-01-03 12:52:54.586874,0 days 00:00:25.750264,relu,0.11319358521967271,30,0.0999024069354869,2,True,standard,8.682219313418657e-06,COMPLETE
1570,141.55545043945312,2026-01-03 12:52:54.596384,2026-01-03 12:53:20.228638,0 days 00:00:25.632254,relu,0.12443020853600398,32,0.08939320090983059,2,True,standard,5.828726000766652e-06,COMPLETE
1571,142.37252807617188,2026-01-03 12:53:20.236638,2026-01-03 12:53:45.897530,0 days 00:00:25.660892,relu,0.11357157896783425,30,0.09024964063977567,2,True,standard,6.926168975435751e-06,COMPLETE
1572,140.33566284179688,2026-01-03 12:53:45.907040,2026-01-03 12:54:11.529343,0 days 00:00:25.622303,relu,0.10648137839151306,31,0.09928336142290835,2,True,standard,3.425317031710645e-05,COMPLETE
1573,142.96177673339844,2026-01-03 12:54:11.538346,2026-01-03 12:54:37.269522,0 days 00:00:25.731176,relu,0.10002092178031927,32,0.09899079514304826,2,True,standard,4.767511316443424e-06,COMPLETE
1574,186.8859405517578,2026-01-03 12:54:37.277522,2026-01-03 12:55:03.731932,0 days 00:00:26.454410,mish,0.11877430779105756,29,0.08818118885205253,2,True,minmax,6.942262385324431e-06,COMPLETE
1575,142.6442108154297,2026-01-03 12:55:03.742933,2026-01-03 12:55:29.430867,0 days 00:00:25.687934,relu,0.10692840481223173,30,0.08123532319922397,2,True,standard,9.100830069268955e-06,COMPLETE
1576,176.2443389892578,2026-01-03 12:55:29.439862,2026-01-03 12:55:55.007234,0 days 00:00:25.567372,relu,0.4779222847288227,32,0.08819946327337479,2,True,standard,8.651828292518226e-06,COMPLETE
1577,148.1812744140625,2026-01-03 12:55:55.015235,2026-01-03 12:56:20.694955,0 days 00:00:25.679720,relu,0.180571968147821,30,0.07913172924803287,2,True,standard,7.387266078180289e-06,COMPLETE
1578,143.28817749023438,2026-01-03 12:56:20.704964,2026-01-03 12:56:46.378271,0 days 00:00:25.673307,relu,0.1521005696886109,31,0.09996959852568901,2,True,standard,3.514457120983354e-06,COMPLETE
1579,181.44313049316406,2026-01-03 12:56:46.387271,2026-01-03 12:57:13.888037,0 days 00:00:27.500766,gelu,0.12886816111311944,29,0.0030429534531500775,2,True,standard,6.237386766232082e-06,COMPLETE
1580,140.6773223876953,2026-01-03 12:57:13.896036,2026-01-03 12:57:39.386880,0 days 00:00:25.490844,relu,0.11343674944215218,32,0.09972056839832785,2,True,standard,8.794853472485916e-06,COMPLETE
1581,141.45565795898438,2026-01-03 12:57:39.395882,2026-01-03 12:58:04.960646,0 days 00:00:25.564764,relu,0.14160902892523256,29,0.08019273684119102,2,True,standard,9.591002990786137e-06,COMPLETE
1582,198.1437685139974,2026-01-03 12:58:04.968650,2026-01-03 12:58:30.103348,0 days 00:00:25.134698,relu,0.10701069338366755,30,0.0009947075510138407,2,False,standard,5.4236406114659555e-06,COMPLETE
1583,141.0389862060547,2026-01-03 12:58:30.110347,2026-01-03 12:58:55.862178,0 days 00:00:25.751831,relu,0.1214805143761931,31,0.09963069012767434,2,True,standard,3.852485843603667e-05,COMPLETE
1584,141.63119506835938,2026-01-03 12:58:55.870181,2026-01-03 12:59:21.532085,0 days 00:00:25.661904,relu,0.10743127409339594,32,0.08108713601803022,2,True,standard,1.0983814331987042e-05,COMPLETE
1585,140.07162475585938,2026-01-03 12:59:21.540085,2026-01-03 12:59:47.256000,0 days 00:00:25.715915,relu,0.1000079948578864,29,0.08901909113354621,2,True,standard,8.10634679272991e-06,COMPLETE
1586,139.1902618408203,2026-01-03 12:59:47.265003,2026-01-03 13:00:12.968073,0 days 00:00:25.703070,relu,0.11659512480870718,31,0.09953305409547016,2,True,standard,7.704776276785934e-06,COMPLETE
1587,138.74490356445312,2026-01-03 13:00:12.977075,2026-01-03 13:00:38.617358,0 days 00:00:25.640283,relu,0.10714549765508352,32,0.07573182865798327,2,True,standard,9.747505377426666e-06,COMPLETE
1588,169.51730346679688,2026-01-03 13:00:38.625357,2026-01-03 13:01:01.820793,0 days 00:00:23.195436,silu,0.12657790273215816,30,0.08839328212870964,1,True,standard,3.318695980405424e-05,COMPLETE
1589,171.09994506835938,2026-01-03 13:01:01.829794,2026-01-03 13:01:27.558461,0 days 00:00:25.728667,relu,0.11355380947049547,30,0.09952162666180037,2,True,none,6.925313762659479e-06,COMPLETE
1590,145.00985717773438,2026-01-03 13:01:27.566968,2026-01-03 13:01:53.159089,0 days 00:00:25.592121,relu,0.13455117308372838,28,0.0797636867633851,2,True,standard,7.203542607794849e-06,COMPLETE
1591,141.56661987304688,2026-01-03 13:01:53.168602,2026-01-03 13:02:18.673290,0 days 00:00:25.504688,relu,0.10775765402217194,32,0.09976038041321061,2,True,standard,8.869483031690522e-06,COMPLETE
1592,142.9841766357422,2026-01-03 13:02:18.681293,2026-01-03 13:02:44.302913,0 days 00:00:25.621620,relu,0.12006600944352858,29,0.07324175354776763,2,True,standard,3.080634695910607e-05,COMPLETE
1593,147.7284393310547,2026-01-03 13:02:44.310913,2026-01-03 13:03:10.040777,0 days 00:00:25.729864,relu,0.11497170075635943,31,0.08711752654049269,2,True,robust,9.563645113749412e-06,COMPLETE
1594,142.8372802734375,2026-01-03 13:03:10.049777,2026-01-03 13:03:35.655758,0 days 00:00:25.605981,relu,0.1004378041332334,31,0.08096958436181152,2,True,standard,2.740877918228085e-05,COMPLETE
1595,141.99928283691406,2026-01-03 13:03:35.663761,2026-01-03 13:04:01.255012,0 days 00:00:25.591251,relu,0.11290329588855998,29,0.09952563719393577,2,True,standard,6.521838348314483e-06,COMPLETE
1596,158.47900390625,2026-01-03 13:04:01.265022,2026-01-03 13:04:26.795617,0 days 00:00:25.530595,relu,0.19574053624750531,23,0.07071845917318223,2,True,standard,7.690933458589675e-06,COMPLETE
1597,140.19700622558594,2026-01-03 13:04:26.803617,2026-01-03 13:04:52.376871,0 days 00:00:25.573254,relu,0.10712188649710783,32,0.08737758895500786,2,True,standard,3.9268819169836514e-05,COMPLETE
1598,189.67098999023438,2026-01-03 13:04:52.385378,2026-01-03 13:05:18.655683,0 days 00:00:26.270305,mish,0.10004633770417933,26,0.0814295993795869,2,True,minmax,9.915285757145762e-06,COMPLETE
1599,198.04761501736112,2026-01-03 13:05:18.663683,2026-01-03 13:05:43.671518,0 days 00:00:25.007835,relu,0.12407565224546978,30,0.000993996100213706,2,False,standard,2.83513995078832e-05,COMPLETE
1600,146.50247192382812,2026-01-03 13:05:43.680526,2026-01-03 13:06:09.167315,0 days 00:00:25.486789,relu,0.10767013034051362,27,0.07280522251120089,2,True,standard,3.288415415129251e-05,COMPLETE
1601,142.27731323242188,2026-01-03 13:06:09.175315,2026-01-03 13:06:34.763032,0 days 00:00:25.587717,relu,0.10017284739433034,28,0.08905353769135178,2,True,standard,2.617141349217467e-05,COMPLETE
1602,142.28501892089844,2026-01-03 13:06:34.771032,2026-01-03 13:07:00.383660,0 days 00:00:25.612628,relu,0.11919757752309808,30,0.0725066921261384,2,True,standard,2.382302370204149e-05,COMPLETE
1603,142.16128540039062,2026-01-03 13:07:00.391665,2026-01-03 13:07:27.603905,0 days 00:00:27.212240,gelu,0.13010774695941063,32,0.09966946094680448,2,True,standard,3.429768411957579e-05,COMPLETE
1604,140.2482452392578,2026-01-03 13:07:27.613414,2026-01-03 13:07:53.226197,0 days 00:00:25.612783,relu,0.11276953560559874,30,0.08106491448092903,2,True,standard,7.846931051188362e-06,COMPLETE
1605,137.2084197998047,2026-01-03 13:07:53.235197,2026-01-03 13:08:18.898475,0 days 00:00:25.663278,relu,0.10006295762792884,31,0.08803005636286661,2,True,standard,1.0159964432966625e-05,COMPLETE
1606,143.52330017089844,2026-01-03 13:08:18.906473,2026-01-03 13:08:44.465366,0 days 00:00:25.558893,relu,0.10047043987109475,28,0.06258862331122747,2,True,standard,1.0766151034867942e-05,COMPLETE
1607,145.54055786132812,2026-01-03 13:08:44.473367,2026-01-03 13:09:09.931177,0 days 00:00:25.457810,relu,0.10032738942684712,28,0.06705874392509731,2,True,standard,9.629737793865224e-06,COMPLETE
1608,142.2635955810547,2026-01-03 13:09:09.939178,2026-01-03 13:09:35.656736,0 days 00:00:25.717558,relu,0.10669194777782791,27,0.07235718424326855,2,True,standard,9.828982897242763e-06,COMPLETE
1609,141.85218811035156,2026-01-03 13:09:35.663736,2026-01-03 13:10:01.285833,0 days 00:00:25.622097,relu,0.10028077029201299,29,0.07940773446412003,2,True,standard,1.00135777749421e-05,COMPLETE
1610,142.88742065429688,2026-01-03 13:10:01.293832,2026-01-03 13:10:26.792232,0 days 00:00:25.498400,relu,0.10701391430573834,29,0.06559135136431204,2,True,standard,8.528822012839146e-06,COMPLETE
1611,161.03305053710938,2026-01-03 13:10:26.800233,2026-01-03 13:10:52.610043,0 days 00:00:25.809810,silu,0.10741487708605058,30,0.0786661724717782,2,True,standard,1.1052813860035576e-05,COMPLETE
1612,140.4853515625,2026-01-03 13:10:52.618050,2026-01-03 13:11:18.306878,0 days 00:00:25.688828,relu,0.10939906946580477,31,0.08717167294607138,2,True,standard,1.1174947443530076e-05,COMPLETE
1613,209.76321411132812,2026-01-03 13:11:18.314880,2026-01-03 13:11:43.876580,0 days 00:00:25.561700,relu,0.4970966982798686,29,0.06986696923259961,2,True,none,1.1779736689620341e-05,COMPLETE
1614,143.60549926757812,2026-01-03 13:11:43.885583,2026-01-03 13:12:09.463841,0 days 00:00:25.578258,relu,0.1061778058401037,30,0.087545196514025,2,True,standard,1.2550655609997425e-05,COMPLETE
1615,167.2919158935547,2026-01-03 13:12:09.471841,2026-01-03 13:12:35.281668,0 days 00:00:25.809827,relu,0.33504646622934897,31,0.060628999584993244,2,True,standard,8.684896464887912e-06,COMPLETE
1616,145.11050415039062,2026-01-03 13:12:35.289668,2026-01-03 13:13:00.760629,0 days 00:00:25.470961,relu,0.10755590621593876,28,0.07495331717723389,2,True,standard,1.085350903526248e-05,COMPLETE
1617,142.5994110107422,2026-01-03 13:13:00.770625,2026-01-03 13:13:26.301859,0 days 00:00:25.531234,relu,0.10658756396555141,27,0.080778615976557,2,True,standard,8.30548293705648e-06,COMPLETE
1618,198.13133260091143,2026-01-03 13:13:26.310859,2026-01-03 13:13:51.436464,0 days 00:00:25.125605,relu,0.11286483618140064,31,0.0009937566126765921,2,False,standard,1.0894509110569648e-05,COMPLETE
1619,144.06353759765625,2026-01-03 13:13:51.445467,2026-01-03 13:14:17.077736,0 days 00:00:25.632269,relu,0.10060795973876975,30,0.09968682937694648,2,True,robust,7.909990889163658e-06,COMPLETE
1620,141.08895874023438,2026-01-03 13:14:17.087734,2026-01-03 13:14:42.752589,0 days 00:00:25.664855,relu,0.10028981649102921,29,0.0874314280651275,2,True,standard,6.078055881212238e-06,COMPLETE
1621,141.97764587402344,2026-01-03 13:14:42.762100,2026-01-03 13:15:08.494800,0 days 00:00:25.732700,relu,0.11346831374229795,31,0.07152318118660243,2,True,standard,4.3990594370220085e-06,COMPLETE
1622,178.8699951171875,2026-01-03 13:15:08.502801,2026-01-03 13:15:34.851695,0 days 00:00:26.348894,mish,0.10720217309917092,32,0.004197893090335835,2,True,standard,9.991111983552715e-06,COMPLETE
1623,198.39263916015625,2026-01-03 13:15:34.860699,2026-01-03 13:16:00.636037,0 days 00:00:25.775338,relu,0.11420083408671557,30,0.0051491356714815605,2,True,minmax,8.736802224385878e-06,COMPLETE
1624,142.29339599609375,2026-01-03 13:16:00.644037,2026-01-03 13:16:26.379887,0 days 00:00:25.735850,relu,0.1068377421360766,28,0.06045750517452079,2,True,standard,6.77807960374233e-06,COMPLETE
1625,139.57534790039062,2026-01-03 13:16:26.388887,2026-01-03 13:16:52.046706,0 days 00:00:25.657819,relu,0.11333186399801153,31,0.08838048050587285,2,True,standard,7.389830201430238e-06,COMPLETE
1626,147.28726196289062,2026-01-03 13:16:52.054709,2026-01-03 13:17:17.758608,0 days 00:00:25.703899,relu,0.10021009255185134,26,0.08043234166887472,2,True,standard,1.0529278446452878e-05,COMPLETE
1627,146.41921997070312,2026-01-03 13:17:17.767612,2026-01-03 13:17:40.886545,0 days 00:00:23.118933,relu,0.1000625350697215,32,0.07268460481035664,1,True,standard,8.848497289889473e-06,COMPLETE
1628,147.23086547851562,2026-01-03 13:17:40.894545,2026-01-03 13:18:08.242012,0 days 00:00:27.347467,gelu,0.10034316824679779,29,0.08721168184575867,2,True,standard,1.2030904042445988e-05,COMPLETE
1629,159.21670532226562,2026-01-03 13:18:08.249012,2026-01-03 13:18:33.595880,0 days 00:00:25.346868,relu,0.10003324355257295,14,0.06541435380206277,2,True,standard,8.189349692939796e-06,COMPLETE
1630,204.2797088623047,2026-01-03 13:18:33.603882,2026-01-03 13:18:58.224014,0 days 00:00:24.620132,relu,0.11275819457272714,4,0.08814386070073531,2,True,standard,9.868873690887603e-06,COMPLETE
1631,150.46957397460938,2026-01-03 13:18:58.232014,2026-01-03 13:19:23.829767,0 days 00:00:25.597753,relu,0.24700207913926842,32,0.07790910148435842,2,True,standard,3.935738946176687e-05,COMPLETE
1632,140.01596069335938,2026-01-03 13:19:23.837767,2026-01-03 13:19:49.507480,0 days 00:00:25.669713,relu,0.11728277473158065,30,0.0880303662862882,2,True,standard,1.0750828559629913e-05,COMPLETE
1633,143.0409698486328,2026-01-03 13:19:49.515479,2026-01-03 13:20:15.151463,0 days 00:00:25.635984,relu,0.10682157004777348,29,0.07139409875641,2,True,standard,3.242471757300914e-05,COMPLETE
1634,172.28622436523438,2026-01-03 13:20:15.160463,2026-01-03 13:20:40.861289,0 days 00:00:25.700826,silu,0.2868088909820573,28,0.07981386625460637,2,True,standard,7.152969901493533e-06,COMPLETE
1635,141.3582000732422,2026-01-03 13:20:40.870287,2026-01-03 13:21:06.464319,0 days 00:00:25.594032,relu,0.1129315386310601,31,0.08828897960126557,2,True,standard,2.986401462317398e-05,COMPLETE
1636,144.0102081298828,2026-01-03 13:21:06.472319,2026-01-03 13:21:32.045151,0 days 00:00:25.572832,relu,0.11820658064621407,30,0.05515565364227817,2,True,standard,8.739448263073984e-06,COMPLETE
1637,198.025704820421,2026-01-03 13:21:32.054148,2026-01-03 13:21:57.113115,0 days 00:00:25.058967,relu,0.1076809940788644,32,0.0009945046742633244,2,False,standard,3.6186762528186666e-05,COMPLETE
1638,141.20565795898438,2026-01-03 13:21:57.121622,2026-01-03 13:22:22.720722,0 days 00:00:25.599100,relu,0.11271381711337781,31,0.0643731410646757,2,True,standard,2.7895068409735128e-05,COMPLETE
1639,140.8928680419922,2026-01-03 13:22:22.730233,2026-01-03 13:22:48.314702,0 days 00:00:25.584469,relu,0.10677569890369619,28,0.09986478525132676,2,True,standard,1.0229742204600417e-05,COMPLETE
1640,146.24710083007812,2026-01-03 13:22:48.323706,2026-01-03 13:23:14.018721,0 days 00:00:25.695015,relu,0.11796901121945574,30,0.0739339757127913,2,True,standard,3.0192358047086025e-06,COMPLETE
1641,146.72891235351562,2026-01-03 13:23:14.026721,2026-01-03 13:23:39.567583,0 days 00:00:25.540862,relu,0.10721905028012427,32,0.08725541096372787,2,True,robust,3.0510830147791357e-05,COMPLETE
1642,171.92930603027344,2026-01-03 13:23:39.575583,2026-01-03 13:24:05.121562,0 days 00:00:25.545979,relu,0.11200339348529581,29,0.0998403386227406,2,True,none,7.816880106115254e-06,COMPLETE
1643,155.6653594970703,2026-01-03 13:24:05.129565,2026-01-03 13:24:30.219812,0 days 00:00:25.090247,relu,0.10711292388164674,17,0.07989320380242668,2,True,standard,6.0092629724786026e-06,COMPLETE
1644,144.78106689453125,2026-01-03 13:24:30.227814,2026-01-03 13:24:55.730597,0 days 00:00:25.502783,relu,0.10015690778642321,29,0.0654524534501935,2,True,standard,1.194477208106193e-05,COMPLETE
1645,140.71885681152344,2026-01-03 13:24:55.738608,2026-01-03 13:25:21.411972,0 days 00:00:25.673364,relu,0.119281462237436,27,0.0999986665834591,2,True,standard,5.32688118822724e-06,COMPLETE
1646,146.09619140625,2026-01-03 13:25:21.419973,2026-01-03 13:25:47.074008,0 days 00:00:25.654035,relu,0.1001385485658047,31,0.026918480634933205,2,True,standard,2.5317117772744985e-05,COMPLETE
1647,181.24215698242188,2026-01-03 13:25:47.082008,2026-01-03 13:26:13.639296,0 days 00:00:26.557288,mish,0.10028607607530575,31,0.0996360702201115,2,True,minmax,3.965939987829123e-05,COMPLETE
1648,169.86761474609375,2026-01-03 13:26:13.649296,2026-01-03 13:26:39.148608,0 days 00:00:25.499312,relu,0.12122481596538472,32,0.008550160984505135,2,True,standard,2.8701990564480337e-05,COMPLETE
1649,144.68667602539062,2026-01-03 13:26:39.157611,2026-01-03 13:27:04.838465,0 days 00:00:25.680854,relu,0.10006690950989058,30,0.07757280797663327,2,True,standard,0.0009008659824531752,COMPLETE
1650,143.56900024414062,2026-01-03 13:27:04.846466,2026-01-03 13:27:30.585451,0 days 00:00:25.738985,relu,0.10010772067128948,29,0.08514246979962416,2,True,standard,3.5693436670656535e-05,COMPLETE
1651,142.1462860107422,2026-01-03 13:27:30.593451,2026-01-03 13:27:56.123360,0 days 00:00:25.529909,relu,0.1128608170619321,27,0.07089972529882417,2,True,standard,2.429294141480935e-05,COMPLETE
1652,168.9747772216797,2026-01-03 13:27:56.131361,2026-01-03 13:28:22.912892,0 days 00:00:26.781531,gelu,0.11329430963455141,10,0.060012810297826256,2,True,standard,8.997130804467e-06,COMPLETE
1653,140.4890594482422,2026-01-03 13:28:22.921893,2026-01-03 13:28:48.666342,0 days 00:00:25.744449,relu,0.10757560746422139,32,0.08826168087716411,2,True,standard,3.117316629517389e-05,COMPLETE
1654,148.93008422851562,2026-01-03 13:28:48.674345,2026-01-03 13:29:14.229849,0 days 00:00:25.555504,relu,0.11964054437782859,30,0.046643921845419996,2,True,standard,2.746629248335864e-05,COMPLETE
1655,141.1175994873047,2026-01-03 13:29:14.237854,2026-01-03 13:29:40.057815,0 days 00:00:25.819961,relu,0.10680487308107782,31,0.07856469762600957,2,True,standard,4.098680778807165e-05,COMPLETE
1656,198.4637689887153,2026-01-03 13:29:40.064816,2026-01-03 13:30:05.250152,0 days 00:00:25.185336,relu,0.11432977853956672,30,0.0009948350193952514,2,False,standard,2.5305813405973723e-05,COMPLETE
1657,141.1592559814453,2026-01-03 13:30:05.259153,2026-01-03 13:30:31.059138,0 days 00:00:25.799985,relu,0.12199905470892658,32,0.09999026516381314,2,True,standard,3.3486935541165415e-05,COMPLETE
1658,144.36557006835938,2026-01-03 13:30:31.067140,2026-01-03 13:30:56.746131,0 days 00:00:25.678991,relu,0.10008401393474517,28,0.06937252614466491,2,True,standard,9.356514662511427e-06,COMPLETE
1659,163.02395629882812,2026-01-03 13:30:56.754131,2026-01-03 13:31:22.317986,0 days 00:00:25.563855,relu,0.10740076458861471,26,0.016236876287790303,2,True,standard,1.2681454198939972e-05,COMPLETE
1660,157.81796264648438,2026-01-03 13:31:22.325986,2026-01-03 13:31:48.274872,0 days 00:00:25.948886,silu,0.1121321247238241,30,0.08828566984352093,2,True,standard,2.3468462838304175e-05,COMPLETE
1661,207.3448486328125,2026-01-03 13:31:48.282872,2026-01-03 13:32:13.856672,0 days 00:00:25.573800,relu,0.3663740288809447,29,0.09975253047498192,2,True,none,6.362236767470996e-06,COMPLETE
1662,139.91871643066406,2026-01-03 13:32:13.863670,2026-01-03 13:32:39.468757,0 days 00:00:25.605087,relu,0.10737375921989628,32,0.07891660347074024,2,True,standard,1.0440737493557299e-05,COMPLETE
1663,143.18719482421875,2026-01-03 13:32:39.476760,2026-01-03 13:33:05.174607,0 days 00:00:25.697847,relu,0.11969346228338297,31,0.08597811863412293,2,True,standard,2.8720861716929108e-05,COMPLETE
1664,142.54232788085938,2026-01-03 13:33:05.182607,2026-01-03 13:33:30.707870,0 days 00:00:25.525263,relu,0.11251277267074368,28,0.07154993625247205,2,True,standard,3.457768261548999e-05,COMPLETE
1665,174.37185668945312,2026-01-03 13:33:30.716871,2026-01-03 13:33:56.263235,0 days 00:00:25.546364,relu,0.10678385406046795,30,0.011462566501891576,2,True,robust,2.6558717862425725e-05,COMPLETE
1666,170.9913330078125,2026-01-03 13:33:56.272238,2026-01-03 13:34:19.104727,0 days 00:00:22.832489,relu,0.12220886939074053,7,0.0568310925499977,1,True,standard,7.752520410678589e-06,COMPLETE
1667,165.8988037109375,2026-01-03 13:34:19.112727,2026-01-03 13:34:44.191540,0 days 00:00:25.078813,relu,0.10760653713847572,12,0.08760515437605944,2,True,standard,2.3496426771369753e-05,COMPLETE
1668,146.79461669921875,2026-01-03 13:34:44.199540,2026-01-03 13:35:09.776321,0 days 00:00:25.576781,relu,0.11554883903828549,32,0.06563630909843507,2,True,standard,2.941829623454799e-05,COMPLETE
1669,138.94764709472656,2026-01-03 13:35:09.785319,2026-01-03 13:35:35.443662,0 days 00:00:25.658343,relu,0.10671385227576394,31,0.0798854243057789,2,True,standard,2.3121175322686227e-05,COMPLETE
1670,164.789306640625,2026-01-03 13:35:35.451663,2026-01-03 13:36:01.910907,0 days 00:00:26.459244,mish,0.26282623604053434,29,0.0892666482829326,2,True,standard,3.120452337666901e-05,COMPLETE
1671,178.36019897460938,2026-01-03 13:36:01.917908,2026-01-03 13:36:27.475282,0 days 00:00:25.557374,relu,0.23816162493905096,30,0.0741535953899209,2,True,minmax,7.371912455206083e-06,COMPLETE
1672,193.6699981689453,2026-01-03 13:36:27.483283,2026-01-03 13:36:52.984268,0 days 00:00:25.500985,relu,0.10043775593392619,32,0.0005110139814116453,2,True,standard,2.5412995311984384e-05,COMPLETE
1673,147.7931671142578,2026-01-03 13:36:52.991776,2026-01-03 13:37:18.450635,0 days 00:00:25.458859,relu,0.10019328614400397,29,0.09965404819758822,2,True,standard,7.472852284481034e-05,COMPLETE
1674,142.70907592773438,2026-01-03 13:37:18.458635,2026-01-03 13:37:43.936536,0 days 00:00:25.477901,relu,0.11947203190996208,27,0.08210094255393587,2,True,standard,1.3199502536744884e-05,COMPLETE
1675,198.28898173014323,2026-01-03 13:37:43.945537,2026-01-03 13:38:08.872861,0 days 00:00:24.927324,relu,0.11399888462901252,32,0.0009941375889286326,2,False,standard,3.8873411214305505e-05,COMPLETE
1676,157.54226684570312,2026-01-03 13:38:08.880863,2026-01-03 13:38:36.311010,0 days 00:00:27.430147,gelu,0.12496777920186271,31,0.06541305647045098,2,True,standard,2.6940519528666957e-05,COMPLETE
1677,137.60430908203125,2026-01-03 13:38:36.319010,2026-01-03 13:39:01.977302,0 days 00:00:25.658292,relu,0.10010160531778443,30,0.09997678981126265,2,True,standard,9.41999969533833e-06,COMPLETE
1678,138.8850860595703,2026-01-03 13:39:01.986303,2026-01-03 13:39:27.624415,0 days 00:00:25.638112,relu,0.10785377022902602,28,0.09936584101585987,2,True,standard,9.453684495354241e-06,COMPLETE
1679,141.7105712890625,2026-01-03 13:39:27.632416,2026-01-03 13:39:53.303500,0 days 00:00:25.671084,relu,0.11308150614536867,28,0.08888347193457542,2,True,standard,7.922431687180744e-06,COMPLETE
1680,142.30264282226562,2026-01-03 13:39:53.313505,2026-01-03 13:40:18.895973,0 days 00:00:25.582468,relu,0.10022935222683796,27,0.0907619449461173,2,True,standard,1.0982422022326821e-05,COMPLETE
1681,142.0749053955078,2026-01-03 13:40:18.902974,2026-01-03 13:40:44.564363,0 days 00:00:25.661389,relu,0.11265202838711089,29,0.08668410735760163,2,True,standard,1.0171021820462363e-05,COMPLETE
1682,161.70840454101562,2026-01-03 13:40:44.572363,2026-01-03 13:41:10.178648,0 days 00:00:25.606285,silu,0.12359694772691086,25,0.08842918464668109,2,True,standard,8.793931556096078e-06,COMPLETE
1683,139.79129028320312,2026-01-03 13:41:10.186648,2026-01-03 13:41:35.832463,0 days 00:00:25.645815,relu,0.10019748122664698,29,0.07671489261469924,2,True,standard,9.872046445154922e-06,COMPLETE
1684,196.92962646484375,2026-01-03 13:41:35.841462,2026-01-03 13:42:01.376875,0 days 00:00:25.535413,relu,0.10747421326928967,28,0.00022671096006914533,2,True,standard,1.1878703482709537e-05,COMPLETE
1685,194.16551208496094,2026-01-03 13:42:01.384875,2026-01-03 13:42:27.017843,0 days 00:00:25.632968,relu,0.11853789961403532,30,0.0006606903287126495,2,True,standard,8.704063135056617e-06,COMPLETE
1686,171.099853515625,2026-01-03 13:42:27.025843,2026-01-03 13:42:52.564890,0 days 00:00:25.539047,relu,0.10009746682201978,26,0.09882542403872323,2,True,none,1.12824263737022e-05,COMPLETE
1687,139.62692260742188,2026-01-03 13:42:52.573892,2026-01-03 13:43:18.151875,0 days 00:00:25.577983,relu,0.11167718401412562,30,0.099935084550211,2,True,standard,6.995753884204228e-06,COMPLETE
1688,141.216064453125,2026-01-03 13:43:18.160397,2026-01-03 13:43:43.809389,0 days 00:00:25.648992,relu,0.10775958298994469,30,0.07828240866770904,2,True,standard,1.1212487357632151e-05,COMPLETE
1689,140.37612915039062,2026-01-03 13:43:43.817389,2026-01-03 13:44:09.703937,0 days 00:00:25.886548,relu,0.12583758810347592,29,0.09967108671066607,2,True,standard,7.948591621705408e-06,COMPLETE
1690,143.13623046875,2026-01-03 13:44:09.712938,2026-01-03 13:44:35.610489,0 days 00:00:25.897551,relu,0.1201821604640721,28,0.0887114110502402,2,True,standard,8.609848691679183e-06,COMPLETE
1691,144.7035369873047,2026-01-03 13:44:35.619489,2026-01-03 13:45:01.420902,0 days 00:00:25.801413,relu,0.11370568996170781,31,0.09996552460679162,2,True,robust,9.23990248091106e-06,COMPLETE
1692,143.98806762695312,2026-01-03 13:45:01.428902,2026-01-03 13:45:27.097323,0 days 00:00:25.668421,relu,0.10716370916402022,30,0.07531309498462811,2,True,standard,1.0558137851903188e-05,COMPLETE
1693,141.935791015625,2026-01-03 13:45:27.105323,2026-01-03 13:45:52.620986,0 days 00:00:25.515663,relu,0.10719949601723802,27,0.08784830650483462,2,True,standard,1.2990721498547148e-05,COMPLETE
1694,198.01910122341582,2026-01-03 13:45:52.628986,2026-01-03 13:46:18.693224,0 days 00:00:26.064238,mish,0.11712775512242962,32,0.000994288618023631,2,False,standard,7.4275545960379165e-06,COMPLETE
1695,172.17149353027344,2026-01-03 13:46:18.702227,2026-01-03 13:46:44.373289,0 days 00:00:25.671062,relu,0.10666072304717238,31,0.07848533427935726,2,True,minmax,2.4768951324836453e-06,COMPLETE
1696,145.8943634033203,2026-01-03 13:46:44.381801,2026-01-03 13:47:10.052291,0 days 00:00:25.670490,relu,0.100012623382045,29,0.06979900630207148,2,True,standard,9.192726262449095e-06,COMPLETE
1697,143.64010620117188,2026-01-03 13:47:10.061295,2026-01-03 13:47:35.623224,0 days 00:00:25.561929,relu,0.12507318112924376,26,0.08879976495607159,2,True,standard,6.495303880643495e-06,COMPLETE
1698,159.8455352783203,2026-01-03 13:47:35.632224,2026-01-03 13:48:01.225645,0 days 00:00:25.593421,relu,0.1136978880241551,31,0.02151322149676396,2,True,standard,8.41477758989116e-06,COMPLETE
1699,145.95449829101562,2026-01-03 13:48:01.234645,2026-01-03 13:48:26.858778,0 days 00:00:25.624133,relu,0.11748898102639656,29,0.07998681346771376,2,True,standard,1.1958385810086776e-05,COMPLETE
1700,142.7156219482422,2026-01-03 13:48:26.866780,2026-01-03 13:48:54.183659,0 days 00:00:27.316879,gelu,0.10782452077820195,32,0.08868784791765098,2,True,standard,6.0749628921577945e-06,COMPLETE
1701,138.67605590820312,2026-01-03 13:48:54.192661,2026-01-03 13:49:19.796973,0 days 00:00:25.604312,relu,0.11294965136799529,30,0.09976436169389737,2,True,standard,1.0681353425682503e-05,COMPLETE
1702,152.3844451904297,2026-01-03 13:49:19.806483,2026-01-03 13:49:42.954724,0 days 00:00:23.148241,relu,0.10025844797679212,28,0.06621182062483673,1,True,standard,7.695986244726454e-06,COMPLETE
1703,161.35020446777344,2026-01-03 13:49:42.963724,2026-01-03 13:50:08.718246,0 days 00:00:25.754522,relu,0.3078536531794161,30,0.09963547390429547,2,True,standard,9.126013069348538e-06,COMPLETE
1704,141.86001586914062,2026-01-03 13:50:08.726246,2026-01-03 13:50:34.209234,0 days 00:00:25.482988,relu,0.12495095135808734,32,0.07832536861919527,2,True,standard,9.603607477045591e-06,COMPLETE
1705,145.62222290039062,2026-01-03 13:50:34.216743,2026-01-03 13:50:59.894279,0 days 00:00:25.677536,relu,0.10022298378247563,31,0.05494374516947597,2,True,standard,1.2243706372397926e-05,COMPLETE
1706,141.98117065429688,2026-01-03 13:50:59.902280,2026-01-03 13:51:25.621915,0 days 00:00:25.719635,relu,0.10817015229318455,29,0.07451584262021149,2,True,standard,1.3669171388603363e-05,COMPLETE
1707,159.34713745117188,2026-01-03 13:51:25.630425,2026-01-03 13:51:51.313113,0 days 00:00:25.682688,silu,0.11857409893121737,32,0.08742569584484836,2,True,standard,6.778432837064484e-06,COMPLETE
1708,144.9044189453125,2026-01-03 13:51:51.321122,2026-01-03 13:52:16.817941,0 days 00:00:25.496819,relu,0.1078296661862644,27,0.06968918374648954,2,True,standard,1.0109891439347469e-05,COMPLETE
1709,176.5651092529297,2026-01-03 13:52:16.826945,2026-01-03 13:52:42.357339,0 days 00:00:25.530394,relu,0.2200778509830747,30,0.08828041487296784,2,True,none,2.1907313231363263e-05,COMPLETE
1710,150.4097900390625,2026-01-03 13:52:42.366342,2026-01-03 13:53:07.938249,0 days 00:00:25.571907,relu,0.1156113210467903,28,0.058023117850586725,2,True,standard,3.3545523840737645e-05,COMPLETE
1711,144.94842529296875,2026-01-03 13:53:07.945758,2026-01-03 13:53:33.591832,0 days 00:00:25.646074,relu,0.12831797806951084,32,0.08763563147451917,2,True,standard,8.372736969259434e-06,COMPLETE
1712,198.04999104817708,2026-01-03 13:53:33.599831,2026-01-03 13:53:58.674783,0 days 00:00:25.074952,relu,0.1066809264956999,30,0.000994189448704966,2,False,standard,2.1282917138616233e-05,COMPLETE
1713,143.07122802734375,2026-01-03 13:53:58.683784,2026-01-03 13:54:24.473846,0 days 00:00:25.790062,relu,0.11182607503791268,31,0.07754049410349954,2,True,standard,2.8908926582955598e-05,COMPLETE
1714,179.75839233398438,2026-01-03 13:54:24.481848,2026-01-03 13:54:49.944244,0 days 00:00:25.462396,relu,0.3531418691278053,22,0.06551300457977757,2,True,robust,2.495791454853494e-05,COMPLETE
1715,144.2933349609375,2026-01-03 13:54:49.953250,2026-01-03 13:55:15.546150,0 days 00:00:25.592900,relu,0.1198225133557845,29,0.08832477119712003,2,True,standard,5.294382846651217e-06,COMPLETE
1716,136.76287841796875,2026-01-03 13:55:15.555154,2026-01-03 13:55:40.998235,0 days 00:00:25.443081,relu,0.10028934364506548,32,0.09995808038623731,2,True,standard,4.2278754203978436e-05,COMPLETE
1717,139.8869171142578,2026-01-03 13:55:41.007240,2026-01-03 13:56:06.666159,0 days 00:00:25.658919,relu,0.10814335498994178,32,0.09980732984939016,2,True,standard,4.393024405862628e-05,COMPLETE
1718,144.8205108642578,2026-01-03 13:56:06.674668,2026-01-03 13:56:33.122626,0 days 00:00:26.447958,mish,0.11390731161819406,32,0.09978077359105017,2,True,standard,4.725636096387842e-05,COMPLETE
1719,172.87576293945312,2026-01-03 13:56:33.131624,2026-01-03 13:56:58.721811,0 days 00:00:25.590187,relu,0.12551255465014322,32,0.07656442897730409,2,True,minmax,4.314943483595494e-05,COMPLETE
1720,140.32855224609375,2026-01-03 13:56:58.729811,2026-01-03 13:57:24.297439,0 days 00:00:25.567628,relu,0.10715982437074857,32,0.07927290330613063,2,True,standard,4.18619399579229e-05,COMPLETE
1721,151.56915283203125,2026-01-03 13:57:24.306440,2026-01-03 13:57:49.937662,0 days 00:00:25.631222,relu,0.11838265240455303,32,0.032754232971631825,2,True,standard,4.149339701768265e-05,COMPLETE
1722,143.3621368408203,2026-01-03 13:57:49.946665,2026-01-03 13:58:15.573349,0 days 00:00:25.626684,relu,0.10662523741939546,31,0.061818202443995766,2,True,standard,5.429812787360272e-05,COMPLETE
1723,142.0496368408203,2026-01-03 13:58:15.582359,2026-01-03 13:58:41.373505,0 days 00:00:25.791146,relu,0.11344160525002396,31,0.09988948827408596,2,True,standard,3.788127762036482e-05,COMPLETE
1724,144.1779327392578,2026-01-03 13:58:41.381508,2026-01-03 13:59:06.993210,0 days 00:00:25.611702,relu,0.13163610383826774,32,0.06976007772056532,2,True,standard,4.244650858655848e-05,COMPLETE
1725,147.53085327148438,2026-01-03 13:59:07.001210,2026-01-03 13:59:32.798045,0 days 00:00:25.796835,relu,0.10716638090359476,31,0.049268859307476286,2,True,standard,4.00357815831848e-05,COMPLETE
1726,142.72293090820312,2026-01-03 13:59:32.806041,2026-01-03 13:59:58.525267,0 days 00:00:25.719226,relu,0.10030795917341581,31,0.08024695309689434,2,True,standard,3.477296560138914e-05,COMPLETE
1727,149.91482543945312,2026-01-03 13:59:58.534267,2026-01-03 14:00:25.837722,0 days 00:00:27.303455,gelu,0.11994438945963568,32,0.08855098946446859,2,True,standard,3.300133476778102e-05,COMPLETE
1728,143.0681915283203,2026-01-03 14:00:25.846726,2026-01-03 14:00:51.487900,0 days 00:00:25.641174,relu,0.10034306117091547,30,0.0716441275412613,2,True,standard,4.931428103174582e-05,COMPLETE
1729,141.34201049804688,2026-01-03 14:00:51.496903,2026-01-03 14:01:17.074530,0 days 00:00:25.577627,relu,0.10000946839192774,30,0.08762608714034298,2,True,standard,3.769127210329936e-05,COMPLETE
1730,143.43026733398438,2026-01-03 14:01:17.082531,2026-01-03 14:01:42.660171,0 days 00:00:25.577640,relu,0.1127496097305439,32,0.08050691042467495,2,True,standard,6.371708946960403e-05,COMPLETE
1731,198.24319803873698,2026-01-03 14:01:42.670171,2026-01-03 14:02:07.962715,0 days 00:00:25.292544,relu,0.12606988892469453,31,0.0009938530254176578,2,False,standard,3.594711939994111e-05,COMPLETE
1732,166.13021850585938,2026-01-03 14:02:07.970715,2026-01-03 14:02:33.714873,0 days 00:00:25.744158,silu,0.10013476880706539,30,0.08824602316721092,2,True,standard,3.127221746252414e-05,COMPLETE
1733,170.22509765625,2026-01-03 14:02:33.722878,2026-01-03 14:02:59.364567,0 days 00:00:25.641689,relu,0.11401534306773974,32,0.062352064301055915,2,True,none,3.646982788446664e-05,COMPLETE
1734,157.21939086914062,2026-01-03 14:02:59.373570,2026-01-03 14:03:24.378227,0 days 00:00:25.004657,relu,0.10768117811673987,15,0.07192499395730578,2,True,standard,4.5462406175140145e-05,COMPLETE
1735,146.37667846679688,2026-01-03 14:03:24.385228,2026-01-03 14:03:50.031312,0 days 00:00:25.646084,relu,0.11930950979517159,30,0.08893897688388083,2,True,standard,2.9829541980203733e-05,COMPLETE
1736,144.2996063232422,2026-01-03 14:03:50.039318,2026-01-03 14:04:15.586888,0 days 00:00:25.547570,relu,0.10715518723188132,29,0.07923502804278958,2,True,standard,2.7549088725939197e-05,COMPLETE
1737,140.95803833007812,2026-01-03 14:04:15.594889,2026-01-03 14:04:41.339565,0 days 00:00:25.744676,relu,0.11335587073693879,31,0.08723401713833392,2,True,standard,3.224041779394623e-05,COMPLETE
1738,154.90908813476562,2026-01-03 14:04:41.347571,2026-01-03 14:05:06.992743,0 days 00:00:25.645172,relu,0.20596632920452565,32,0.07173997890764827,2,True,robust,3.5782106808631246e-05,COMPLETE
1739,141.59828186035156,2026-01-03 14:05:07.000744,2026-01-03 14:05:32.727150,0 days 00:00:25.726406,relu,0.12165812897823894,30,0.09950072904733673,2,True,standard,2.3313006333746412e-05,COMPLETE
1740,166.60317993164062,2026-01-03 14:05:32.735150,2026-01-03 14:05:58.658069,0 days 00:00:25.922919,relu,0.3185790714197738,29,0.0606479392745728,2,True,standard,5.423590682592e-05,COMPLETE
1741,148.20840454101562,2026-01-03 14:05:58.666067,2026-01-03 14:06:21.904193,0 days 00:00:23.238126,relu,0.10732428444295884,32,0.08025958910470056,1,True,standard,2.7004569184215013e-05,COMPLETE
1742,175.746826171875,2026-01-03 14:06:21.912193,2026-01-03 14:06:48.636630,0 days 00:00:26.724437,mish,0.45298710272063253,31,0.09957944191501117,2,True,standard,2.1566308734610837e-05,COMPLETE
1743,145.0902099609375,2026-01-03 14:06:48.644626,2026-01-03 14:07:14.341744,0 days 00:00:25.697118,relu,0.13202245940146773,29,0.07977762692968897,2,True,standard,3.097999786201047e-05,COMPLETE
1744,183.8388214111328,2026-01-03 14:07:14.350744,2026-01-03 14:07:39.971863,0 days 00:00:25.621119,relu,0.273323458319342,31,0.06883164516982289,2,True,minmax,4.2139014247427935e-05,COMPLETE
1745,141.52664184570312,2026-01-03 14:07:39.980867,2026-01-03 14:08:05.487959,0 days 00:00:25.507092,relu,0.10717265106988083,30,0.08822803271730659,2,True,standard,2.6475479324143856e-05,COMPLETE
1746,148.24996948242188,2026-01-03 14:08:05.496470,2026-01-03 14:08:31.094171,0 days 00:00:25.597701,relu,0.11408820645169339,21,0.08878835541422637,2,True,standard,2.375636732687214e-05,COMPLETE
1747,143.96353149414062,2026-01-03 14:08:31.103680,2026-01-03 14:08:56.744356,0 days 00:00:25.640676,relu,0.12538599524449326,28,0.05285355889971866,2,True,standard,2.0384848189701783e-05,COMPLETE
1748,162.25250244140625,2026-01-03 14:08:56.754359,2026-01-03 14:09:23.860436,0 days 00:00:27.106077,gelu,0.10687635265628032,19,0.06992508505385119,2,True,standard,3.653797046430851e-05,COMPLETE
1749,156.5518035888672,2026-01-03 14:09:23.868436,2026-01-03 14:09:49.553237,0 days 00:00:25.684801,relu,0.29418505135686557,32,0.09973934257054055,2,True,standard,3.0166865438438797e-05,COMPLETE
1750,198.1497607421875,2026-01-03 14:09:49.563235,2026-01-03 14:10:14.699196,0 days 00:00:25.135961,relu,0.11564325293005714,30,0.0009942677339795692,2,False,standard,2.5240331768538205e-05,COMPLETE
1751,143.89511108398438,2026-01-03 14:10:14.708200,2026-01-03 14:10:40.522877,0 days 00:00:25.814677,relu,0.10652525580231911,31,0.07949118078873871,2,True,standard,2.1378765053514566e-05,COMPLETE
1752,141.9308624267578,2026-01-03 14:10:40.530876,2026-01-03 14:11:06.129548,0 days 00:00:25.598672,relu,0.11883859119828703,29,0.08834215893825798,2,True,standard,3.427015159531399e-05,COMPLETE
1753,142.37841796875,2026-01-03 14:11:06.137546,2026-01-03 14:11:31.673278,0 days 00:00:25.535732,relu,0.11282111080626842,32,0.06338905654727706,2,True,standard,2.7561182263013773e-05,COMPLETE
1754,143.8616180419922,2026-01-03 14:11:31.682282,2026-01-03 14:11:57.305980,0 days 00:00:25.623698,relu,0.10637536482479112,28,0.09997699589061092,2,True,standard,4.7756160090378496e-05,COMPLETE
1755,144.062744140625,2026-01-03 14:11:57.314990,2026-01-03 14:12:22.980205,0 days 00:00:25.665215,relu,0.1004807454035769,30,0.07863206422805648,2,True,standard,2.4100897713812808e-05,COMPLETE
1756,141.35198974609375,2026-01-03 14:12:22.989206,2026-01-03 14:12:48.646039,0 days 00:00:25.656833,relu,0.1277880346270202,32,0.07187403106463115,2,True,standard,3.081871860021533e-05,COMPLETE
1757,169.8846435546875,2026-01-03 14:12:48.654040,2026-01-03 14:13:14.379149,0 days 00:00:25.725109,silu,0.10021582098006895,27,0.09993533010293203,2,True,none,1.889867283301365e-05,COMPLETE
1758,141.06103515625,2026-01-03 14:13:14.388152,2026-01-03 14:13:40.136754,0 days 00:00:25.748602,relu,0.11990479931813201,30,0.08710965577977982,2,True,standard,4.1354768333534874e-05,COMPLETE
1759,142.59292602539062,2026-01-03 14:13:40.144754,2026-01-03 14:14:05.724309,0 days 00:00:25.579555,relu,0.11303374034257882,28,0.07968796635284162,2,True,standard,2.235736155628947e-05,COMPLETE
1760,140.03372192382812,2026-01-03 14:14:05.732308,2026-01-03 14:14:31.440705,0 days 00:00:25.708397,relu,0.10021180278502369,31,0.060679977304824745,2,True,standard,6.016798787334712e-05,COMPLETE
1761,141.91476440429688,2026-01-03 14:14:31.448708,2026-01-03 14:14:57.144544,0 days 00:00:25.695836,relu,0.11310179577786285,31,0.08784294742013328,2,True,standard,2.6456979314395276e-05,COMPLETE
1762,140.52365112304688,2026-01-03 14:14:57.152542,2026-01-03 14:15:22.786558,0 days 00:00:25.634016,relu,0.10693348509190868,32,0.07335760962388652,2,True,standard,3.000016740150257e-05,COMPLETE
1763,146.6234893798828,2026-01-03 14:15:22.794556,2026-01-03 14:15:48.531047,0 days 00:00:25.736491,relu,0.12347631081042221,29,0.08895247467212014,2,True,robust,3.3155232405254245e-05,COMPLETE
1764,145.69692993164062,2026-01-03 14:15:48.539050,2026-01-03 14:16:14.228875,0 days 00:00:25.689825,relu,0.134051745461654,30,0.06770069809148457,2,True,standard,1.8069905218331407e-05,COMPLETE
1765,143.542236328125,2026-01-03 14:16:14.238876,2026-01-03 14:16:39.864769,0 days 00:00:25.625893,relu,0.1069313671001727,29,0.07939554570066917,2,True,standard,2.0492568361634662e-05,COMPLETE
1766,139.50352478027344,2026-01-03 14:16:39.874272,2026-01-03 14:17:05.553837,0 days 00:00:25.679565,relu,0.10004250654874934,32,0.088672084101751,2,True,standard,2.367912513120909e-05,COMPLETE
1767,146.6802520751953,2026-01-03 14:17:05.562837,2026-01-03 14:17:31.437305,0 days 00:00:25.874468,relu,0.11765527498890502,30,0.05409615252985942,2,True,standard,3.79969067655336e-05,COMPLETE
1768,174.42166137695312,2026-01-03 14:17:31.445306,2026-01-03 14:17:57.145347,0 days 00:00:25.700041,relu,0.1661997569651229,27,0.09926631766677939,2,True,minmax,4.022898545516283e-06,COMPLETE
1769,158.96372985839844,2026-01-03 14:17:57.155351,2026-01-03 14:18:23.444394,0 days 00:00:26.289043,mish,0.1001560388937434,24,0.09995216670194015,2,True,standard,0.000509605052781617,COMPLETE
1770,198.19486463758682,2026-01-03 14:18:23.452396,2026-01-03 14:18:48.515715,0 days 00:00:25.063319,relu,0.1000423973236939,32,0.000994216875438644,2,False,standard,2.9351419159100902e-05,COMPLETE
1771,189.1182403564453,2026-01-03 14:18:48.524715,2026-01-03 14:19:13.393019,0 days 00:00:24.868304,relu,0.11343603124786072,5,0.09992092822496201,2,True,standard,2.5428646549401943e-05,COMPLETE
1772,149.7288360595703,2026-01-03 14:19:13.400527,2026-01-03 14:19:39.068465,0 days 00:00:25.667938,relu,0.12418744810931448,28,0.0729455659146147,2,True,standard,1.4522469087149242e-05,COMPLETE
1773,162.89450073242188,2026-01-03 14:19:39.077468,2026-01-03 14:20:06.727764,0 days 00:00:27.650296,gelu,0.3746874962865522,31,0.08129442157827699,2,True,standard,1.9830608701975778e-05,COMPLETE
1774,147.72276306152344,2026-01-03 14:20:06.736765,2026-01-03 14:20:32.424801,0 days 00:00:25.688036,relu,0.11150587229260525,30,0.061845765122485574,2,True,standard,2.7516992685718476e-05,COMPLETE
1775,143.7671356201172,2026-01-03 14:20:32.431801,2026-01-03 14:20:58.234762,0 days 00:00:25.802961,relu,0.10002018326456248,29,0.07950363227099631,2,True,standard,3.414784725855793e-05,COMPLETE
1776,141.1038055419922,2026-01-03 14:20:58.243762,2026-01-03 14:21:24.168965,0 days 00:00:25.925203,relu,0.10816723624456621,31,0.08774326413165513,2,True,standard,2.160456917931753e-05,COMPLETE
1777,141.90492248535156,2026-01-03 14:21:24.176965,2026-01-03 14:21:49.887383,0 days 00:00:25.710418,relu,0.11980495997143173,32,0.06855440064459493,2,True,standard,2.3485402556455353e-05,COMPLETE
1778,180.5884552001953,2026-01-03 14:21:49.896383,2026-01-03 14:22:12.997821,0 days 00:00:23.101438,relu,0.13086448627466962,30,0.0016545092628021472,1,True,standard,4.065532934947361e-05,COMPLETE
1779,143.6988067626953,2026-01-03 14:22:13.006824,2026-01-03 14:22:38.690393,0 days 00:00:25.683569,relu,0.10807736487101105,28,0.08744086485197335,2,True,standard,1.830024618713818e-05,COMPLETE
1780,166.79415893554688,2026-01-03 14:22:38.698393,2026-01-03 14:23:04.640633,0 days 00:00:25.942240,silu,0.10006539363021887,32,0.07343844053704966,2,True,standard,2.7032733186088073e-05,COMPLETE
1781,141.78427124023438,2026-01-03 14:23:04.649634,2026-01-03 14:23:30.374161,0 days 00:00:25.724527,relu,0.11781947017669273,31,0.08817824361756457,2,True,standard,3.2444647158034555e-05,COMPLETE
1782,171.60504150390625,2026-01-03 14:23:30.382161,2026-01-03 14:23:55.989561,0 days 00:00:25.607400,relu,0.11220604924876326,29,0.07956513625754572,2,True,none,2.4316829827558975e-05,COMPLETE
1783,143.12989807128906,2026-01-03 14:23:55.997563,2026-01-03 14:24:21.689038,0 days 00:00:25.691475,relu,0.11249452941450641,30,0.06518467385946965,2,True,standard,4.607706191934593e-05,COMPLETE
1784,140.49813842773438,2026-01-03 14:24:21.697038,2026-01-03 14:24:47.284488,0 days 00:00:25.587450,relu,0.12546501856711031,32,0.07979843879010518,2,True,standard,1.6439503480382633e-05,COMPLETE
1785,143.7587890625,2026-01-03 14:24:47.294491,2026-01-03 14:25:12.886012,0 days 00:00:25.591521,relu,0.10738634036061535,28,0.08806638234556453,2,True,standard,2.138725888069913e-05,COMPLETE
1786,181.27420043945312,2026-01-03 14:25:12.894011,2026-01-03 14:25:38.492410,0 days 00:00:25.598399,relu,0.43514414096250703,30,0.041526516548324746,2,True,robust,2.9965532629297894e-05,COMPLETE
1787,198.34984931098091,2026-01-03 14:25:38.500411,2026-01-03 14:26:03.393639,0 days 00:00:24.893228,relu,0.11958704019624428,26,0.0009942099496280366,2,False,standard,3.724552791381812e-05,COMPLETE
1788,141.30606079101562,2026-01-03 14:26:03.401640,2026-01-03 14:26:29.120005,0 days 00:00:25.718365,relu,0.1080406531244732,31,0.09998246776423614,2,True,standard,2.6715112246461513e-05,COMPLETE
1789,141.8824920654297,2026-01-03 14:26:29.128008,2026-01-03 14:26:54.939587,0 days 00:00:25.811579,relu,0.1065977779822308,32,0.07084706654370353,2,True,standard,1.86866636007356e-05,COMPLETE
1790,143.68490600585938,2026-01-03 14:26:54.947589,2026-01-03 14:27:20.544511,0 days 00:00:25.596922,relu,0.11771321283257961,29,0.059723249718885436,2,True,standard,2.1479258653337896e-05,COMPLETE
1791,141.3558807373047,2026-01-03 14:27:20.552516,2026-01-03 14:27:46.198429,0 days 00:00:25.645913,relu,0.11296088819484582,27,0.0998952396953852,2,True,standard,5.1716197563788914e-05,COMPLETE
1792,181.893798828125,2026-01-03 14:27:46.207431,2026-01-03 14:28:12.901554,0 days 00:00:26.694123,mish,0.13433760450516818,31,0.0881532254485191,2,True,minmax,2.531747874665603e-05,COMPLETE
1793,140.15145874023438,2026-01-03 14:28:12.911552,2026-01-03 14:28:38.962645,0 days 00:00:26.051093,relu,0.10006924528228449,29,0.07559985250793827,2,True,standard,1.430438631116613e-05,COMPLETE
1794,185.05331420898438,2026-01-03 14:28:38.970649,2026-01-03 14:29:04.776138,0 days 00:00:25.805489,relu,0.12534939708400067,32,0.0012643528910626872,2,True,standard,3.247127879620486e-05,COMPLETE
1795,141.66696166992188,2026-01-03 14:29:04.785140,2026-01-03 14:29:30.500083,0 days 00:00:25.714943,relu,0.10843193894777488,30,0.08681909725956789,2,True,standard,0.0006991901297628186,COMPLETE
1796,143.2039337158203,2026-01-03 14:29:30.507083,2026-01-03 14:29:56.387601,0 days 00:00:25.880518,relu,0.11814505982578055,31,0.07101166106342476,2,True,standard,2.8861064752359823e-05,COMPLETE
1797,143.12794494628906,2026-01-03 14:29:56.397105,2026-01-03 14:30:22.251640,0 days 00:00:25.854535,relu,0.10720318970407204,30,0.07933366819526091,2,True,standard,2.345997819977131e-05,COMPLETE
1798,141.60189819335938,2026-01-03 14:30:22.260643,2026-01-03 14:30:47.979038,0 days 00:00:25.718395,relu,0.10017811092954935,28,0.08838569623780641,2,True,standard,0.00016788790465195984,COMPLETE
1799,145.84329223632812,2026-01-03 14:30:47.987043,2026-01-03 14:31:13.561309,0 days 00:00:25.574266,relu,0.11346625616111079,32,0.050424544940785195,2,True,standard,1.936338602783986e-05,COMPLETE
1800,139.27975463867188,2026-01-03 14:31:13.569309,2026-01-03 14:31:39.270501,0 days 00:00:25.701192,relu,0.10691851713345502,29,0.09938681360340242,2,True,standard,3.811231617417437e-05,COMPLETE
1801,156.5768585205078,2026-01-03 14:31:39.278501,2026-01-03 14:32:06.736623,0 days 00:00:27.458122,gelu,0.12103611970819167,30,0.06615130433299306,2,True,standard,5.978006696326878e-05,COMPLETE
1802,141.2696990966797,2026-01-03 14:32:06.796622,2026-01-03 14:32:32.642501,0 days 00:00:25.845879,relu,0.11259878061666391,31,0.0995674321252159,2,True,standard,1.6619201884084904e-05,COMPLETE
1803,143.1196746826172,2026-01-03 14:32:32.651505,2026-01-03 14:32:58.471370,0 days 00:00:25.819865,relu,0.12758728078600207,32,0.0791529867836977,2,True,standard,2.818795243978105e-05,COMPLETE
1804,141.69036865234375,2026-01-03 14:32:58.479370,2026-01-03 14:33:24.053623,0 days 00:00:25.574253,relu,0.10003854533315083,27,0.08750239077053851,2,True,standard,2.207595416074971e-05,COMPLETE
1805,169.33444213867188,2026-01-03 14:33:24.061627,2026-01-03 14:33:49.827060,0 days 00:00:25.765433,silu,0.10675647159034204,29,0.0610932740156744,2,True,none,3.4689718294165554e-05,COMPLETE
1806,198.00597045898436,2026-01-03 14:33:49.836569,2026-01-03 14:34:14.963278,0 days 00:00:25.126709,relu,0.10006495898336355,31,0.0009949584936424945,2,False,standard,2.684413644071768e-05,COMPLETE
1807,142.39259338378906,2026-01-03 14:34:14.971279,2026-01-03 14:34:40.661845,0 days 00:00:25.690566,relu,0.11785941041414408,32,0.07392998730610124,2,True,standard,1.9574966394950476e-05,COMPLETE
1808,140.65408325195312,2026-01-03 14:34:40.670843,2026-01-03 14:35:06.446198,0 days 00:00:25.775355,relu,0.11299955318208245,30,0.08772109120338964,2,True,standard,4.391131183042035e-05,COMPLETE
1809,146.85787963867188,2026-01-03 14:35:06.455198,2026-01-03 14:35:32.230087,0 days 00:00:25.774889,relu,0.1381271367417681,29,0.07878802179145815,2,True,standard,1.2686673748201354e-05,COMPLETE
1810,185.60440063476562,2026-01-03 14:35:32.238093,2026-01-03 14:35:57.766877,0 days 00:00:25.528784,relu,0.12532442752546913,25,0.0023754800079940964,2,True,standard,3.0953938212177355e-05,COMPLETE
1811,149.4180908203125,2026-01-03 14:35:57.774881,2026-01-03 14:36:23.403244,0 days 00:00:25.628363,relu,0.1064771176648495,30,0.07020963145169917,2,True,robust,2.428895748221726e-05,COMPLETE
1812,140.52041625976562,2026-01-03 14:36:23.411245,2026-01-03 14:36:49.005930,0 days 00:00:25.594685,relu,0.10010460974351654,32,0.08899843182965625,2,True,standard,2.2408796785180925e-05,COMPLETE
1813,141.53707885742188,2026-01-03 14:36:49.014951,2026-01-03 14:37:14.715658,0 days 00:00:25.700707,relu,0.11303379722780782,31,0.08021061199860058,2,True,standard,1.688325346400367e-05,COMPLETE
1814,146.95823669433594,2026-01-03 14:37:14.723656,2026-01-03 14:37:40.292456,0 days 00:00:25.568800,relu,0.11870223756796942,28,0.0997050036569,2,True,standard,3.313975420597069e-05,COMPLETE
1815,141.78805541992188,2026-01-03 14:37:40.299457,2026-01-03 14:38:06.116786,0 days 00:00:25.817329,relu,0.10748618652423811,30,0.09957186539958403,2,True,standard,2.698480243326396e-05,COMPLETE
1816,169.3418731689453,2026-01-03 14:38:06.126785,2026-01-03 14:38:32.574848,0 days 00:00:26.448063,mish,0.10012337951711461,28,0.055650399933133955,2,True,standard,2.0721153851569072e-05,COMPLETE
1817,175.82376098632812,2026-01-03 14:38:32.582852,2026-01-03 14:38:58.319223,0 days 00:00:25.736371,relu,0.11256035124300319,32,0.06518989189321775,2,True,minmax,1.5016470052602939e-05,COMPLETE
1818,152.44879150390625,2026-01-03 14:38:58.327223,2026-01-03 14:39:21.550865,0 days 00:00:23.223642,relu,0.13035780417782794,29,0.08867786772545398,1,True,standard,2.5275597406092827e-05,COMPLETE
1819,144.78598022460938,2026-01-03 14:39:21.558866,2026-01-03 14:39:47.274528,0 days 00:00:25.715662,relu,0.12099197742999765,31,0.07425751427799239,2,True,standard,1.855579356449065e-05,COMPLETE
1820,140.46949768066406,2026-01-03 14:39:47.282529,2026-01-03 14:40:13.166459,0 days 00:00:25.883930,relu,0.10731598049572724,31,0.08816446734298224,2,True,standard,3.925463279174607e-05,COMPLETE
1821,149.00015258789062,2026-01-03 14:40:13.174461,2026-01-03 14:40:38.498225,0 days 00:00:25.323764,relu,0.10675643047073745,20,0.07798462621406772,2,True,standard,2.9746158805756335e-05,COMPLETE
1822,140.3318328857422,2026-01-03 14:40:38.506225,2026-01-03 14:41:04.177450,0 days 00:00:25.671225,relu,0.11615520454035097,29,0.08787012483900704,2,True,standard,2.4007158650560444e-05,COMPLETE
1823,141.6287078857422,2026-01-03 14:41:04.186454,2026-01-03 14:41:31.753533,0 days 00:00:27.567079,gelu,0.10711780868715208,32,0.09986856853023147,2,True,standard,3.5255491252961196e-05,COMPLETE
1824,144.66114807128906,2026-01-03 14:41:31.761534,2026-01-03 14:41:57.468826,0 days 00:00:25.707292,relu,0.12469765413057837,30,0.06620339821804742,2,True,standard,1.3729214868353541e-05,COMPLETE
1825,198.89464165581597,2026-01-03 14:41:57.477827,2026-01-03 14:42:22.080931,0 days 00:00:24.603104,relu,0.11457793679357733,14,0.0009941349494414604,2,False,standard,2.1629775261476732e-05,COMPLETE
1826,142.73458862304688,2026-01-03 14:42:22.087931,2026-01-03 14:42:47.779957,0 days 00:00:25.692026,relu,0.10677651701416394,30,0.07883533032515586,2,True,standard,5.100931987932932e-05,COMPLETE
1827,139.30776977539062,2026-01-03 14:42:47.787959,2026-01-03 14:43:13.442664,0 days 00:00:25.654705,relu,0.10002617648311045,32,0.07109775510387549,2,True,standard,2.9281221125468498e-05,COMPLETE
1828,169.92153930664062,2026-01-03 14:43:13.452659,2026-01-03 14:43:39.248538,0 days 00:00:25.795879,silu,0.10018447277415998,27,0.05791966530196964,2,True,standard,1.884568685058977e-05,COMPLETE
1829,141.8363037109375,2026-01-03 14:43:39.257539,2026-01-03 14:44:04.794292,0 days 00:00:25.536753,relu,0.11807806537223525,28,0.08840122136509518,2,True,standard,2.523205494009403e-05,COMPLETE
1830,142.96237182617188,2026-01-03 14:44:04.803292,2026-01-03 14:44:30.453634,0 days 00:00:25.650342,relu,0.13120836692114796,30,0.07989646107263866,2,True,standard,6.720511489579534e-05,COMPLETE
1831,174.93649291992188,2026-01-03 14:44:30.461634,2026-01-03 14:44:56.005390,0 days 00:00:25.543756,relu,0.11276212968944613,26,0.006824332519065484,2,True,none,3.168546511195826e-05,COMPLETE
1832,139.53762817382812,2026-01-03 14:44:56.013390,2026-01-03 14:45:21.994373,0 days 00:00:25.980983,relu,0.10756672116307649,31,0.09978530179931702,2,True,standard,2.1806335173210747e-05,COMPLETE
1833,144.40731811523438,2026-01-03 14:45:22.003375,2026-01-03 14:45:47.600693,0 days 00:00:25.597318,relu,0.11352999166594537,29,0.07009705815859324,2,True,standard,4.0673079079800876e-05,COMPLETE
1834,148.2125701904297,2026-01-03 14:45:47.608693,2026-01-03 14:46:13.110437,0 days 00:00:25.501744,relu,0.12090349526430584,32,0.099961044140343,2,True,robust,1.6451219253372316e-05,COMPLETE
1835,145.4376220703125,2026-01-03 14:46:13.119437,2026-01-03 14:46:38.840820,0 days 00:00:25.721383,relu,0.1252107757759036,31,0.08797396510042786,2,True,standard,2.5782976054120362e-05,COMPLETE
1836,214.9205322265625,2026-01-03 14:46:38.850335,2026-01-03 14:47:03.761929,0 days 00:00:24.911594,relu,0.3938283143171078,8,0.07987749646758195,2,True,standard,1.1632921254690179e-05,COMPLETE
1837,140.52096557617188,2026-01-03 14:47:03.769929,2026-01-03 14:47:29.389612,0 days 00:00:25.619683,relu,0.10775593708028518,28,0.09963490451087811,2,True,standard,1.2434950922821132e-06,COMPLETE
1838,143.4953155517578,2026-01-03 14:47:29.398616,2026-01-03 14:47:55.049690,0 days 00:00:25.651074,relu,0.13697907777914767,32,0.06380677491081044,2,True,standard,1.7940652197500016e-06,COMPLETE
1839,170.9898681640625,2026-01-03 14:47:55.056690,2026-01-03 14:48:20.118777,0 days 00:00:25.062087,relu,0.10771483109736914,9,0.08016294711170042,2,True,standard,3.5524051336305575e-05,COMPLETE
1840,187.29563903808594,2026-01-03 14:48:20.126777,2026-01-03 14:48:46.612493,0 days 00:00:26.485716,mish,0.11362618018561083,30,0.0020134894831874235,2,True,standard,2.8459145330844913e-05,COMPLETE
1841,141.78517150878906,2026-01-03 14:48:46.620489,2026-01-03 14:49:12.233518,0 days 00:00:25.613029,relu,0.10035851758358473,29,0.08763843982068092,2,True,standard,2.255954760329288e-05,COMPLETE
1842,145.2918701171875,2026-01-03 14:49:12.241518,2026-01-03 14:49:37.941571,0 days 00:00:25.700053,relu,0.12122788931175657,31,0.07317343714208596,2,True,standard,2.042562714211034e-05,COMPLETE
1843,171.1685028076172,2026-01-03 14:49:37.948572,2026-01-03 14:50:03.680730,0 days 00:00:25.732158,relu,0.10835925604246471,32,0.08865604420119086,2,True,minmax,3.069037618384314e-05,COMPLETE
1844,198.16321214463977,2026-01-03 14:50:03.688730,2026-01-03 14:50:28.848888,0 days 00:00:25.160158,relu,0.11505722579196531,29,0.0009935122489964103,2,False,standard,4.5781950416577654e-05,COMPLETE
1845,151.3079833984375,2026-01-03 14:50:28.857888,2026-01-03 14:50:56.187350,0 days 00:00:27.329462,gelu,0.10675233542456708,27,0.06466360084916772,2,True,standard,1.9116893961648764e-05,COMPLETE
1846,144.04017639160156,2026-01-03 14:50:56.195349,2026-01-03 14:51:21.909643,0 days 00:00:25.714294,relu,0.1288128459276971,30,0.07908676832725886,2,True,standard,2.462700233155897e-05,COMPLETE
1847,140.15060424804688,2026-01-03 14:51:21.917643,2026-01-03 14:51:47.569001,0 days 00:00:25.651358,relu,0.1197046397890119,30,0.08901054523173621,2,True,standard,1.4896016238101258e-05,COMPLETE
1848,141.58343505859375,2026-01-03 14:51:47.577007,2026-01-03 14:52:13.250739,0 days 00:00:25.673732,relu,0.10016431480905336,32,0.0717694896975588,2,True,standard,2.7787870672104106e-05,COMPLETE
1849,146.36155700683594,2026-01-03 14:52:13.259740,2026-01-03 14:52:38.817419,0 days 00:00:25.557679,relu,0.11296294737921259,28,0.046556302082942716,2,True,standard,3.379552545414976e-05,COMPLETE
1850,179.57972717285156,2026-01-03 14:52:38.826422,2026-01-03 14:53:04.715081,0 days 00:00:25.888659,relu,0.10031792974839795,31,0.0034086861962366244,2,True,standard,1.2858982567467015e-05,COMPLETE
1851,143.74130249023438,2026-01-03 14:53:04.723081,2026-01-03 14:53:30.453384,0 days 00:00:25.730303,relu,0.1002549008365011,30,0.05959797101356484,2,True,standard,1.7420768369345224e-05,COMPLETE
1852,160.55953979492188,2026-01-03 14:53:30.461384,2026-01-03 14:53:56.324098,0 days 00:00:25.862714,silu,0.17481775957994294,32,0.08849777803868959,2,True,standard,2.328858742571326e-05,COMPLETE
1853,142.78689575195312,2026-01-03 14:53:56.332097,2026-01-03 14:54:21.954760,0 days 00:00:25.622663,relu,0.11310945582762849,29,0.09933618188468253,2,True,standard,1.030973366398639e-05,COMPLETE
1854,148.36178588867188,2026-01-03 14:54:21.963761,2026-01-03 14:54:45.154375,0 days 00:00:23.190614,relu,0.12309047169636128,31,0.09994491383767395,1,True,standard,0.0001511394239111766,COMPLETE
1855,172.05874633789062,2026-01-03 14:54:45.163376,2026-01-03 14:55:10.825560,0 days 00:00:25.662184,relu,0.10705888354742206,32,0.0796750553934799,2,True,none,2.7491356405138507e-05,COMPLETE
1856,141.18386840820312,2026-01-03 14:55:10.833560,2026-01-03 14:55:36.634966,0 days 00:00:25.801406,relu,0.10006440313269271,27,0.07089441848893233,2,True,standard,1.9368776898872835e-05,COMPLETE
1857,155.15029907226562,2026-01-03 14:55:36.643968,2026-01-03 14:56:02.431284,0 days 00:00:25.787316,relu,0.18847738527030206,30,0.05378900796739615,2,True,standard,3.889320494196408e-05,COMPLETE
1858,155.45872497558594,2026-01-03 14:56:02.439287,2026-01-03 14:56:28.250887,0 days 00:00:25.811600,relu,0.11266537427019588,28,0.0791014141811575,2,True,robust,2.3450637679779814e-05,COMPLETE
1859,143.2652130126953,2026-01-03 14:56:28.259887,2026-01-03 14:56:53.987553,0 days 00:00:25.727666,relu,0.13186347687886976,31,0.08940376083508973,2,True,standard,3.035433307417231e-05,COMPLETE
1860,152.08169555664062,2026-01-03 14:56:53.996557,2026-01-03 14:57:19.067767,0 days 00:00:25.071210,relu,0.11967200586218493,16,0.09953968957933715,2,True,standard,7.226921199482087e-06,COMPLETE
1861,144.3329620361328,2026-01-03 14:57:19.076768,2026-01-03 14:57:44.725004,0 days 00:00:25.648236,relu,0.10745153481531189,29,0.07012490272442874,2,True,standard,3.451561562176464e-05,COMPLETE
1862,140.6165313720703,2026-01-03 14:57:44.734006,2026-01-03 14:58:10.504644,0 days 00:00:25.770638,relu,0.1077226722502877,31,0.07883165300868558,2,True,standard,2.0880402384304587e-05,COMPLETE
1863,198.1006858317057,2026-01-03 14:58:10.513647,2026-01-03 14:58:35.614835,0 days 00:00:25.101188,relu,0.11908950439304142,32,0.000993827529716332,2,False,standard,2.5499509612099835e-05,COMPLETE
1864,171.70997619628906,2026-01-03 14:58:35.623838,2026-01-03 14:59:01.359155,0 days 00:00:25.735317,relu,0.10731758456622652,30,0.09985723643387583,2,True,minmax,5.4936959784975574e-05,COMPLETE
1865,140.64329528808594,2026-01-03 14:59:01.367155,2026-01-03 14:59:27.081818,0 days 00:00:25.714663,relu,0.11350727269148653,30,0.08784846132165484,2,True,standard,1.571387686595662e-05,COMPLETE
1866,160.76173400878906,2026-01-03 14:59:27.089818,2026-01-03 14:59:53.520139,0 days 00:00:26.430321,mish,0.14321814476877803,29,0.06287762641473581,2,True,standard,1.1953191568494531e-05,COMPLETE
1867,165.8347625732422,2026-01-03 14:59:53.528139,2026-01-03 15:00:19.249186,0 days 00:00:25.721047,relu,0.3423350815770167,32,0.07896483889107714,2,True,standard,2.721382225951988e-05,COMPLETE
1868,141.83338928222656,2026-01-03 15:00:19.258190,2026-01-03 15:00:44.920949,0 days 00:00:25.662759,relu,0.10020164517583051,28,0.08748030509877167,2,True,standard,3.182763473228068e-05,COMPLETE
1869,152.35409545898438,2026-01-03 15:00:44.928949,2026-01-03 15:01:12.316396,0 days 00:00:27.387447,gelu,0.10004400555401037,26,0.07139273518282974,2,True,standard,2.235501458635283e-05,COMPLETE
1870,185.49240112304688,2026-01-03 15:01:12.325394,2026-01-03 15:01:38.089197,0 days 00:00:25.763803,relu,0.12622794761869716,31,0.0014171455334414565,2,True,standard,1.7671873701586642e-05,COMPLETE
1871,142.31076049804688,2026-01-03 15:01:38.097197,2026-01-03 15:02:03.827875,0 days 00:00:25.730678,relu,0.11480222543857573,32,0.09999771144082104,2,True,standard,2.491385578226552e-05,COMPLETE
1872,193.4546356201172,2026-01-03 15:02:03.836872,2026-01-03 15:02:29.417445,0 days 00:00:25.580573,relu,0.10713561581444865,30,0.0007869274457655645,2,True,standard,4.390007473175955e-05,COMPLETE
1873,139.26744079589844,2026-01-03 15:02:29.426442,2026-01-03 15:02:55.060636,0 days 00:00:25.634194,relu,0.11690813810503675,29,0.0998249153680375,2,True,standard,2.000796394292419e-05,COMPLETE
1874,140.09347534179688,2026-01-03 15:02:55.069635,2026-01-03 15:03:20.827466,0 days 00:00:25.757831,relu,0.1072405214928972,31,0.0819991859113868,2,True,standard,1.020568055873221e-05,COMPLETE
1875,167.31942749023438,2026-01-03 15:03:20.834466,2026-01-03 15:03:46.605543,0 days 00:00:25.771077,silu,0.1252130196851209,27,0.06537145065463573,2,True,standard,0.0001708037495871139,COMPLETE
1876,137.90750122070312,2026-01-03 15:03:46.613544,2026-01-03 15:04:12.428764,0 days 00:00:25.815220,relu,0.1072765114651231,32,0.08678598091319195,2,True,standard,3.634049100296246e-05,COMPLETE
1877,142.7961883544922,2026-01-03 15:04:12.436762,2026-01-03 15:04:38.149774,0 days 00:00:25.713012,relu,0.13275145769469826,32,0.06651462030124354,2,True,standard,4.8626217512604734e-05,COMPLETE
1878,145.88662719726562,2026-01-03 15:04:38.157774,2026-01-03 15:05:03.888445,0 days 00:00:25.730671,relu,0.12410671620244354,32,0.053496499817341864,2,True,standard,3.7759129877542886e-05,COMPLETE
1879,172.49658203125,2026-01-03 15:05:03.896449,2026-01-03 15:05:29.707588,0 days 00:00:25.811139,relu,0.14022322823770064,32,0.05806169226552059,2,True,none,4.0126648316383585e-05,COMPLETE
1880,139.80758666992188,2026-01-03 15:05:29.715095,2026-01-03 15:05:55.521192,0 days 00:00:25.806097,relu,0.12028964849947196,32,0.072456825679511,2,True,standard,4.439831851200339e-05,COMPLETE
1881,141.43975830078125,2026-01-03 15:05:55.529193,2026-01-03 15:06:21.273244,0 days 00:00:25.744051,relu,0.13160885784472298,32,0.06051121568304756,2,True,standard,4.63284961237825e-05,COMPLETE
1882,198.2724569363064,2026-01-03 15:06:21.281244,2026-01-03 15:06:46.472210,0 days 00:00:25.190966,relu,0.1188033219836241,32,0.0009942554048289463,2,False,standard,4.0972758386047185e-05,COMPLETE
1883,148.05825805664062,2026-01-03 15:06:46.480206,2026-01-03 15:07:12.184781,0 days 00:00:25.704575,relu,0.11393130999946866,31,0.07348672162337716,2,True,robust,3.56018451157722e-05,COMPLETE
1884,144.66786193847656,2026-01-03 15:07:12.193780,2026-01-03 15:07:37.976443,0 days 00:00:25.782663,relu,0.1267006268684279,31,0.07689293956161425,2,True,standard,3.8454384767491964e-05,COMPLETE
1885,166.79083251953125,2026-01-03 15:07:37.984443,2026-01-03 15:08:03.672155,0 days 00:00:25.687712,relu,0.11382933123853306,32,0.009486615261762399,2,True,standard,5.608921387138853e-05,COMPLETE
1886,142.94300842285156,2026-01-03 15:08:03.680154,2026-01-03 15:08:29.451600,0 days 00:00:25.771446,relu,0.11939485052085332,31,0.06612158222268341,2,True,standard,4.170402088494429e-05,COMPLETE
1887,140.82949829101562,2026-01-03 15:08:29.460600,2026-01-03 15:08:55.391318,0 days 00:00:25.930718,relu,0.11251709643853183,30,0.08047727660517737,2,True,standard,3.537625723661254e-05,COMPLETE
1888,140.12338256835938,2026-01-03 15:08:55.399828,2026-01-03 15:09:20.983531,0 days 00:00:25.583703,relu,0.10007753183201118,32,0.08227412444970196,2,True,standard,5.198082321019763e-06,COMPLETE
1889,158.4189453125,2026-01-03 15:09:20.991554,2026-01-03 15:09:47.790678,0 days 00:00:26.799124,mish,0.1083014726385071,31,0.06843212957729282,2,True,standard,3.4794026976381306e-05,COMPLETE
1890,175.77337646484375,2026-01-03 15:09:47.799681,2026-01-03 15:10:13.675860,0 days 00:00:25.876179,relu,0.12442323341053241,30,0.08736384034123061,2,True,minmax,4.8669696517702073e-05,COMPLETE
1891,143.46572875976562,2026-01-03 15:10:13.685370,2026-01-03 15:10:39.468389,0 days 00:00:25.783019,relu,0.11282943082632006,32,0.07340125084262161,2,True,standard,3.3118456128865456e-05,COMPLETE
1892,140.03897094726562,2026-01-03 15:10:39.479396,2026-01-03 15:11:05.234462,0 days 00:00:25.755066,relu,0.10806294627399053,31,0.0873122501573977,2,True,standard,3.799614468192041e-05,COMPLETE
1893,145.50900268554688,2026-01-03 15:11:05.243466,2026-01-03 15:11:30.810093,0 days 00:00:25.566627,relu,0.11892835715899734,30,0.058399221489392854,2,True,standard,4.1213671777139294e-05,COMPLETE
1894,138.93182373046875,2026-01-03 15:11:30.820097,2026-01-03 15:11:56.399956,0 days 00:00:25.579859,relu,0.10014111842532512,32,0.07985731746335029,2,True,standard,3.3351109881191744e-05,COMPLETE
1895,142.743896484375,2026-01-03 15:11:56.407956,2026-01-03 15:12:22.253847,0 days 00:00:25.845891,relu,0.13687937099196448,30,0.08768451270610136,2,True,standard,5.097992717148881e-05,COMPLETE
1896,168.68069458007812,2026-01-03 15:12:22.262847,2026-01-03 15:12:46.358655,0 days 00:00:24.095808,gelu,0.10774973511605071,31,0.04812230978914645,1,True,standard,3.103318717605574e-05,COMPLETE
1897,186.1114501953125,2026-01-03 15:12:46.366655,2026-01-03 15:13:11.970312,0 days 00:00:25.603657,relu,0.47354914489239375,32,0.01759081491855266,2,True,standard,4.4080388296253906e-05,COMPLETE
1898,144.9664306640625,2026-01-03 15:13:11.979313,2026-01-03 15:13:37.715332,0 days 00:00:25.736019,relu,0.1266229300399087,30,0.06582008464682837,2,True,standard,2.96329114209836e-05,COMPLETE
1899,146.47622680664062,2026-01-03 15:13:37.724335,2026-01-03 15:14:03.487826,0 days 00:00:25.763491,relu,0.11232532017981685,30,0.07290894468241835,2,True,standard,3.6528300723931766e-05,COMPLETE
1900,173.6758270263672,2026-01-03 15:14:03.495831,2026-01-03 15:14:29.110619,0 days 00:00:25.614788,silu,0.32799524410345626,32,0.08674379624331695,2,True,standard,3.0668588499425195e-05,COMPLETE
1901,198.10991556803384,2026-01-03 15:14:29.118618,2026-01-03 15:14:54.260697,0 days 00:00:25.142079,relu,0.11783176922454193,31,0.000994154810154737,2,False,standard,6.0704011331216896e-05,COMPLETE
1902,143.82073974609375,2026-01-03 15:14:54.269699,2026-01-03 15:15:19.969840,0 days 00:00:25.700141,relu,0.10811022843461292,29,0.07822027288591432,2,True,standard,2.902513411115694e-05,COMPLETE
1903,171.7818145751953,2026-01-03 15:15:19.977841,2026-01-03 15:15:45.589900,0 days 00:00:25.612059,relu,0.10743469963929775,32,0.08946197521713854,2,True,none,3.656349209468638e-05,COMPLETE
1904,175.47769165039062,2026-01-03 15:15:45.597900,2026-01-03 15:16:11.332883,0 days 00:00:25.734983,relu,0.4107691129641359,31,0.06052742769696405,2,True,standard,4.17760282167388e-05,COMPLETE
1905,160.19857788085938,2026-01-03 15:16:11.340390,2026-01-03 15:16:36.968446,0 days 00:00:25.628056,relu,0.2562200245346206,30,0.07212506755201288,2,True,standard,4.091297619586456e-06,COMPLETE
1906,140.6478729248047,2026-01-03 15:16:36.976445,2026-01-03 15:17:02.609691,0 days 00:00:25.633246,relu,0.12134411606056948,30,0.0880841106542752,2,True,standard,3.187783117907502e-05,COMPLETE
1907,150.2997283935547,2026-01-03 15:17:02.617691,2026-01-03 15:17:28.240203,0 days 00:00:25.622512,relu,0.13194918208801287,32,0.07714722329000291,2,True,robust,2.7917520017600497e-05,COMPLETE
1908,140.58602905273438,2026-01-03 15:17:28.248714,2026-01-03 15:17:53.904879,0 days 00:00:25.656165,relu,0.10016972250797238,31,0.0862718978732589,2,True,standard,4.993463274897147e-05,COMPLETE
1909,166.32073974609375,2026-01-03 15:17:53.913882,2026-01-03 15:18:19.493523,0 days 00:00:25.579641,relu,0.11381878171815854,29,0.013997830191317165,2,True,standard,2.8844795658952092e-05,COMPLETE
1910,140.4141082763672,2026-01-03 15:18:19.503524,2026-01-03 15:18:45.084954,0 days 00:00:25.581430,relu,0.10008515254874685,32,0.06542357554718015,2,True,standard,3.35910440841749e-05,COMPLETE
1911,141.8602752685547,2026-01-03 15:18:45.092954,2026-01-03 15:19:10.706342,0 days 00:00:25.613388,relu,0.11386275978185782,30,0.07958798484219223,2,True,standard,2.6509952881366138e-05,COMPLETE
1912,156.4141845703125,2026-01-03 15:19:10.714344,2026-01-03 15:19:36.341277,0 days 00:00:25.626933,relu,0.3018246732712317,29,0.08930842675813686,2,True,standard,3.7853143649125355e-05,COMPLETE
1913,187.9963836669922,2026-01-03 15:19:36.351286,2026-01-03 15:20:03.030108,0 days 00:00:26.678822,mish,0.10718723365631884,31,0.056537798712641495,2,True,minmax,2.5101975678234825e-05,COMPLETE
1914,198.64462280273438,2026-01-03 15:20:03.038112,2026-01-03 15:20:28.235635,0 days 00:00:25.197523,relu,0.12280129281888334,13,0.0004210117992354394,2,True,standard,6.887822891335159e-05,COMPLETE
1915,141.1615753173828,2026-01-03 15:20:28.243634,2026-01-03 15:20:53.732179,0 days 00:00:25.488545,relu,0.10729787277119467,30,0.09994605479886169,2,True,standard,4.821594099561556e-06,COMPLETE
1916,150.89256286621094,2026-01-03 15:20:53.741179,2026-01-03 15:21:19.335617,0 days 00:00:25.594438,relu,0.2317705800875405,32,0.0998634866742554,2,True,standard,4.391343423619175e-05,COMPLETE
1917,142.09193420410156,2026-01-03 15:21:19.343617,2026-01-03 15:21:44.937468,0 days 00:00:25.593851,relu,0.10010863568211552,32,0.07257006906164325,2,True,standard,3.122246952626175e-05,COMPLETE
1918,143.21717834472656,2026-01-03 15:21:44.948471,2026-01-03 15:22:12.496724,0 days 00:00:27.548253,gelu,0.11820940953015013,30,0.09985741569550836,2,True,standard,2.371371544501592e-05,COMPLETE
1919,147.25790405273438,2026-01-03 15:22:12.505728,2026-01-03 15:22:38.200787,0 days 00:00:25.695059,relu,0.1135425873440293,29,0.0803781136855189,2,True,standard,3.4150366640288863e-06,COMPLETE
1920,198.23507195366756,2026-01-03 15:22:38.211787,2026-01-03 15:23:03.297326,0 days 00:00:25.085539,relu,0.1298056441346245,31,0.00099506641797164,2,False,standard,2.76836907899597e-05,COMPLETE
1921,140.55384826660156,2026-01-03 15:23:03.306329,2026-01-03 15:23:28.965812,0 days 00:00:25.659483,relu,0.10735330717667399,29,0.06541772937582134,2,True,standard,3.702825409675116e-05,COMPLETE
1922,142.30943298339844,2026-01-03 15:23:28.975812,2026-01-03 15:23:54.675497,0 days 00:00:25.699685,relu,0.11890405939567839,31,0.08611987810006459,2,True,standard,2.2957980565976466e-05,COMPLETE
1923,139.95556640625,2026-01-03 15:23:54.683498,2026-01-03 15:24:20.275970,0 days 00:00:25.592472,relu,0.10835567485303886,32,0.07293241075172359,2,True,standard,3.374033864788641e-05,COMPLETE
1924,166.83226013183594,2026-01-03 15:24:20.283971,2026-01-03 15:24:46.222004,0 days 00:00:25.938033,silu,0.10680468371729111,30,0.052036214153178745,2,True,standard,2.5584342556259723e-05,COMPLETE
1925,144.4325714111328,2026-01-03 15:24:46.232005,2026-01-03 15:25:11.887613,0 days 00:00:25.655608,relu,0.12548858169056445,28,0.08889975535607582,2,True,standard,5.913243093032664e-06,COMPLETE
1926,143.41685485839844,2026-01-03 15:25:11.896623,2026-01-03 15:25:37.542311,0 days 00:00:25.645688,relu,0.1175975331312749,32,0.08033543234386854,2,True,standard,2.9421941454542703e-05,COMPLETE
1927,174.74905395507812,2026-01-03 15:25:37.551310,2026-01-03 15:26:02.788889,0 days 00:00:25.237579,relu,0.11343437738065314,18,0.08806385009495249,2,True,none,2.1657781108771264e-05,COMPLETE
1928,141.7433624267578,2026-01-03 15:26:02.798891,2026-01-03 15:26:28.474981,0 days 00:00:25.676090,relu,0.1066014384896931,29,0.06962745388864312,2,True,standard,4.325068457855919e-05,COMPLETE
1929,141.91677856445312,2026-01-03 15:26:28.483981,2026-01-03 15:26:54.244076,0 days 00:00:25.760095,relu,0.1128309766743959,31,0.08786812820186653,2,True,standard,3.2919140708052605e-05,COMPLETE
1930,140.42831420898438,2026-01-03 15:26:54.252076,2026-01-03 15:27:20.018883,0 days 00:00:25.766807,relu,0.12435412643488279,31,0.09960421926640779,2,True,standard,2.7006276784927143e-05,COMPLETE
1931,214.73880004882812,2026-01-03 15:27:20.028389,2026-01-03 15:27:45.571088,0 days 00:00:25.542699,relu,0.1384228866501998,29,0.00016965013532951607,2,True,robust,2.0707133719051308e-05,COMPLETE
1932,142.40744018554688,2026-01-03 15:27:45.579093,2026-01-03 15:28:11.575823,0 days 00:00:25.996730,relu,0.11323262384485239,30,0.06245652328341192,2,True,standard,2.5198864427047854e-05,COMPLETE
1933,152.653076171875,2026-01-03 15:28:11.586821,2026-01-03 15:28:34.943468,0 days 00:00:23.356647,relu,0.10708521654612937,32,0.03559208296913523,1,True,standard,0.00013213202458122107,COMPLETE
1934,142.47772216796875,2026-01-03 15:28:34.950468,2026-01-03 15:29:00.677518,0 days 00:00:25.727050,relu,0.10028449546757931,28,0.09986645663403794,2,True,standard,5.6435167037367564e-05,COMPLETE
1935,139.7836151123047,2026-01-03 15:29:00.686518,2026-01-03 15:29:26.405916,0 days 00:00:25.719398,relu,0.10021412515676854,30,0.07890034965372253,2,True,standard,3.759579834923894e-05,COMPLETE
1936,141.83340454101562,2026-01-03 15:29:26.413916,2026-01-03 15:29:52.069990,0 days 00:00:25.656074,relu,0.10006953305183347,32,0.07473100111636959,2,True,standard,3.18704642696958e-05,COMPLETE
1937,180.85946655273438,2026-01-03 15:29:52.077990,2026-01-03 15:30:18.820847,0 days 00:00:26.742857,mish,0.12023122894708346,31,0.0884827632979026,2,True,minmax,2.2743888564960294e-05,COMPLETE
1938,369.83487318250866,2026-01-03 15:30:18.828847,2026-01-03 15:30:43.880285,0 days 00:00:25.051438,relu,0.1076058408031011,28,1.245624090994398e-05,2,False,standard,2.8339278968921285e-05,COMPLETE
1939,143.8286895751953,2026-01-03 15:30:43.888285,2026-01-03 15:31:09.983432,0 days 00:00:26.095147,relu,0.12926286235003315,30,0.0707678846987383,2,True,standard,1.9414823237731244e-05,COMPLETE
1940,140.98223876953125,2026-01-03 15:31:09.992429,2026-01-03 15:31:35.816697,0 days 00:00:25.824268,relu,0.1151517369453842,32,0.07976435751090473,2,True,standard,4.893391052514539e-05,COMPLETE
1941,143.41673278808594,2026-01-03 15:31:35.824701,2026-01-03 15:32:01.434183,0 days 00:00:25.609482,relu,0.10663629461840776,29,0.05812615499514334,2,True,standard,2.606767152595839e-05,COMPLETE
1942,145.26840209960938,2026-01-03 15:32:01.442187,2026-01-03 15:32:28.896016,0 days 00:00:27.453829,gelu,0.14764701543489775,30,0.08806318278279555,2,True,standard,0.00014847323377104605,COMPLETE
1943,141.98414611816406,2026-01-03 15:32:28.904016,2026-01-03 15:32:54.570532,0 days 00:00:25.666516,relu,0.11902737270754589,32,0.06688933239422991,2,True,standard,2.3606353125211852e-05,COMPLETE
1944,160.38482666015625,2026-01-03 15:32:54.579533,2026-01-03 15:33:19.686569,0 days 00:00:25.107036,relu,0.1070399831338021,12,0.08887364698221242,2,True,standard,3.275770107332371e-05,COMPLETE
1945,142.0251007080078,2026-01-03 15:33:19.694569,2026-01-03 15:33:45.338678,0 days 00:00:25.644109,relu,0.12504038145599045,31,0.09967731946557823,2,True,standard,2.0313816227402277e-05,COMPLETE
1946,142.78384399414062,2026-01-03 15:33:45.348678,2026-01-03 15:34:10.995784,0 days 00:00:25.647106,relu,0.10018731433167484,30,0.07875568249943475,2,True,standard,4.063806577880263e-05,COMPLETE
1947,146.99606323242188,2026-01-03 15:34:11.002789,2026-01-03 15:34:36.678833,0 days 00:00:25.676044,relu,0.1131807678714822,32,0.07468921480117506,2,True,standard,2.205474947986236e-05,COMPLETE
1948,141.31753540039062,2026-01-03 15:34:36.686344,2026-01-03 15:35:02.240817,0 days 00:00:25.554473,relu,0.11381952933835097,28,0.08860537810306228,2,True,standard,2.959265042564816e-05,COMPLETE
1949,141.74017333984375,2026-01-03 15:35:02.249819,2026-01-03 15:35:27.831327,0 days 00:00:25.581508,relu,0.10001580980151059,29,0.06705926969605568,2,True,standard,1.8562325500708567e-05,COMPLETE
1950,144.12762451171875,2026-01-03 15:35:27.840327,2026-01-03 15:35:53.543791,0 days 00:00:25.703464,relu,0.13607071220163358,31,0.08894811973204607,2,True,standard,2.568204022419271e-05,COMPLETE
1951,159.5947265625,2026-01-03 15:35:53.552787,2026-01-03 15:36:19.652820,0 days 00:00:26.100033,silu,0.12068940013615674,31,0.09970549485219901,2,True,standard,3.0605872406817925e-05,COMPLETE
1952,193.95889282226562,2026-01-03 15:36:19.660820,2026-01-03 15:36:44.553291,0 days 00:00:24.892471,relu,0.11228769353482454,6,0.07747953773915052,2,True,none,3.5872554389765626e-05,COMPLETE
1953,142.98977661132812,2026-01-03 15:36:44.561294,2026-01-03 15:37:10.085322,0 days 00:00:25.524028,relu,0.10777760142163294,29,0.06338841492288354,2,True,standard,2.2411797395997145e-05,COMPLETE
1954,143.95623779296875,2026-01-03 15:37:10.093327,2026-01-03 15:37:35.538749,0 days 00:00:25.445422,relu,0.12969460150386175,32,0.08019402268923707,2,True,standard,2.823437397696697e-05,COMPLETE
1955,154.2664031982422,2026-01-03 15:37:35.547750,2026-01-03 15:38:01.071827,0 days 00:00:25.524077,relu,0.10705944072163949,30,0.049874578640254935,2,True,robust,2.473052757335508e-05,COMPLETE
1956,140.4593505859375,2026-01-03 15:38:01.080829,2026-01-03 15:38:26.624678,0 days 00:00:25.543849,relu,0.11936312351771972,28,0.08824063837437715,2,True,standard,3.702273502766308e-05,COMPLETE
1957,198.21869717068142,2026-01-03 15:38:26.633681,2026-01-03 15:38:51.606492,0 days 00:00:24.972811,relu,0.10015025395573524,32,0.0009947249933966668,2,False,standard,1.7785596906889947e-05,COMPLETE
1958,144.83157348632812,2026-01-03 15:38:51.613492,2026-01-03 15:39:17.242032,0 days 00:00:25.628540,relu,0.11220881716057349,30,0.0708922484168397,2,True,standard,4.391145721851822e-05,COMPLETE
1959,142.89340209960938,2026-01-03 15:39:17.250032,2026-01-03 15:39:42.920106,0 days 00:00:25.670074,relu,0.1072718204671636,30,0.09996432957258217,2,True,standard,3.233792260424495e-05,COMPLETE
1960,139.82113647460938,2026-01-03 15:39:42.928614,2026-01-03 15:40:08.519508,0 days 00:00:25.590894,relu,0.1198687265565061,32,0.08121415975045033,2,True,standard,6.466437130739354e-05,COMPLETE
1961,187.2197723388672,2026-01-03 15:40:08.527512,2026-01-03 15:40:34.987170,0 days 00:00:26.459658,mish,0.10007267519164333,29,0.059629431432563246,2,True,minmax,2.15940849448297e-05,COMPLETE
1962,141.5394744873047,2026-01-03 15:40:34.996170,2026-01-03 15:41:00.613502,0 days 00:00:25.617332,relu,0.11363811036289614,31,0.0886747783486807,2,True,standard,0.0001731802643663187,COMPLETE
1963,146.37156677246094,2026-01-03 15:41:00.622506,2026-01-03 15:41:26.155622,0 days 00:00:25.533116,relu,0.10686618365839586,28,0.07539406189038748,2,True,standard,2.740247212058693e-05,COMPLETE
1964,145.5579071044922,2026-01-03 15:41:26.163622,2026-01-03 15:41:51.787227,0 days 00:00:25.623605,relu,0.12672810248407554,30,0.08742943628130886,2,True,standard,6.110651177421893e-06,COMPLETE
1965,144.00587463378906,2026-01-03 15:41:51.795227,2026-01-03 15:42:17.490732,0 days 00:00:25.695505,relu,0.11418212422716038,31,0.07055961499913518,2,True,standard,7.679028102934764e-05,COMPLETE
1966,144.6134490966797,2026-01-03 15:42:17.499732,2026-01-03 15:42:44.752464,0 days 00:00:27.252732,gelu,0.1002112207975831,32,0.07991867301975934,2,True,standard,1.9037705021195054e-05,COMPLETE
1967,145.8476104736328,2026-01-03 15:42:44.760465,2026-01-03 15:43:10.283501,0 days 00:00:25.523036,relu,0.10756686270932396,28,0.08819630272284248,2,True,standard,0.00013460714443873993,COMPLETE
1968,202.9949493408203,2026-01-03 15:43:10.291499,2026-01-03 15:43:35.809917,0 days 00:00:25.518418,relu,0.10001778228905495,29,0.00012485115158870948,2,True,standard,2.4861830228743255e-05,COMPLETE
1969,142.51626586914062,2026-01-03 15:43:35.818920,2026-01-03 15:44:01.364856,0 days 00:00:25.545936,relu,0.1197113193651479,32,0.06853172398920884,2,True,standard,5.343837240138019e-05,COMPLETE
1970,141.26904296875,2026-01-03 15:44:01.372856,2026-01-03 15:44:27.016838,0 days 00:00:25.643982,relu,0.11302614444228012,30,0.099562246464798,2,True,standard,3.040379353079598e-05,COMPLETE
1971,151.8094482421875,2026-01-03 15:44:27.023838,2026-01-03 15:44:50.224858,0 days 00:00:23.201020,relu,0.12495231889960652,31,0.056363063734988776,1,True,standard,3.684801143086401e-05,COMPLETE
1972,166.89236450195312,2026-01-03 15:44:50.233860,2026-01-03 15:45:15.939413,0 days 00:00:25.705553,silu,0.10838431603955397,27,0.07940046865655138,2,True,standard,2.1039845022139077e-05,COMPLETE
1973,150.9473876953125,2026-01-03 15:45:15.948416,2026-01-03 15:45:41.450372,0 days 00:00:25.501956,relu,0.1306144908905712,25,0.08720368475859928,2,True,standard,1.6873571135658704e-05,COMPLETE
1974,140.66969299316406,2026-01-03 15:45:41.459373,2026-01-03 15:46:07.005241,0 days 00:00:25.545868,relu,0.10770813163225518,31,0.09984674031852411,2,True,standard,2.442419165375423e-05,COMPLETE
1975,172.29869079589844,2026-01-03 15:46:07.013241,2026-01-03 15:46:32.699867,0 days 00:00:25.686626,relu,0.11864435111103998,29,0.09992056982209715,2,True,none,4.150443436995978e-05,COMPLETE
1976,142.54696655273438,2026-01-03 15:46:32.707867,2026-01-03 15:46:58.348409,0 days 00:00:25.640542,relu,0.11362443468299008,32,0.06600283040179898,2,True,standard,2.8121674748959537e-05,COMPLETE
1977,139.9422149658203,2026-01-03 15:46:58.357409,2026-01-03 15:47:24.047985,0 days 00:00:25.690576,relu,0.10747389471106106,30,0.07768275953891993,2,True,standard,3.14445609301519e-05,COMPLETE
1978,198.0226582845052,2026-01-03 15:47:24.055985,2026-01-03 15:47:49.211374,0 days 00:00:25.155389,relu,0.10689799158157451,31,0.0009936369336816621,2,False,standard,2.287931441345599e-05,COMPLETE
1979,142.31326293945312,2026-01-03 15:47:49.220378,2026-01-03 15:48:15.119840,0 days 00:00:25.899462,relu,0.1362226572830746,30,0.08838047539625542,2,True,standard,4.753027621514232e-05,COMPLETE
1980,145.2276153564453,2026-01-03 15:48:15.126840,2026-01-03 15:48:40.764475,0 days 00:00:25.637635,relu,0.12008806474496557,27,0.07496281576608366,2,True,standard,1.968122194974024e-05,COMPLETE
1981,148.8350067138672,2026-01-03 15:48:40.773475,2026-01-03 15:49:06.269846,0 days 00:00:25.496371,relu,0.11397969115655306,32,0.06173461046969152,2,True,robust,2.830316758526672e-05,COMPLETE
1982,141.3299560546875,2026-01-03 15:49:06.278849,2026-01-03 15:49:31.951960,0 days 00:00:25.673111,relu,0.10611556863682016,29,0.08924542940120746,2,True,standard,2.5337640410052708e-05,COMPLETE
1983,143.35743713378906,2026-01-03 15:49:31.959960,2026-01-03 15:49:57.712952,0 days 00:00:25.752992,relu,0.12500154063528673,30,0.07894627385305812,2,True,standard,3.160802314517807e-05,COMPLETE
1984,151.11984252929688,2026-01-03 15:49:57.720955,2026-01-03 15:50:24.340127,0 days 00:00:26.619172,mish,0.10033984515342373,32,0.08876935062821041,2,True,standard,2.1838859497796418e-05,COMPLETE
1985,143.65020751953125,2026-01-03 15:50:24.348128,2026-01-03 15:50:50.094676,0 days 00:00:25.746548,relu,0.11386456200996306,28,0.07020224315986527,2,True,standard,3.5929016448609166e-05,COMPLETE
1986,181.4705047607422,2026-01-03 15:50:50.103190,2026-01-03 15:51:18.849152,0 days 00:00:28.745962,relu,0.10689137411903714,31,0.04205811743652605,2,True,minmax,1.706304156814631e-05,COMPLETE
1987,141.54129028320312,2026-01-03 15:51:18.856153,2026-01-03 15:51:44.555751,0 days 00:00:25.699598,relu,0.11962558903967596,29,0.09952029509139827,2,True,standard,2.631885461666483e-05,COMPLETE
1988,143.32943725585938,2026-01-03 15:51:44.565751,2026-01-03 15:52:10.460958,0 days 00:00:25.895207,relu,0.10710980011110746,31,0.08096641448965376,2,True,standard,3.4107105836107325e-05,COMPLETE
1989,142.1324920654297,2026-01-03 15:52:10.468957,2026-01-03 15:52:36.138618,0 days 00:00:25.669661,relu,0.10008127262352402,32,0.072160721772257,2,True,standard,1.9227744759959664e-05,COMPLETE
1990,178.4432830810547,2026-01-03 15:52:36.145618,2026-01-03 15:53:01.805178,0 days 00:00:25.659560,relu,0.12812884854796108,30,0.004678920363628526,2,True,standard,7.028100894744518e-06,COMPLETE
1991,145.69277954101562,2026-01-03 15:53:01.815178,2026-01-03 15:53:27.124672,0 days 00:00:25.309494,relu,0.11355228081632923,21,0.09967209237922281,2,True,standard,2.3685792697165955e-05,COMPLETE
1992,167.04466247558594,2026-01-03 15:53:27.133674,2026-01-03 15:53:53.894099,0 days 00:00:26.760425,gelu,0.10001309321719665,11,0.05762142358001201,2,True,standard,3.979460388474236e-05,COMPLETE
1993,144.21487426757812,2026-01-03 15:53:53.903100,2026-01-03 15:54:19.534472,0 days 00:00:25.631372,relu,0.11996978442182182,29,0.08832663215076425,2,True,standard,2.819250902417902e-05,COMPLETE
1994,139.76693725585938,2026-01-03 15:54:19.543475,2026-01-03 15:54:45.146392,0 days 00:00:25.602917,relu,0.10755252614434158,32,0.07980365998243373,2,True,standard,2.073324449942644e-05,COMPLETE
1995,198.0309051513672,2026-01-03 15:54:45.155903,2026-01-03 15:55:10.335772,0 days 00:00:25.179869,relu,0.10015961432227831,30,0.0009948995700341146,2,False,standard,0.00014832272978594833,COMPLETE
1996,197.8342742919922,2026-01-03 15:55:10.345778,2026-01-03 15:55:36.153700,0 days 00:00:25.807922,silu,0.14218230846527813,28,0.00034088660844718867,2,True,standard,0.0009919995494658983,COMPLETE
1997,141.0260467529297,2026-01-03 15:55:36.162207,2026-01-03 15:56:01.904189,0 days 00:00:25.741982,relu,0.11306787571028047,31,0.09969591898975527,2,True,standard,3.4407889283513396e-05,COMPLETE
1998,140.345947265625,2026-01-03 15:56:01.912189,2026-01-03 15:56:27.525096,0 days 00:00:25.612907,relu,0.12322478415008814,32,0.06533851005712046,2,True,standard,0.0001251949742873389,COMPLETE
1999,171.15316772460938,2026-01-03 15:56:27.533095,2026-01-03 15:56:53.067160,0 days 00:00:25.534065,relu,0.10013115036630513,27,0.07932515032501307,2,True,none,1.6497700044110003e-05,COMPLETE
