number,value,datetime_start,datetime_complete,duration,params_activation,params_dropout,params_hidden_size,params_lr,params_scale_target,params_scaler,params_scaler_post_pca,params_weight_decay,state
0,371.5840592447916,2026-01-02 16:49:08.338720,2026-01-02 16:49:17.619075,0 days 00:00:09.280355,gelu,0.3697360720354653,6,5.023058441790649e-05,False,,minmax,3.9079267041533746e-06,COMPLETE
1,364.80379191080726,2026-01-02 16:49:17.629080,2026-01-02 16:49:24.904015,0 days 00:00:07.274935,mish,0.43389370634731217,4,0.00012068563598371108,False,,none,6.7796367108236165e-06,COMPLETE
2,200.62022399902344,2026-01-02 16:49:24.915015,2026-01-02 16:49:33.925271,0 days 00:00:09.010256,gelu,0.48382164662506455,64,0.00039374517640674585,True,,none,0.00022133102511358456,COMPLETE
3,340.82896226671005,2026-01-02 16:49:33.936793,2026-01-02 16:49:42.759710,0 days 00:00:08.822917,relu,0.1584671177597492,46,0.00014180233566538083,False,,none,1.6578323308797475e-06,COMPLETE
4,200.4600372314453,2026-01-02 16:49:42.768223,2026-01-02 16:49:50.994316,0 days 00:00:08.226093,silu,0.1878352719062491,22,0.0065983274289766036,True,,minmax,1.2343781962411445e-05,COMPLETE
5,371.968088921441,2026-01-02 16:49:51.002824,2026-01-02 16:49:58.707675,0 days 00:00:07.704851,silu,0.44200512317775487,9,6.171216903455718e-05,False,,minmax,0.00040282216747904983,COMPLETE
6,319.9034402126736,2026-01-02 16:49:58.717192,2026-01-02 16:50:06.315046,0 days 00:00:07.597854,relu,0.2707563171434917,12,0.0002765008841022193,False,,none,0.0002423026524970828,COMPLETE
7,220.4684295654297,2026-01-02 16:50:06.324557,2026-01-02 16:50:14.165795,0 days 00:00:07.841238,silu,0.25378890148628447,6,0.0012381249647209036,True,,none,1.5730756346669236e-06,COMPLETE
8,186.785888671875,2026-01-02 16:50:14.174308,2026-01-02 16:50:22.567138,0 days 00:00:08.392830,relu,0.3882042727611523,53,0.0157878824358996,True,,minmax,1.455738845544354e-06,COMPLETE
9,224.9434814453125,2026-01-02 16:50:22.575651,2026-01-02 16:50:30.664687,0 days 00:00:08.089036,mish,0.4748189231194462,17,0.0034097432614697432,True,,minmax,0.0007500681774520004,COMPLETE
10,185.2971954345703,2026-01-02 16:50:30.672195,2026-01-02 16:50:38.790044,0 days 00:00:08.117849,relu,0.3519102805057441,32,0.042029035860323825,True,,minmax,3.559703296243511e-05,COMPLETE
11,185.56378173828125,2026-01-02 16:50:38.798560,2026-01-02 16:50:46.872341,0 days 00:00:08.073781,relu,0.35571735614264455,30,0.05387515993887737,True,,minmax,5.422933524566049e-05,COMPLETE
12,184.7034454345703,2026-01-02 16:50:46.880856,2026-01-02 16:50:54.919545,0 days 00:00:08.038689,relu,0.3438266269213853,30,0.09291656394917447,True,,minmax,5.391047894879359e-05,COMPLETE
13,181.2157745361328,2026-01-02 16:50:54.928063,2026-01-02 16:51:03.039792,0 days 00:00:08.111729,relu,0.3143477248988766,36,0.09168261297642945,True,,minmax,5.1386200297628566e-05,COMPLETE
14,182.71054077148438,2026-01-02 16:51:03.047306,2026-01-02 16:51:11.144029,0 days 00:00:08.096723,relu,0.29785817470529513,34,0.09449694622324618,True,,minmax,8.961163681502314e-05,COMPLETE
15,185.16323852539062,2026-01-02 16:51:11.151542,2026-01-02 16:51:19.567275,0 days 00:00:08.415733,relu,0.2265834214585022,40,0.017613023432737667,True,,minmax,9.755396716174536e-05,COMPLETE
16,201.11500549316406,2026-01-02 16:51:19.574789,2026-01-02 16:51:27.464048,0 days 00:00:07.889259,relu,0.29602138279541196,18,0.021151131019920024,True,,minmax,1.5632697232721945e-05,COMPLETE
17,179.85646057128906,2026-01-02 16:51:27.473079,2026-01-02 16:51:36.054153,0 days 00:00:08.581074,gelu,0.1244549953773692,21,0.08551750533964471,True,,minmax,0.00013391249491292526,COMPLETE
18,198.4876251220703,2026-01-02 16:51:36.062668,2026-01-02 16:51:44.650242,0 days 00:00:08.587574,gelu,0.144153655442862,23,0.007169959069456227,True,,minmax,0.0001450940074083553,COMPLETE
19,189.42576599121094,2026-01-02 16:51:44.659250,2026-01-02 16:51:53.160295,0 days 00:00:08.501045,gelu,0.21868306645568714,13,0.03263871781397411,True,,minmax,2.0329266856926372e-05,COMPLETE
20,285.31842041015625,2026-01-02 16:51:53.167811,2026-01-02 16:52:01.911113,0 days 00:00:08.743302,gelu,0.12566631797043876,24,0.0014188629375199234,True,,minmax,0.00047401558560286724,COMPLETE
21,181.56394958496094,2026-01-02 16:52:01.918114,2026-01-02 16:52:10.403168,0 days 00:00:08.485054,mish,0.2937665601423648,42,0.057990255970032226,True,,minmax,9.994696330196147e-05,COMPLETE
22,183.3787841796875,2026-01-02 16:52:10.410674,2026-01-02 16:52:19.091264,0 days 00:00:08.680590,mish,0.3228571643500301,41,0.05623391093522043,True,,minmax,3.720603256772589e-05,COMPLETE
23,179.58297729492188,2026-01-02 16:52:19.099772,2026-01-02 16:52:27.835105,0 days 00:00:08.735333,mish,0.1852199444243027,59,0.09010544475094272,True,,minmax,0.00010075052735158259,COMPLETE
24,184.34646606445312,2026-01-02 16:52:27.842614,2026-01-02 16:52:36.585024,0 days 00:00:08.742410,mish,0.10522067017900671,60,0.026135964763061834,True,,minmax,0.00019620678542760141,COMPLETE
25,194.78067016601562,2026-01-02 16:52:36.592538,2026-01-02 16:52:45.337312,0 days 00:00:08.744774,mish,0.18027293785959406,53,0.010500629734265623,True,,minmax,6.48239041031503e-05,COMPLETE
26,369.97139526367187,2026-01-02 16:52:45.346827,2026-01-02 16:52:53.738027,0 days 00:00:08.391200,gelu,0.21420885598117376,26,1.442859579509928e-05,False,,none,2.4290263598288802e-05,COMPLETE
27,180.1571502685547,2026-01-02 16:52:53.746543,2026-01-02 16:53:02.299727,0 days 00:00:08.553184,mish,0.10107335366026912,37,0.07935630107115403,True,,minmax,0.00037398170434405737,COMPLETE
28,187.7776641845703,2026-01-02 16:53:02.308741,2026-01-02 16:53:10.371946,0 days 00:00:08.063205,mish,0.10422884416909507,19,0.034059872264308455,True,,minmax,0.000802207536320695,COMPLETE
29,315.063984375,2026-01-02 16:53:10.380454,2026-01-02 16:53:18.240499,0 days 00:00:07.860045,mish,0.1450446426764594,9,0.0007820627240099758,False,,minmax,0.0003274393925845208,COMPLETE
30,199.30960083007812,2026-01-02 16:53:18.248505,2026-01-02 16:53:27.028368,0 days 00:00:08.779863,gelu,0.17678744708761573,49,0.0038173093342676236,True,,minmax,0.0001470128447174334,COMPLETE
31,179.8108367919922,2026-01-02 16:53:27.036883,2026-01-02 16:53:35.441321,0 days 00:00:08.404438,mish,0.13189787648222928,35,0.0930765755432128,True,,minmax,0.00014568947191631091,COMPLETE
32,180.03652954101562,2026-01-02 16:53:35.449316,2026-01-02 16:53:44.010820,0 days 00:00:08.561504,mish,0.12400404101690045,37,0.0663679031688224,True,,minmax,0.0006074476678470333,COMPLETE
33,180.2880859375,2026-01-02 16:53:44.020338,2026-01-02 16:53:52.865455,0 days 00:00:08.845117,mish,0.13243949984843895,64,0.0513076764510525,True,,minmax,0.00014435451662731506,COMPLETE
34,199.34498291015626,2026-01-02 16:53:52.872971,2026-01-02 16:54:01.025958,0 days 00:00:08.152987,mish,0.16490948273165557,27,0.0008678877259822047,False,,none,0.0006131533215746357,COMPLETE
35,194.44241333007812,2026-01-02 16:54:01.033478,2026-01-02 16:54:08.707907,0 days 00:00:07.674429,mish,0.19632853658693297,4,0.06513173320055743,True,,minmax,6.625208330064274e-06,COMPLETE
36,170.92184448242188,2026-01-02 16:54:08.716926,2026-01-02 16:54:17.552251,0 days 00:00:08.835325,gelu,0.1195920134723173,47,0.03307869662881943,True,,none,0.00027348026872677205,COMPLETE
37,197.77821824815538,2026-01-02 16:54:17.560766,2026-01-02 16:54:26.108480,0 days 00:00:08.547714,gelu,0.15721907293331613,48,0.0008642012938901611,False,,none,0.00022225862737097735,COMPLETE
38,181.67105102539062,2026-01-02 16:54:26.116996,2026-01-02 16:54:34.649638,0 days 00:00:08.532642,gelu,0.20186877219262178,15,0.03648305707991837,True,,none,0.0002844419539889353,COMPLETE
39,181.67637634277344,2026-01-02 16:54:34.658147,2026-01-02 16:54:42.963773,0 days 00:00:08.305626,silu,0.23572703986741217,56,0.01000885202532574,True,,none,0.00017320778502047805,COMPLETE
40,369.7838155110677,2026-01-02 16:54:42.972789,2026-01-02 16:54:51.320162,0 days 00:00:08.347373,gelu,0.16212883990081683,21,2.5362111890147747e-05,False,,none,0.00010298726596451527,COMPLETE
41,165.7746124267578,2026-01-02 16:54:51.328673,2026-01-02 16:54:59.952209,0 days 00:00:08.623536,mish,0.1363687066429379,47,0.07209810335077721,True,,none,0.0005506765213057212,COMPLETE
42,175.7270965576172,2026-01-02 16:54:59.961718,2026-01-02 16:55:08.605648,0 days 00:00:08.643930,gelu,0.1219061561297052,43,0.025103897736617215,True,,none,0.00046055723070254344,COMPLETE
43,180.11672973632812,2026-01-02 16:55:08.612670,2026-01-02 16:55:16.864806,0 days 00:00:08.252136,silu,0.12165319022496611,45,0.013896986602371068,True,,none,0.0004846174995096833,COMPLETE
44,174.11923217773438,2026-01-02 16:55:16.872318,2026-01-02 16:55:25.633702,0 days 00:00:08.761384,mish,0.14576927477288232,53,0.02688268813700453,True,,none,0.0009266768427460225,COMPLETE
45,174.83230590820312,2026-01-02 16:55:25.641727,2026-01-02 16:55:34.522832,0 days 00:00:08.881105,gelu,0.1521403901059657,53,0.02249931981733364,True,,none,0.0009222888274411232,COMPLETE
46,180.65489196777344,2026-01-02 16:55:34.531346,2026-01-02 16:55:43.267745,0 days 00:00:08.736399,gelu,0.40263183686295234,45,0.0246903456624532,True,,none,0.0009417002302845219,COMPLETE
47,178.44088745117188,2026-01-02 16:55:43.276264,2026-01-02 16:55:52.138048,0 days 00:00:08.861784,gelu,0.14898274826392666,51,0.013638546098248707,True,,none,0.0006185906095534657,COMPLETE
48,180.31129455566406,2026-01-02 16:55:52.146055,2026-01-02 16:56:00.809759,0 days 00:00:08.663704,gelu,0.2466176729715277,29,0.019908012755599554,True,,none,0.0009241750486293337,COMPLETE
49,181.21926879882812,2026-01-02 16:56:00.816757,2026-01-02 16:56:09.647959,0 days 00:00:08.831202,gelu,0.17033944759946484,57,0.004720142125341721,True,,none,0.0004498916370504088,COMPLETE
50,185.28407287597656,2026-01-02 16:56:09.655971,2026-01-02 16:56:17.947578,0 days 00:00:08.291607,silu,0.11240466293780862,41,0.0021780777413928473,True,,none,0.0002792107711437761,COMPLETE
51,178.70510864257812,2026-01-02 16:56:17.955090,2026-01-02 16:56:26.926529,0 days 00:00:08.971439,gelu,0.14909297236061275,51,0.010733537269500222,True,,none,0.000602711700525835,COMPLETE
52,173.87232971191406,2026-01-02 16:56:26.936562,2026-01-02 16:56:35.712439,0 days 00:00:08.775877,gelu,0.1430543278394556,64,0.027782747675219238,True,,none,0.0006676897231317533,COMPLETE
53,168.68380737304688,2026-01-02 16:56:35.720954,2026-01-02 16:56:44.553392,0 days 00:00:08.832438,gelu,0.13781974597105023,56,0.044024448384109204,True,,none,0.0009866664376580792,COMPLETE
54,168.11898803710938,2026-01-02 16:56:44.560902,2026-01-02 16:56:53.386312,0 days 00:00:08.825410,gelu,0.20152306229441008,64,0.04130419455538716,True,,none,0.0007780950716581659,COMPLETE
55,169.26690673828125,2026-01-02 16:56:53.393830,2026-01-02 16:57:02.379460,0 days 00:00:08.985630,gelu,0.1975857575317183,63,0.04779824825070446,True,,none,0.0007335028192596978,COMPLETE
56,167.19384765625,2026-01-02 16:57:02.388484,2026-01-02 16:57:11.117749,0 days 00:00:08.729265,gelu,0.27205562884098616,64,0.047310424027984674,True,,none,2.436803020083026e-06,COMPLETE
57,169.91949462890625,2026-01-02 16:57:11.125759,2026-01-02 16:57:20.134055,0 days 00:00:09.008296,gelu,0.2732355995837208,64,0.04252538502738239,True,,none,2.5754561498983663e-06,COMPLETE
58,170.79122924804688,2026-01-02 16:57:20.142569,2026-01-02 16:57:29.045742,0 days 00:00:08.903173,gelu,0.2728603845798955,59,0.044471416347686324,True,,none,1.0543495749854155e-06,COMPLETE
59,334.75476738823784,2026-01-02 16:57:29.054262,2026-01-02 16:57:37.672193,0 days 00:00:08.617931,gelu,0.26333262942261676,61,0.0001458743585735139,False,,none,3.429809558739157e-06,COMPLETE
60,167.7267608642578,2026-01-02 16:57:37.679711,2026-01-02 16:57:46.498909,0 days 00:00:08.819198,gelu,0.2741710731935026,64,0.04826128426680536,True,,none,4.208926491701099e-06,COMPLETE
61,173.4896240234375,2026-01-02 16:57:46.508418,2026-01-02 16:57:55.838750,0 days 00:00:09.330332,gelu,0.3240448587068001,64,0.04334471153004619,True,,none,3.133950874405066e-06,COMPLETE
62,166.06198120117188,2026-01-02 16:57:55.846750,2026-01-02 16:58:04.364696,0 days 00:00:08.517946,gelu,0.2735191540115037,55,0.07104716257481096,True,,none,2.4435343678687846e-06,COMPLETE
63,163.5525665283203,2026-01-02 16:58:04.372205,2026-01-02 16:58:12.811912,0 days 00:00:08.439707,gelu,0.24258773905021652,57,0.07241167085820874,True,,none,5.302410273977211e-06,COMPLETE
64,164.02508544921875,2026-01-02 16:58:12.821911,2026-01-02 16:58:21.415766,0 days 00:00:08.593855,gelu,0.28599662313600577,56,0.07239102068862913,True,,none,5.5868909137289525e-06,COMPLETE
65,183.29513549804688,2026-01-02 16:58:21.423764,2026-01-02 16:58:29.447547,0 days 00:00:08.023783,gelu,0.25581080921898075,10,0.06682377525883403,True,,none,5.864216726129005e-06,COMPLETE
66,171.90872192382812,2026-01-02 16:58:29.455547,2026-01-02 16:58:37.730774,0 days 00:00:08.275227,gelu,0.2836325796783912,38,0.06348550237927086,True,,none,1.0473263901445951e-05,COMPLETE
67,167.05445861816406,2026-01-02 16:58:37.739775,2026-01-02 16:58:45.503909,0 days 00:00:07.764134,relu,0.305063757722402,48,0.07238605900642908,True,,none,2.26615570164613e-06,COMPLETE
68,166.35940551757812,2026-01-02 16:58:45.511908,2026-01-02 16:58:53.282568,0 days 00:00:07.770660,relu,0.3076238616775102,48,0.07710194123187958,True,,none,2.218558252915193e-06,COMPLETE
69,172.47802734375,2026-01-02 16:58:53.291568,2026-01-02 16:59:01.042164,0 days 00:00:07.750596,relu,0.31414641525244275,33,0.07903110253861767,True,,none,2.1530915404110532e-06,COMPLETE
70,167.85910034179688,2026-01-02 16:59:01.051164,2026-01-02 16:59:08.783773,0 days 00:00:07.732609,relu,0.3487038593136594,47,0.07856645090657616,True,,none,1.8358554385782143e-06,COMPLETE
71,164.57962036132812,2026-01-02 16:59:08.791773,2026-01-02 16:59:16.625889,0 days 00:00:07.834116,relu,0.3334892926962625,54,0.09732432212060008,True,,none,5.219057465473111e-06,COMPLETE
72,170.07003784179688,2026-01-02 16:59:16.632888,2026-01-02 16:59:24.549044,0 days 00:00:07.916156,relu,0.3730670898863439,41,0.09512045221541111,True,,none,4.922259189690372e-06,COMPLETE
73,166.07073974609375,2026-01-02 16:59:24.557044,2026-01-02 16:59:32.433205,0 days 00:00:07.876161,relu,0.3117347015051468,55,0.07380516503344793,True,,none,1.1995117437682932e-06,COMPLETE
74,169.06927490234375,2026-01-02 16:59:32.441207,2026-01-02 16:59:40.356804,0 days 00:00:07.915597,relu,0.33447621825747725,49,0.06955726137592787,True,,none,1.0160577457913976e-05,COMPLETE
75,166.5458984375,2026-01-02 16:59:40.365805,2026-01-02 16:59:48.223904,0 days 00:00:07.858099,relu,0.3084958098759562,55,0.054760700490118955,True,,none,1.3267882598874034e-06,COMPLETE
76,198.71515279134115,2026-01-02 16:59:48.231905,2026-01-02 16:59:55.899507,0 days 00:00:07.667602,relu,0.33417655172571886,54,0.0009632114855495813,False,,none,8.523448512195809e-06,COMPLETE
77,168.616455078125,2026-01-02 16:59:55.908506,2026-01-02 17:00:03.659113,0 days 00:00:07.750607,relu,0.35987841465321413,43,0.09983636530895584,True,,none,1.272719150504721e-06,COMPLETE
78,171.00778198242188,2026-01-02 17:00:03.667113,2026-01-02 17:00:11.329709,0 days 00:00:07.662596,relu,0.2854522481436044,38,0.056493509784749124,True,,none,1.4438859848178855e-06,COMPLETE
79,168.72991943359375,2026-01-02 17:00:11.336709,2026-01-02 17:00:19.162301,0 days 00:00:07.825592,relu,0.3062106375668046,57,0.05758548043319197,True,,none,1.8074150484774458e-06,COMPLETE
80,164.57920837402344,2026-01-02 17:00:19.169301,2026-01-02 17:00:26.967426,0 days 00:00:07.798125,relu,0.2430705599944729,45,0.0792409843466839,True,,none,1.0640765090561322e-06,COMPLETE
81,162.10903930664062,2026-01-02 17:00:26.975424,2026-01-02 17:00:34.772069,0 days 00:00:07.796645,relu,0.23879549446549825,52,0.08300134296914932,True,,none,3.073987329867274e-06,COMPLETE
82,162.52362060546875,2026-01-02 17:00:34.781078,2026-01-02 17:00:42.677664,0 days 00:00:07.896586,relu,0.2215613950344923,44,0.08113563219553985,True,,none,1.0093388486555945e-06,COMPLETE
83,165.13038635253906,2026-01-02 17:00:42.686666,2026-01-02 17:00:50.367793,0 days 00:00:07.681127,relu,0.23604911380259674,44,0.08276877308756761,True,,none,1.0507982482703244e-06,COMPLETE
84,176.22276306152344,2026-01-02 17:00:50.375793,2026-01-02 17:00:57.931346,0 days 00:00:07.555553,relu,0.24034160991263967,32,0.034597848947325496,True,,none,3.0951638371675647e-06,COMPLETE
85,162.67193603515625,2026-01-02 17:00:57.939347,2026-01-02 17:01:05.771423,0 days 00:00:07.832076,relu,0.22732169684323678,44,0.08689789959843969,True,,none,1.5920890140054392e-05,COMPLETE
86,162.78060913085938,2026-01-02 17:01:05.779423,2026-01-02 17:01:13.493566,0 days 00:00:07.714143,relu,0.22270053313835425,44,0.09656633306615284,True,,none,1.6995816212943322e-05,COMPLETE
87,198.2779610188802,2026-01-02 17:01:13.502075,2026-01-02 17:01:21.262207,0 days 00:00:07.760132,relu,0.21700456642643828,45,0.0009604261604837612,False,,none,1.5023833996442317e-05,COMPLETE
88,201.5629119873047,2026-01-02 17:01:21.270210,2026-01-02 17:01:28.670228,0 days 00:00:07.400018,relu,0.22956549646468388,6,0.08632739299718718,True,,none,2.7397498329848078e-05,COMPLETE
89,161.69053649902344,2026-01-02 17:01:28.678227,2026-01-02 17:01:36.777043,0 days 00:00:08.098816,relu,0.22394983703659038,39,0.0995518389951745,True,,none,1.8250644605922384e-05,COMPLETE
90,163.18502807617188,2026-01-02 17:01:36.785039,2026-01-02 17:01:44.593155,0 days 00:00:07.808116,relu,0.21050408499435283,38,0.09945486437454283,True,,none,7.850203559319599e-06,COMPLETE
91,163.77947998046875,2026-01-02 17:01:44.601155,2026-01-02 17:01:52.339857,0 days 00:00:07.738702,relu,0.20988838631455872,35,0.09620439848818066,True,,none,1.6666765366692362e-05,COMPLETE
92,165.54312133789062,2026-01-02 17:01:52.349857,2026-01-02 17:02:00.084939,0 days 00:00:07.735082,relu,0.22601223542368817,35,0.06106868557162314,True,,none,1.6682257191312708e-05,COMPLETE
93,162.9537353515625,2026-01-02 17:02:00.092944,2026-01-02 17:02:07.896086,0 days 00:00:07.803142,relu,0.20599810774251412,40,0.08641013781994847,True,,none,7.477757784614413e-06,COMPLETE
94,166.86843872070312,2026-01-02 17:02:07.904088,2026-01-02 17:02:15.583634,0 days 00:00:07.679546,relu,0.20988300645201202,29,0.09929653798860297,True,,none,7.506105111438293e-06,COMPLETE
95,166.52658081054688,2026-01-02 17:02:15.590635,2026-01-02 17:02:23.275818,0 days 00:00:07.685183,relu,0.18623253107842502,31,0.0544078170148761,True,,none,1.9788018681992162e-05,COMPLETE
96,166.76632690429688,2026-01-02 17:02:23.282815,2026-01-02 17:02:31.073288,0 days 00:00:07.790473,relu,0.253427827439437,38,0.06312797615963674,True,,none,1.3757787622592356e-05,COMPLETE
97,171.42965698242188,2026-01-02 17:02:31.080288,2026-01-02 17:02:38.814903,0 days 00:00:07.734615,relu,0.20894415554778978,40,0.03818698314941838,True,,none,3.4126042348103504e-05,COMPLETE
98,169.74197387695312,2026-01-02 17:02:38.823903,2026-01-02 17:02:46.521550,0 days 00:00:07.697647,silu,0.2217935547132187,26,0.09929305493437364,True,,none,1.1124802828062458e-05,COMPLETE
99,164.4666290283203,2026-01-02 17:02:46.528549,2026-01-02 17:02:54.323178,0 days 00:00:07.794629,relu,0.19095734447699914,35,0.08277652737807835,True,,none,8.441574311764975e-06,COMPLETE
100,170.8038330078125,2026-01-02 17:02:54.331178,2026-01-02 17:03:02.242795,0 days 00:00:07.911617,relu,0.20865074744910458,51,0.030735162684699145,True,,none,1.7840040785434842e-05,COMPLETE
101,161.886962890625,2026-01-02 17:03:02.251794,2026-01-02 17:03:10.132911,0 days 00:00:07.881117,relu,0.19393343217317532,39,0.08638664104289816,True,,none,8.391474721562407e-06,COMPLETE
102,195.3600616455078,2026-01-02 17:03:10.140911,2026-01-02 17:03:17.828438,0 days 00:00:07.687527,relu,0.22883012611944623,39,0.00038424467111190477,True,,none,4.270053155829102e-05,COMPLETE
103,163.99827575683594,2026-01-02 17:03:17.836437,2026-01-02 17:03:25.745065,0 days 00:00:07.908628,relu,0.24998677640172848,42,0.08673929461076448,True,,none,1.2342990188016018e-05,COMPLETE
104,162.1922607421875,2026-01-02 17:03:25.753065,2026-01-02 17:03:33.474629,0 days 00:00:07.721564,relu,0.17852019935926597,36,0.08741984701748591,True,,none,2.4913300452121946e-05,COMPLETE
105,165.89942932128906,2026-01-02 17:03:33.482628,2026-01-02 17:03:41.229292,0 days 00:00:07.746664,relu,0.1784593710835835,33,0.060540399439317605,True,,none,2.5006939204255632e-05,COMPLETE
106,197.90939954969616,2026-01-02 17:03:41.237292,2026-01-02 17:03:48.763465,0 days 00:00:07.526173,relu,0.17139990144408074,35,0.0009786230194520512,False,,none,4.1388695871137305e-06,COMPLETE
107,166.39987182617188,2026-01-02 17:03:48.770466,2026-01-02 17:03:56.565063,0 days 00:00:07.794597,relu,0.19571317155856632,37,0.05018533739815474,True,,none,6.946073896602192e-06,COMPLETE
108,166.96360778808594,2026-01-02 17:03:56.572063,2026-01-02 17:04:04.340701,0 days 00:00:07.768638,relu,0.2184562674885855,28,0.08868543163852481,True,,none,2.219120031983186e-05,COMPLETE
109,169.98211669921875,2026-01-02 17:04:04.348701,2026-01-02 17:04:11.965320,0 days 00:00:07.616619,relu,0.20443331035207382,25,0.0645207625125364,True,,none,2.856727598802302e-05,COMPLETE
110,188.9800567626953,2026-01-02 17:04:11.974319,2026-01-02 17:04:19.809452,0 days 00:00:07.835133,relu,0.2613437827426913,40,0.002523883014532818,True,,none,9.440909126545241e-06,COMPLETE
111,164.64181518554688,2026-01-02 17:04:19.817456,2026-01-02 17:04:27.716637,0 days 00:00:07.899181,relu,0.23245992277729507,43,0.08426305676446406,True,,none,1.2330161016548328e-05,COMPLETE
112,164.74624633789062,2026-01-02 17:04:27.726141,2026-01-02 17:04:35.462705,0 days 00:00:07.736564,relu,0.24487518712578235,42,0.07159099656053204,True,,none,1.2953657869423904e-05,COMPLETE
113,162.12193298339844,2026-01-02 17:04:35.470706,2026-01-02 17:04:43.328826,0 days 00:00:07.858120,relu,0.25224773573304676,51,0.08897883077433692,True,,none,1.8641263620609747e-05,COMPLETE
114,165.40379333496094,2026-01-02 17:04:43.337830,2026-01-02 17:04:51.148918,0 days 00:00:07.811088,relu,0.19028110285698047,51,0.05192041472307583,True,,none,1.496929436008739e-05,COMPLETE
115,165.12985229492188,2026-01-02 17:04:51.156917,2026-01-02 17:04:58.841055,0 days 00:00:07.684138,relu,0.21571033935661982,31,0.08839730193764328,True,,none,2.052257964813299e-05,COMPLETE
116,180.60227966308594,2026-01-02 17:04:58.850056,2026-01-02 17:05:06.745638,0 days 00:00:07.895582,silu,0.491584872578645,50,0.06661245647813638,True,,none,1.8695008294873072e-05,COMPLETE
117,163.96275329589844,2026-01-02 17:05:06.753641,2026-01-02 17:05:14.599214,0 days 00:00:07.845573,relu,0.22424957167130316,37,0.0771537582478869,True,,none,7.799924475589334e-06,COMPLETE
118,163.04241943359375,2026-01-02 17:05:14.607214,2026-01-02 17:05:22.478870,0 days 00:00:07.871656,relu,0.25982458117525337,47,0.09797199996178087,True,,none,4.064642728669707e-05,COMPLETE
119,166.93698120117188,2026-01-02 17:05:22.486870,2026-01-02 17:05:30.291508,0 days 00:00:07.804638,relu,0.2606850144635823,46,0.059889169277026824,True,,none,3.888570985988979e-05,COMPLETE
120,162.37814331054688,2026-01-02 17:05:30.299510,2026-01-02 17:05:38.191647,0 days 00:00:07.892137,relu,0.2367969656963453,60,0.07611930815625013,True,,none,3.109637957259826e-05,COMPLETE
121,163.3024139404297,2026-01-02 17:05:38.200644,2026-01-02 17:05:46.094319,0 days 00:00:07.893675,relu,0.23695040638268242,50,0.07451928878993451,True,,none,7.515577320977436e-05,COMPLETE
122,161.13296508789062,2026-01-02 17:05:46.103321,2026-01-02 17:05:53.988477,0 days 00:00:07.885156,relu,0.23644637199157723,60,0.08476804190397326,True,,none,6.385305152025766e-05,COMPLETE
123,160.18917846679688,2026-01-02 17:05:53.996477,2026-01-02 17:06:01.912702,0 days 00:00:07.916225,relu,0.20016539593280203,59,0.09988282095626386,True,,none,4.998892020756648e-05,COMPLETE
124,158.48104858398438,2026-01-02 17:06:01.921702,2026-01-02 17:06:09.829879,0 days 00:00:07.908177,relu,0.20129719900013643,61,0.08579857884659803,True,,none,5.218126987521077e-05,COMPLETE
125,160.0599365234375,2026-01-02 17:06:09.836879,2026-01-02 17:06:17.718008,0 days 00:00:07.881129,relu,0.18270339223995785,60,0.0840087443921559,True,,none,5.408728466811207e-05,COMPLETE
126,163.06350708007812,2026-01-02 17:06:17.725009,2026-01-02 17:06:25.577093,0 days 00:00:07.852084,relu,0.18063076361188915,60,0.051511261994052336,True,,none,4.832658328836288e-05,COMPLETE
127,197.75455003526477,2026-01-02 17:06:25.585093,2026-01-02 17:06:33.244123,0 days 00:00:07.659030,relu,0.1698626380779454,60,0.0009832042499745874,False,,none,5.658128431465397e-05,COMPLETE
128,185.2533721923828,2026-01-02 17:06:33.252127,2026-01-02 17:06:41.210251,0 days 00:00:07.958124,relu,0.4671938341608084,58,0.03990501955711133,True,,none,6.890141678272764e-05,COMPLETE
129,162.24917602539062,2026-01-02 17:06:41.218250,2026-01-02 17:06:49.198953,0 days 00:00:07.980703,relu,0.19697532189716965,52,0.06412215207329532,True,,none,3.0063596612350564e-05,COMPLETE
130,162.8916015625,2026-01-02 17:06:49.205952,2026-01-02 17:06:57.004479,0 days 00:00:07.798527,relu,0.1974990574542823,52,0.06542727154660079,True,,none,3.1189134223590334e-05,COMPLETE
131,160.6563262939453,2026-01-02 17:06:57.013480,2026-01-02 17:07:04.830071,0 days 00:00:07.816591,relu,0.18730714076786573,60,0.08133997687215448,True,,none,8.912068117223833e-05,COMPLETE
132,158.2152557373047,2026-01-02 17:07:04.839075,2026-01-02 17:07:12.658169,0 days 00:00:07.819094,relu,0.1627420526214887,60,0.07938005027794241,True,,none,7.693477027003353e-05,COMPLETE
133,159.5518798828125,2026-01-02 17:07:12.666169,2026-01-02 17:07:20.535776,0 days 00:00:07.869607,relu,0.18495439527180213,60,0.07561846278039243,True,,none,4.7910883296878166e-05,COMPLETE
134,160.6321563720703,2026-01-02 17:07:20.543780,2026-01-02 17:07:28.439436,0 days 00:00:07.895656,relu,0.16459757805833355,60,0.06032815919873155,True,,none,9.103951747708972e-05,COMPLETE
135,160.44345092773438,2026-01-02 17:07:28.447437,2026-01-02 17:07:36.387095,0 days 00:00:07.939658,relu,0.15688192997572215,61,0.05882007168792968,True,,none,0.00011908298021952614,COMPLETE
136,161.0188446044922,2026-01-02 17:07:36.395094,2026-01-02 17:07:44.365819,0 days 00:00:07.970725,relu,0.1604450576082065,60,0.04813592829097568,True,,none,0.0001225515367636803,COMPLETE
137,163.0411834716797,2026-01-02 17:07:44.374817,2026-01-02 17:07:52.288988,0 days 00:00:07.914171,relu,0.16373119772781136,61,0.047420953912581824,True,,none,0.00012060711333120494,COMPLETE
138,161.88221740722656,2026-01-02 17:07:52.296988,2026-01-02 17:08:00.227543,0 days 00:00:07.930555,relu,0.17050763152415216,58,0.05643078260069016,True,,none,7.413190442112982e-05,COMPLETE
139,162.27761840820312,2026-01-02 17:08:00.235542,2026-01-02 17:08:08.169199,0 days 00:00:07.933657,relu,0.16500424159541288,57,0.05873386342187974,True,,none,7.921110508286713e-05,COMPLETE
140,180.8955535888672,2026-01-02 17:08:08.178198,2026-01-02 17:08:16.053292,0 days 00:00:07.875094,silu,0.15155875515010292,60,0.0543205959037065,True,,minmax,0.00011557064071346344,COMPLETE
141,164.9727783203125,2026-01-02 17:08:16.061802,2026-01-02 17:08:24.052892,0 days 00:00:07.991090,relu,0.18362826013849506,55,0.04503041053404876,True,,none,8.851110159146324e-05,COMPLETE
142,160.9925994873047,2026-01-02 17:08:24.060394,2026-01-02 17:08:31.911467,0 days 00:00:07.851073,relu,0.16076482120246963,62,0.07079224793666687,True,,none,5.949738331819471e-05,COMPLETE
143,160.21331787109375,2026-01-02 17:08:31.919466,2026-01-02 17:08:39.786583,0 days 00:00:07.867117,relu,0.15813526012591464,62,0.06927336102251874,True,,none,6.156188090398724e-05,COMPLETE
144,160.53001403808594,2026-01-02 17:08:39.795584,2026-01-02 17:08:47.622174,0 days 00:00:07.826590,relu,0.1529558668938541,64,0.06868051726297691,True,,none,6.053316184342054e-05,COMPLETE
145,159.67477416992188,2026-01-02 17:08:47.630173,2026-01-02 17:08:55.536757,0 days 00:00:07.906584,relu,0.15953828197231193,64,0.06853864416582503,True,,none,5.9179481305412826e-05,COMPLETE
146,160.7012481689453,2026-01-02 17:08:55.545757,2026-01-02 17:09:03.475860,0 days 00:00:07.930103,relu,0.15680009521897026,62,0.06989232794542471,True,,none,5.699239015281902e-05,COMPLETE
147,178.9942626953125,2026-01-02 17:09:03.482860,2026-01-02 17:09:11.393944,0 days 00:00:07.911084,relu,0.15872272155370873,64,0.006141407114499261,True,,none,5.536710312003441e-05,COMPLETE
148,159.22134399414062,2026-01-02 17:09:11.401944,2026-01-02 17:09:19.333086,0 days 00:00:07.931142,relu,0.13511672471058347,61,0.06894606110634921,True,,none,6.126917560403197e-05,COMPLETE
149,164.08352661132812,2026-01-02 17:09:19.341091,2026-01-02 17:09:27.250693,0 days 00:00:07.909602,relu,0.1403774552238846,62,0.03968021329086507,True,,none,4.684531941481299e-05,COMPLETE
150,197.60329379611545,2026-01-02 17:09:27.258696,2026-01-02 17:09:34.930312,0 days 00:00:07.671616,relu,0.15588120278765438,57,0.0009867726376476308,False,,none,8.537183520465657e-05,COMPLETE
151,158.50186157226562,2026-01-02 17:09:34.939312,2026-01-02 17:09:42.804498,0 days 00:00:07.865186,relu,0.12939045702203855,64,0.06896908122080546,True,,none,6.111650907898905e-05,COMPLETE
152,159.1006317138672,2026-01-02 17:09:42.811497,2026-01-02 17:09:50.688636,0 days 00:00:07.877139,relu,0.12876810779154713,62,0.06631010239595168,True,,none,5.78758623475761e-05,COMPLETE
153,158.13858032226562,2026-01-02 17:09:50.697636,2026-01-02 17:09:58.618250,0 days 00:00:07.920614,relu,0.11287752114675222,64,0.06961563401034408,True,,none,5.9397038594791324e-05,COMPLETE
154,160.8612060546875,2026-01-02 17:09:58.626249,2026-01-02 17:10:06.484857,0 days 00:00:07.858608,relu,0.1306193219375201,64,0.0645114878482738,True,,none,0.00010227683244840625,COMPLETE
155,158.8683319091797,2026-01-02 17:10:06.491858,2026-01-02 17:10:14.361453,0 days 00:00:07.869595,relu,0.11308237913102243,55,0.07212973907539394,True,,none,5.10937461664714e-05,COMPLETE
156,158.9703369140625,2026-01-02 17:10:14.369453,2026-01-02 17:10:22.283055,0 days 00:00:07.913602,relu,0.11571092168965263,55,0.058170407842078796,True,,none,4.8431300329431915e-05,COMPLETE
157,165.1717071533203,2026-01-02 17:10:22.291055,2026-01-02 17:10:30.224718,0 days 00:00:07.933663,relu,0.11212676188650256,54,0.031579424227187236,True,,none,4.694530551798202e-05,COMPLETE
158,160.94424438476562,2026-01-02 17:10:30.232717,2026-01-02 17:10:38.082827,0 days 00:00:07.850110,relu,0.11544622348095675,56,0.05558556519809476,True,,none,6.934807092435074e-05,COMPLETE
159,161.83639526367188,2026-01-02 17:10:38.089827,2026-01-02 17:10:46.029442,0 days 00:00:07.939615,relu,0.10507296142376109,54,0.04407757024564671,True,,none,5.3234125143060417e-05,COMPLETE
160,159.06582641601562,2026-01-02 17:10:46.037441,2026-01-02 17:10:53.918593,0 days 00:00:07.881152,relu,0.13320034297795968,64,0.06188640755131532,True,,none,6.60333417411951e-05,COMPLETE
161,160.713134765625,2026-01-02 17:10:53.926592,2026-01-02 17:11:01.837195,0 days 00:00:07.910603,relu,0.1302535890778698,64,0.060981819668195054,True,,none,6.24792806628964e-05,COMPLETE
162,158.7152099609375,2026-01-02 17:11:01.846195,2026-01-02 17:11:09.779331,0 days 00:00:07.933136,relu,0.12233009826969463,57,0.0690182661304087,True,,none,4.8378809505948497e-05,COMPLETE
163,158.41529846191406,2026-01-02 17:11:09.787839,2026-01-02 17:11:17.725967,0 days 00:00:07.938128,relu,0.12521270352303915,57,0.06997835061441168,True,,none,4.39685311859798e-05,COMPLETE
164,160.9818115234375,2026-01-02 17:11:17.734967,2026-01-02 17:11:25.614583,0 days 00:00:07.879616,relu,0.12711956646270417,57,0.04941722496714073,True,,none,4.2521331608180024e-05,COMPLETE
165,158.96530151367188,2026-01-02 17:11:25.622580,2026-01-02 17:11:33.508245,0 days 00:00:07.885665,relu,0.11810114385537475,54,0.07379730609087623,True,,none,3.6941739271962377e-05,COMPLETE
166,163.6004180908203,2026-01-02 17:11:33.516244,2026-01-02 17:11:41.919970,0 days 00:00:08.403726,mish,0.11627103802557527,54,0.07210534413771612,True,,none,3.439692422526873e-05,COMPLETE
167,158.84584045410156,2026-01-02 17:11:41.928971,2026-01-02 17:11:49.822084,0 days 00:00:07.893113,relu,0.10808019066779259,57,0.06946752905067985,True,,none,4.908906126220825e-05,COMPLETE
168,173.45285034179688,2026-01-02 17:11:49.831084,2026-01-02 17:11:57.781235,0 days 00:00:07.950151,relu,0.10136879960895422,57,0.053330389957848064,True,,minmax,4.86445227715712e-05,COMPLETE
169,169.24917602539062,2026-01-02 17:11:57.789234,2026-01-02 17:12:05.318744,0 days 00:00:07.529510,relu,0.12093896250723865,15,0.07628724665998202,True,,none,3.794525603931022e-05,COMPLETE
170,167.47134399414062,2026-01-02 17:12:05.327746,2026-01-02 17:12:13.139311,0 days 00:00:07.811565,silu,0.1371782295285109,49,0.07701961298616727,True,,none,4.5943194104503104e-05,COMPLETE
171,158.6038818359375,2026-01-02 17:12:13.148312,2026-01-02 17:12:21.133960,0 days 00:00:07.985648,relu,0.10933217568578413,57,0.06799775577871076,True,,none,5.1518346377328225e-05,COMPLETE
172,160.7682342529297,2026-01-02 17:12:21.141961,2026-01-02 17:12:29.082107,0 days 00:00:07.940146,relu,0.11225436326987784,54,0.066172645821068,True,,none,5.207441678310553e-05,COMPLETE
173,156.8419952392578,2026-01-02 17:12:29.090107,2026-01-02 17:12:37.029782,0 days 00:00:07.939675,relu,0.10911932123217828,57,0.07694747446084993,True,,none,4.1022448869635954e-05,COMPLETE
174,160.26576232910156,2026-01-02 17:12:37.038782,2026-01-02 17:12:44.978930,0 days 00:00:07.940148,relu,0.11100033202655349,57,0.051919088083780554,True,,none,3.591692899937707e-05,COMPLETE
175,158.45492553710938,2026-01-02 17:12:44.986934,2026-01-02 17:12:52.847021,0 days 00:00:07.860087,relu,0.12473881648186735,53,0.07500503528071596,True,,none,4.185902908165376e-05,COMPLETE
176,161.5066680908203,2026-01-02 17:12:52.855023,2026-01-02 17:13:00.701655,0 days 00:00:07.846632,relu,0.12376872252197713,53,0.06047508839529041,True,,none,4.320770019380557e-05,COMPLETE
177,158.3342742919922,2026-01-02 17:13:00.709654,2026-01-02 17:13:08.593721,0 days 00:00:07.884067,relu,0.10127372699345961,52,0.07334665931655972,True,,none,7.03246658168177e-05,COMPLETE
178,157.7296600341797,2026-01-02 17:13:08.601224,2026-01-02 17:13:16.467330,0 days 00:00:07.866106,relu,0.10078185249966169,49,0.07326358527439494,True,,none,7.129151672002868e-05,COMPLETE
179,190.55856323242188,2026-01-02 17:13:16.474331,2026-01-02 17:13:24.255490,0 days 00:00:07.781159,relu,0.10001226062531414,48,0.0006074181962092758,True,,none,7.334623499301033e-05,COMPLETE
180,197.744921875,2026-01-02 17:13:24.264490,2026-01-02 17:13:31.967551,0 days 00:00:07.703061,relu,0.11054389447597007,50,0.0009890377528010085,False,,none,6.978536481996303e-05,COMPLETE
181,157.4840850830078,2026-01-02 17:13:31.976549,2026-01-02 17:13:39.903718,0 days 00:00:07.927169,relu,0.12181093770248114,53,0.0772545634314487,True,,none,4.296648023093179e-05,COMPLETE
182,158.11280822753906,2026-01-02 17:13:39.912233,2026-01-02 17:13:47.866431,0 days 00:00:07.954198,relu,0.12111136650077652,53,0.0764908838627102,True,,none,3.963339209368423e-05,COMPLETE
183,160.37469482421875,2026-01-02 17:13:47.873431,2026-01-02 17:13:55.878019,0 days 00:00:08.004588,relu,0.1218618969070472,52,0.07851933257961964,True,,none,3.720261742421683e-05,COMPLETE
184,170.93899536132812,2026-01-02 17:13:55.886018,2026-01-02 17:14:03.433561,0 days 00:00:07.547543,relu,0.10776528104669658,12,0.056787924192588816,True,,none,4.0994603534223026e-05,COMPLETE
185,158.39480590820312,2026-01-02 17:14:03.441561,2026-01-02 17:14:11.411141,0 days 00:00:07.969580,relu,0.11938936658398233,55,0.06240070808705888,True,,none,3.427198057811907e-05,COMPLETE
186,159.07717895507812,2026-01-02 17:14:11.420140,2026-01-02 17:14:19.271194,0 days 00:00:07.851054,relu,0.11779324706619163,48,0.07863025856335644,True,,none,3.3766038514088594e-05,COMPLETE
187,161.13278198242188,2026-01-02 17:14:19.279194,2026-01-02 17:14:27.233258,0 days 00:00:07.954064,relu,0.10614397387154151,54,0.05018906297576732,True,,none,3.914193225602853e-05,COMPLETE
188,184.9204864501953,2026-01-02 17:14:27.242257,2026-01-02 17:14:35.033946,0 days 00:00:07.791689,relu,0.1436754602110981,52,0.001633293389956491,True,,none,4.402822983848699e-05,COMPLETE
189,158.65927124023438,2026-01-02 17:14:35.041943,2026-01-02 17:14:42.887019,0 days 00:00:07.845076,relu,0.11757464814818037,56,0.06076318777977314,True,,none,2.7319617726789947e-05,COMPLETE
190,158.0377655029297,2026-01-02 17:14:42.895021,2026-01-02 17:14:50.783195,0 days 00:00:07.888174,relu,0.118093792887925,49,0.08659392318738321,True,,none,2.7014794876025365e-05,COMPLETE
191,158.13795471191406,2026-01-02 17:14:50.790193,2026-01-02 17:14:58.681319,0 days 00:00:07.891126,relu,0.11866292218745135,50,0.08701371744736454,True,,none,2.4660323945995948e-05,COMPLETE
192,158.57345581054688,2026-01-02 17:14:58.689319,2026-01-02 17:15:06.534974,0 days 00:00:07.845655,relu,0.12338047877379019,50,0.08547334336655758,True,,none,2.797709983704016e-05,COMPLETE
193,159.787353515625,2026-01-02 17:15:06.543974,2026-01-02 17:15:14.436656,0 days 00:00:07.892682,relu,0.12433191311999311,47,0.0889237958418524,True,,none,2.7674292398191918e-05,COMPLETE
194,158.54476928710938,2026-01-02 17:15:14.451654,2026-01-02 17:15:22.245265,0 days 00:00:07.793611,relu,0.10289799183175326,50,0.08759261890246145,True,,none,2.5238505461764307e-05,COMPLETE
195,164.61256408691406,2026-01-02 17:15:22.254265,2026-01-02 17:15:29.902372,0 days 00:00:07.648107,relu,0.10033146942753848,17,0.08874776470275084,True,,none,2.3313995638148897e-05,COMPLETE
196,157.89503479003906,2026-01-02 17:15:29.912375,2026-01-02 17:15:37.746505,0 days 00:00:07.834130,relu,0.10611334942231045,50,0.08870823285551753,True,,none,2.5212247987260984e-05,COMPLETE
197,158.06094360351562,2026-01-02 17:15:37.753504,2026-01-02 17:15:45.655144,0 days 00:00:07.901640,relu,0.12809216369423582,49,0.08901907764751187,True,,none,2.5725467077989128e-05,COMPLETE
198,169.5526580810547,2026-01-02 17:15:45.663144,2026-01-02 17:15:53.450813,0 days 00:00:07.787669,relu,0.10058347063125252,49,0.0993730235732218,True,,minmax,2.584576791386803e-05,COMPLETE
199,160.41921997070312,2026-01-02 17:15:53.460814,2026-01-02 17:16:01.315920,0 days 00:00:07.855106,relu,0.128110447981439,46,0.08606538217945121,True,,none,2.3086560475649533e-05,COMPLETE
200,162.4180450439453,2026-01-02 17:16:01.323918,2026-01-02 17:16:09.599101,0 days 00:00:08.275183,mish,0.13874241284698463,49,0.08289834822134859,True,,none,2.9665650254478146e-05,COMPLETE
201,159.7978057861328,2026-01-02 17:16:09.607101,2026-01-02 17:16:17.497740,0 days 00:00:07.890639,relu,0.12168254409576912,51,0.09958656444412282,True,,none,3.144147775774686e-05,COMPLETE
202,158.88674926757812,2026-01-02 17:16:17.504739,2026-01-02 17:16:25.355377,0 days 00:00:07.850638,relu,0.10749054180162247,46,0.07964843588534373,True,,none,2.1255842365211776e-05,COMPLETE
203,158.18569946289062,2026-01-02 17:16:25.362376,2026-01-02 17:16:33.243481,0 days 00:00:07.881105,relu,0.11932429643984552,51,0.08799391757402246,True,,none,2.528044360987327e-05,COMPLETE
204,186.78759765625,2026-01-02 17:16:33.252481,2026-01-02 17:16:40.785553,0 days 00:00:07.533072,relu,0.13208891044945872,7,0.08409209628491336,True,,none,2.7216551726299025e-05,COMPLETE
205,157.41140747070312,2026-01-02 17:16:40.792553,2026-01-02 17:16:48.613666,0 days 00:00:07.821113,relu,0.11604771651956933,50,0.09155518702109862,True,,none,2.6126543032969672e-05,COMPLETE
206,157.681640625,2026-01-02 17:16:48.622670,2026-01-02 17:16:56.509308,0 days 00:00:07.886638,relu,0.10826979538972883,50,0.08599366611696001,True,,none,2.2687627876531507e-05,COMPLETE
207,158.7747344970703,2026-01-02 17:16:56.517308,2026-01-02 17:17:04.389516,0 days 00:00:07.872208,relu,0.14253471670619583,46,0.09850023579372442,True,,none,2.3046048470740116e-05,COMPLETE
208,166.36593627929688,2026-01-02 17:17:04.397516,2026-01-02 17:17:12.379666,0 days 00:00:07.982150,silu,0.12512314972221394,50,0.08984540132701814,True,,none,3.1244128783442224e-05,COMPLETE
209,198.17178344726562,2026-01-02 17:17:12.386666,2026-01-02 17:17:19.758208,0 days 00:00:07.371542,relu,0.1154640512106749,4,0.07997691994332361,True,,none,2.3954064632755197e-05,COMPLETE
210,158.1058349609375,2026-01-02 17:17:19.767209,2026-01-02 17:17:27.638341,0 days 00:00:07.871132,relu,0.10603581512681592,51,0.08333169730212754,True,,none,2.6087435993988806e-05,COMPLETE
211,158.10427856445312,2026-01-02 17:17:27.646347,2026-01-02 17:17:35.419389,0 days 00:00:07.773042,relu,0.10672025227730676,50,0.08902631644168736,True,,none,2.008930035175522e-05,COMPLETE
212,158.70565795898438,2026-01-02 17:17:35.428392,2026-01-02 17:17:43.251478,0 days 00:00:07.823086,relu,0.10609868946021628,51,0.09093266587356369,True,,none,1.922941302388095e-05,COMPLETE
213,158.25802612304688,2026-01-02 17:17:43.260480,2026-01-02 17:17:51.098052,0 days 00:00:07.837572,relu,0.10034318105241632,48,0.07743059518386476,True,,none,2.0231175716142354e-05,COMPLETE
214,158.0027313232422,2026-01-02 17:17:51.107053,2026-01-02 17:17:58.937632,0 days 00:00:07.830579,relu,0.11248258527181831,44,0.07691217407816614,True,,none,2.2359327159171814e-05,COMPLETE
215,158.10826110839844,2026-01-02 17:17:58.946143,2026-01-02 17:18:06.752254,0 days 00:00:07.806111,relu,0.11242005156281616,45,0.07825562505480226,True,,none,1.9768020630861126e-05,COMPLETE
216,158.9558868408203,2026-01-02 17:18:06.760258,2026-01-02 17:18:14.581286,0 days 00:00:07.821028,relu,0.11281063489176198,44,0.07563801207737766,True,,none,2.0580372469728643e-05,COMPLETE
217,157.24008178710938,2026-01-02 17:18:14.590285,2026-01-02 17:18:22.489923,0 days 00:00:07.899638,relu,0.10094312153993443,47,0.09799873303191696,True,,none,1.9037204044803634e-05,COMPLETE
218,198.28947279188367,2026-01-02 17:18:22.499920,2026-01-02 17:18:30.046515,0 days 00:00:07.546595,relu,0.10608737921028259,47,0.0009931627744069046,False,,none,2.1535463242400104e-05,COMPLETE
219,156.65036010742188,2026-01-02 17:18:30.054520,2026-01-02 17:18:37.921088,0 days 00:00:07.866568,relu,0.10102250803579578,43,0.09658078650791292,True,,none,1.4968348065578995e-05,COMPLETE
220,158.2741241455078,2026-01-02 17:18:37.929087,2026-01-02 17:18:45.679199,0 days 00:00:07.750112,relu,0.10090352108315451,42,0.09549347130303165,True,,none,1.4530490837925365e-05,COMPLETE
221,158.9032440185547,2026-01-02 17:18:45.687197,2026-01-02 17:18:53.478824,0 days 00:00:07.791627,relu,0.10216724377501522,42,0.09776733373394521,True,,none,1.3699946548444997e-05,COMPLETE
222,157.17160034179688,2026-01-02 17:18:53.485824,2026-01-02 17:19:01.269892,0 days 00:00:07.784068,relu,0.10084587879240355,44,0.09878325316981804,True,,none,1.541044560689841e-05,COMPLETE
223,157.69180297851562,2026-01-02 17:19:01.277892,2026-01-02 17:19:09.098531,0 days 00:00:07.820639,relu,0.10008228934027136,43,0.09726986523643932,True,,none,1.6279422279466512e-05,COMPLETE
224,158.42355346679688,2026-01-02 17:19:09.105531,2026-01-02 17:19:16.928143,0 days 00:00:07.822612,relu,0.1000384129514949,43,0.09534761227264932,True,,none,1.5201740679018043e-05,COMPLETE
225,159.13563537597656,2026-01-02 17:19:16.935144,2026-01-02 17:19:24.770302,0 days 00:00:07.835158,relu,0.11119960311049103,45,0.09618367232331275,True,,none,1.7009612646652243e-05,COMPLETE
226,158.5499267578125,2026-01-02 17:19:24.778303,2026-01-02 17:19:32.677392,0 days 00:00:07.899089,relu,0.11232247070517468,43,0.09745936103281531,True,,none,1.7245126592302347e-05,COMPLETE
227,157.38995361328125,2026-01-02 17:19:32.685393,2026-01-02 17:19:40.505526,0 days 00:00:07.820133,relu,0.11043626917303859,41,0.09998698718289044,True,,none,1.4433563372610626e-05,COMPLETE
228,159.10638427734375,2026-01-02 17:19:40.515526,2026-01-02 17:19:48.383661,0 days 00:00:07.868135,relu,0.1123179914452881,46,0.08137706366618962,True,,none,2.007649980244075e-05,COMPLETE
229,156.6092071533203,2026-01-02 17:19:48.390660,2026-01-02 17:19:56.232780,0 days 00:00:07.842120,relu,0.10981399469089184,47,0.08304107096778152,True,,none,1.2066848040776099e-05,COMPLETE
230,160.85499572753906,2026-01-02 17:19:56.239780,2026-01-02 17:20:03.990918,0 days 00:00:07.751138,relu,0.1162728807356292,41,0.09904596912613824,True,,none,1.2789024633561286e-05,COMPLETE
231,159.21737670898438,2026-01-02 17:20:03.997918,2026-01-02 17:20:11.873076,0 days 00:00:07.875158,relu,0.10789088611644344,47,0.08230485713258859,True,,none,1.8046211794525927e-05,COMPLETE
232,158.90164184570312,2026-01-02 17:20:11.881074,2026-01-02 17:20:19.652133,0 days 00:00:07.771059,relu,0.10950901605985794,44,0.08257077287599032,True,,none,2.1948409624264776e-05,COMPLETE
233,159.34225463867188,2026-01-02 17:20:19.661135,2026-01-02 17:20:27.536251,0 days 00:00:07.875116,relu,0.11714539888296907,45,0.08573074123269511,True,,none,1.4955236773218008e-05,COMPLETE
234,158.43368530273438,2026-01-02 17:20:27.543251,2026-01-02 17:20:35.395448,0 days 00:00:07.852197,relu,0.1092981480523428,48,0.07953579026027667,True,,none,1.1850542127511157e-05,COMPLETE
235,160.21530151367188,2026-01-02 17:20:35.402449,2026-01-02 17:20:43.322020,0 days 00:00:07.919571,relu,0.1170069415942207,47,0.09954922447048399,True,,none,1.992446490994731e-05,COMPLETE
236,194.28823852539062,2026-01-02 17:20:43.330020,2026-01-02 17:20:51.193567,0 days 00:00:07.863547,relu,0.10079811117772736,49,0.00020324125986025446,True,,none,2.4184389223027117e-05,COMPLETE
237,159.60452270507812,2026-01-02 17:20:51.201566,2026-01-02 17:20:59.107683,0 days 00:00:07.906117,relu,0.10849669074124443,41,0.07683118653600159,True,,none,1.6069046208408246e-05,COMPLETE
238,158.013916015625,2026-01-02 17:20:59.115683,2026-01-02 17:21:06.954845,0 days 00:00:07.839162,relu,0.11661697299690428,44,0.0874206551183781,True,,none,1.756768211608691e-05,COMPLETE
239,160.24290466308594,2026-01-02 17:21:06.962846,2026-01-02 17:21:14.826436,0 days 00:00:07.863590,relu,0.11818812329251574,44,0.08770477599835334,True,,none,1.6256078537349294e-05,COMPLETE
240,182.00270080566406,2026-01-02 17:21:14.834431,2026-01-02 17:21:22.994078,0 days 00:00:08.159647,mish,0.39846454766001693,44,0.09999151980245644,True,,minmax,1.1519917620605492e-05,COMPLETE
241,158.21572875976562,2026-01-02 17:21:23.002078,2026-01-02 17:21:30.851689,0 days 00:00:07.849611,relu,0.10018309548584568,48,0.08047274030909139,True,,none,1.886984554630394e-05,COMPLETE
242,158.60494995117188,2026-01-02 17:21:30.859693,2026-01-02 17:21:38.718278,0 days 00:00:07.858585,relu,0.11006322566940693,49,0.08401950598616802,True,,none,1.8036154121030213e-05,COMPLETE
243,159.52685546875,2026-01-02 17:21:38.727276,2026-01-02 17:21:46.510327,0 days 00:00:07.783051,relu,0.1180186536919944,40,0.08744813250211148,True,,none,2.377689001986283e-05,COMPLETE
244,157.0770263671875,2026-01-02 17:21:46.517329,2026-01-02 17:21:54.336865,0 days 00:00:07.819536,relu,0.10848218538016878,46,0.09993807678588106,True,,none,1.4081720041758842e-05,COMPLETE
245,158.75173950195312,2026-01-02 17:21:54.344868,2026-01-02 17:22:02.171983,0 days 00:00:07.827115,relu,0.12993667749130558,45,0.08886452803702803,True,,none,1.3491075080859304e-05,COMPLETE
246,158.751953125,2026-01-02 17:22:02.179490,2026-01-02 17:22:09.944089,0 days 00:00:07.764599,relu,0.11336806563969533,42,0.07421526622265748,True,,none,9.747376814495107e-06,COMPLETE
247,157.283447265625,2026-01-02 17:22:09.952089,2026-01-02 17:22:17.915210,0 days 00:00:07.963121,relu,0.12194273702050758,52,0.0989476174381328,True,,none,2.6623795970672338e-05,COMPLETE
248,158.97613525390625,2026-01-02 17:22:17.924209,2026-01-02 17:22:25.752348,0 days 00:00:07.828139,relu,0.12211993852517329,51,0.08979967914949746,True,,none,2.6117055438788055e-05,COMPLETE
249,157.9301300048828,2026-01-02 17:22:25.761346,2026-01-02 17:22:33.620405,0 days 00:00:07.859059,relu,0.1086681312602773,46,0.09107262236924671,True,,none,2.9373496104574727e-05,COMPLETE
250,157.3734588623047,2026-01-02 17:22:33.628405,2026-01-02 17:22:41.550043,0 days 00:00:07.921638,relu,0.10760367650402776,46,0.09815251002455476,True,,none,2.976849083930008e-05,COMPLETE
251,166.53489685058594,2026-01-02 17:22:41.558040,2026-01-02 17:22:49.557221,0 days 00:00:07.999181,silu,0.11026169502184664,46,0.0952312530025997,True,,none,2.950401444304705e-05,COMPLETE
252,159.592041015625,2026-01-02 17:22:49.564223,2026-01-02 17:22:57.393867,0 days 00:00:07.829644,relu,0.1075511681751069,45,0.09447325765545739,True,,none,2.1081280598167288e-05,COMPLETE
253,197.57549777560763,2026-01-02 17:22:57.401868,2026-01-02 17:23:05.011914,0 days 00:00:07.610046,relu,0.13234378463475505,42,0.0009935166706592532,False,,none,3.060549740434923e-05,COMPLETE
254,158.85389709472656,2026-01-02 17:23:05.019915,2026-01-02 17:23:12.827511,0 days 00:00:07.807596,relu,0.1074903509760075,47,0.09834639480155719,True,,none,1.4628340513433425e-05,COMPLETE
255,156.80206298828125,2026-01-02 17:23:12.835512,2026-01-02 17:23:20.676162,0 days 00:00:07.840650,relu,0.12237062998897748,49,0.09857801302440049,True,,none,2.7323670283904975e-05,COMPLETE
256,160.8596649169922,2026-01-02 17:23:20.684162,2026-01-02 17:23:28.464195,0 days 00:00:07.780033,relu,0.12648663542849403,39,0.07585435544002724,True,,none,2.792926047106921e-05,COMPLETE
257,178.94189453125,2026-01-02 17:23:28.471194,2026-01-02 17:23:36.276245,0 days 00:00:07.805051,relu,0.10720544729812224,43,0.008710455071075896,True,,none,1.7306165429987346e-05,COMPLETE
258,158.07284545898438,2026-01-02 17:23:36.284244,2026-01-02 17:23:44.172809,0 days 00:00:07.888565,relu,0.11523807818399659,47,0.0995468279892535,True,,none,3.351707116088964e-05,COMPLETE
259,158.05392456054688,2026-01-02 17:23:44.180812,2026-01-02 17:23:52.189447,0 days 00:00:08.008635,relu,0.10017324210922192,46,0.09912634821345621,True,,none,3.3965333629041505e-05,COMPLETE
260,157.75738525390625,2026-01-02 17:23:52.199956,2026-01-02 17:24:00.225336,0 days 00:00:08.025380,relu,0.10058287167495272,48,0.09998031954159896,True,,none,3.208296867340326e-05,COMPLETE
261,157.48309326171875,2026-01-02 17:24:00.234335,2026-01-02 17:24:08.152891,0 days 00:00:07.918556,relu,0.10403053204608334,47,0.09963934615437268,True,,none,3.351789402557711e-05,COMPLETE
262,166.931396484375,2026-01-02 17:24:08.160896,2026-01-02 17:24:16.035526,0 days 00:00:07.874630,relu,0.10131357849326494,47,0.09871137963228857,True,,minmax,3.297408060380769e-05,COMPLETE
263,159.52761840820312,2026-01-02 17:24:16.043524,2026-01-02 17:24:23.924685,0 days 00:00:07.881161,relu,0.1157069791395855,41,0.09861144805338638,True,,none,3.209508518956618e-05,COMPLETE
264,157.66531372070312,2026-01-02 17:24:23.933685,2026-01-02 17:24:31.857282,0 days 00:00:07.923597,relu,0.10110595155812856,44,0.09827792051579759,True,,none,3.2383328210962875e-05,COMPLETE
265,171.3616943359375,2026-01-02 17:24:31.865286,2026-01-02 17:24:39.677901,0 days 00:00:07.812615,relu,0.4282745768671474,45,0.09869248575005078,True,,none,3.5677780555471153e-05,COMPLETE
266,158.68380737304688,2026-01-02 17:24:39.685410,2026-01-02 17:24:47.531515,0 days 00:00:07.846105,relu,0.1000265267579239,43,0.0875083141287005,True,,none,2.8016945902378736e-05,COMPLETE
267,158.89442443847656,2026-01-02 17:24:47.540514,2026-01-02 17:24:55.373670,0 days 00:00:07.833156,relu,0.10579222758110131,40,0.09964678763141965,True,,none,1.0628729325624718e-05,COMPLETE
268,159.47378540039062,2026-01-02 17:24:55.380669,2026-01-02 17:25:03.204833,0 days 00:00:07.824164,relu,0.12381911043432794,44,0.08694401452760815,True,,none,2.9553646910824063e-05,COMPLETE
269,162.0211181640625,2026-01-02 17:25:03.211831,2026-01-02 17:25:11.402476,0 days 00:00:08.190645,mish,0.10012059470528362,48,0.09992604644456411,True,,none,1.342153995302032e-05,COMPLETE
270,160.9412078857422,2026-01-02 17:25:11.411475,2026-01-02 17:25:19.185123,0 days 00:00:07.773648,relu,0.1118098360450732,42,0.07376247698707777,True,,none,2.2469485824582672e-05,COMPLETE
271,160.68618774414062,2026-01-02 17:25:19.194128,2026-01-02 17:25:27.040130,0 days 00:00:07.846002,relu,0.10754659027864609,38,0.08561075130863108,True,,none,3.5243581030395016e-05,COMPLETE
272,197.6972275797526,2026-01-02 17:25:27.048130,2026-01-02 17:25:34.743913,0 days 00:00:07.695783,relu,0.13222471484187553,48,0.0009946954938977227,False,,none,2.9457033578674363e-05,COMPLETE
273,156.9661102294922,2026-01-02 17:25:34.751914,2026-01-02 17:25:42.622019,0 days 00:00:07.870105,relu,0.10024045764599511,45,0.0998235049997735,True,,none,2.5558990518539004e-05,COMPLETE
274,165.52322387695312,2026-01-02 17:25:42.630023,2026-01-02 17:25:50.490126,0 days 00:00:07.860103,silu,0.10180808047820869,45,0.09976135700337892,True,,none,1.1564873272116916e-05,COMPLETE
275,180.39002990722656,2026-01-02 17:25:50.498130,2026-01-02 17:25:58.318198,0 days 00:00:07.820068,relu,0.10013183664901355,41,0.003946894418033484,True,,none,2.3129343878547967e-05,COMPLETE
276,173.2982940673828,2026-01-02 17:25:58.327198,2026-01-02 17:26:06.004730,0 days 00:00:07.677532,relu,0.11471181456970901,10,0.07860173232591257,True,,none,1.5429327201261088e-05,COMPLETE
277,160.6180419921875,2026-01-02 17:26:06.012730,2026-01-02 17:26:13.842834,0 days 00:00:07.830104,relu,0.10891395362609124,46,0.06776700119806607,True,,none,3.128945044905355e-05,COMPLETE
278,158.17861938476562,2026-01-02 17:26:13.849833,2026-01-02 17:26:21.710912,0 days 00:00:07.861079,relu,0.1000013289057194,43,0.08576420225087458,True,,none,3.7042016137583656e-05,COMPLETE
279,157.732666015625,2026-01-02 17:26:21.718912,2026-01-02 17:26:29.625049,0 days 00:00:07.906137,relu,0.11645685134369373,52,0.07434910455739603,True,,none,2.6488649396519385e-05,COMPLETE
280,159.71664428710938,2026-01-02 17:26:29.633049,2026-01-02 17:26:37.572188,0 days 00:00:07.939139,relu,0.11923822846025783,51,0.06851203242587639,True,,none,2.437381624957084e-05,COMPLETE
281,158.36863708496094,2026-01-02 17:26:37.580190,2026-01-02 17:26:45.504864,0 days 00:00:07.924674,relu,0.11666127069013885,49,0.07612278740014827,True,,none,2.8034058418826508e-05,COMPLETE
282,158.55416870117188,2026-01-02 17:26:45.512864,2026-01-02 17:26:53.441023,0 days 00:00:07.928159,relu,0.12341206075609754,53,0.08359723835160862,True,,none,2.2227340569276277e-05,COMPLETE
283,173.61541748046875,2026-01-02 17:26:53.449022,2026-01-02 17:27:01.270085,0 days 00:00:07.821063,relu,0.11044765059367252,40,0.06491192589564251,True,,minmax,1.2873683712706629e-05,COMPLETE
284,160.3487548828125,2026-01-02 17:27:01.278086,2026-01-02 17:27:09.076671,0 days 00:00:07.798585,relu,0.11340449273111314,44,0.07615790152489617,True,,none,1.692650454331765e-05,COMPLETE
285,160.37962341308594,2026-01-02 17:27:09.084671,2026-01-02 17:27:17.002301,0 days 00:00:07.917630,relu,0.13742958820519377,52,0.08567326876825214,True,,none,2.6331620891775787e-05,COMPLETE
286,158.10409545898438,2026-01-02 17:27:17.010308,2026-01-02 17:27:24.754341,0 days 00:00:07.744033,relu,0.10807630027530864,48,0.07427654224995989,True,,none,1.8411499570830298e-05,COMPLETE
287,158.71372985839844,2026-01-02 17:27:24.762342,2026-01-02 17:27:32.660559,0 days 00:00:07.898217,relu,0.12220264196284997,49,0.09994151027042489,True,,none,1.4352976969313341e-05,COMPLETE
288,160.12271118164062,2026-01-02 17:27:32.667560,2026-01-02 17:27:40.498694,0 days 00:00:07.831134,relu,0.11531250425526535,43,0.0861697259587814,True,,none,2.1727899479517487e-05,COMPLETE
289,170.52236938476562,2026-01-02 17:27:40.506200,2026-01-02 17:27:48.320743,0 days 00:00:07.814543,relu,0.10792642511798334,52,0.01819529461928445,True,,none,2.6948503047193717e-05,COMPLETE
290,160.3445281982422,2026-01-02 17:27:48.328743,2026-01-02 17:27:56.105776,0 days 00:00:07.777033,relu,0.1264749349682045,37,0.09991213955890973,True,,none,3.0475129274560958e-05,COMPLETE
291,160.8916015625,2026-01-02 17:27:56.114287,2026-01-02 17:28:03.958862,0 days 00:00:07.844575,relu,0.10729918907439862,47,0.07147864646051186,True,,none,2.3818495612524556e-05,COMPLETE
292,197.8525316026476,2026-01-02 17:28:03.967862,2026-01-02 17:28:11.636431,0 days 00:00:07.668569,relu,0.11839724376198119,45,0.0009939713355552123,False,,none,1.6126111058126635e-05,COMPLETE
293,162.2332763671875,2026-01-02 17:28:11.643431,2026-01-02 17:28:19.597583,0 days 00:00:07.954152,mish,0.10777766338883084,20,0.08559736706447428,True,,none,1.9277061595627475e-05,COMPLETE
294,159.1627655029297,2026-01-02 17:28:19.605582,2026-01-02 17:28:27.530684,0 days 00:00:07.925102,relu,0.11532467540628358,50,0.06550207640145399,True,,none,3.199110146089056e-05,COMPLETE
295,159.59652709960938,2026-01-02 17:28:27.540686,2026-01-02 17:28:35.333820,0 days 00:00:07.793134,relu,0.13440458259981136,40,0.08707891775566855,True,,none,3.732898474871471e-05,COMPLETE
296,159.8126678466797,2026-01-02 17:28:35.341820,2026-01-02 17:28:43.244935,0 days 00:00:07.903115,relu,0.11986779304078753,46,0.07582298907831836,True,,none,9.891371305185421e-06,COMPLETE
297,158.66111755371094,2026-01-02 17:28:43.252934,2026-01-02 17:28:51.275754,0 days 00:00:08.022820,relu,0.1071324862112504,53,0.08874683845546305,True,,none,2.5645781318827795e-05,COMPLETE
298,160.25027465820312,2026-01-02 17:28:51.283754,2026-01-02 17:28:59.127402,0 days 00:00:07.843648,relu,0.12778787251574175,43,0.07810979841888971,True,,none,2.144149359495504e-05,COMPLETE
299,168.4680938720703,2026-01-02 17:28:59.135402,2026-01-02 17:29:07.300566,0 days 00:00:08.165164,silu,0.1133552558831979,49,0.0648388477473655,True,,none,1.1850301677321833e-05,COMPLETE
300,158.43601989746094,2026-01-02 17:29:07.308569,2026-01-02 17:29:15.144687,0 days 00:00:07.836118,relu,0.10140721540685145,46,0.08792050962849667,True,,none,1.5621171811020914e-05,COMPLETE
301,166.54257202148438,2026-01-02 17:29:15.153690,2026-01-02 17:29:22.762699,0 days 00:00:07.609009,relu,0.12197207507600107,23,0.07516099929501852,True,,none,1.7696323157347745e-05,COMPLETE
302,157.94241333007812,2026-01-02 17:29:22.770699,2026-01-02 17:29:30.712796,0 days 00:00:07.942097,relu,0.10837677013491814,53,0.08804988682985607,True,,none,2.6014639301326923e-05,COMPLETE
303,166.88623046875,2026-01-02 17:29:30.721302,2026-01-02 17:29:38.611323,0 days 00:00:07.890021,relu,0.100473108827999,54,0.09847770026470537,True,,minmax,1.3294756708672533e-05,COMPLETE
304,175.40621948242188,2026-01-02 17:29:38.619323,2026-01-02 17:29:46.570983,0 days 00:00:07.951660,relu,0.1000004913365352,52,0.012293071832969352,True,,none,2.3725075720590904e-05,COMPLETE
305,158.49021911621094,2026-01-02 17:29:46.579984,2026-01-02 17:29:54.372107,0 days 00:00:07.792123,relu,0.10927889024201896,41,0.09911087867984457,True,,none,3.102030112510293e-05,COMPLETE
306,160.733642578125,2026-01-02 17:29:54.380107,2026-01-02 17:30:02.214673,0 days 00:00:07.834566,relu,0.11240022902042952,44,0.06440150499787796,True,,none,3.961085375582567e-05,COMPLETE
307,159.20294189453125,2026-01-02 17:30:02.222671,2026-01-02 17:30:10.140314,0 days 00:00:07.917643,relu,0.10776879240301208,47,0.07930124215191485,True,,none,2.028745808676452e-05,COMPLETE
308,158.62057495117188,2026-01-02 17:30:10.149316,2026-01-02 17:30:18.001481,0 days 00:00:07.852165,relu,0.10000445415440477,39,0.0998114742189825,True,,none,2.87070907582719e-05,COMPLETE
309,190.82725524902344,2026-01-02 17:30:18.009481,2026-01-02 17:30:25.578560,0 days 00:00:07.569079,relu,0.12542369718699278,5,0.08572477708007871,True,,none,3.4139822306379435e-05,COMPLETE
310,159.42526245117188,2026-01-02 17:30:25.586559,2026-01-02 17:30:33.498228,0 days 00:00:07.911669,relu,0.11448324336514105,53,0.07036513073193369,True,,none,1.4719565999176837e-05,COMPLETE
311,159.99696350097656,2026-01-02 17:30:33.506228,2026-01-02 17:30:41.368375,0 days 00:00:07.862147,relu,0.10790298477029409,50,0.08633338407911689,True,,none,2.376763189994983e-05,COMPLETE
312,161.06341552734375,2026-01-02 17:30:41.376375,2026-01-02 17:30:49.630029,0 days 00:00:08.253654,gelu,0.11826825346892311,42,0.09997293311783627,True,,none,1.86075861454504e-05,COMPLETE
313,157.6818389892578,2026-01-02 17:30:49.636540,2026-01-02 17:30:57.518213,0 days 00:00:07.881673,relu,0.10810099803344242,46,0.07699344785080531,True,,none,0.00016955326783618034,COMPLETE
314,159.83193969726562,2026-01-02 17:30:57.526219,2026-01-02 17:31:05.365413,0 days 00:00:07.839194,relu,0.10741995519240369,48,0.06345138028000229,True,,none,0.0001686806048591871,COMPLETE
315,158.17953491210938,2026-01-02 17:31:05.373414,2026-01-02 17:31:13.342032,0 days 00:00:07.968618,relu,0.10047990302881486,55,0.07481060052049608,True,,none,2.6407556908522563e-05,COMPLETE
316,159.6227569580078,2026-01-02 17:31:13.350035,2026-01-02 17:31:21.255609,0 days 00:00:07.905574,relu,0.10832945020341776,51,0.057749497525769904,True,,none,0.00019132442771889138,COMPLETE
317,197.56767720540364,2026-01-02 17:31:21.264610,2026-01-02 17:31:28.921127,0 days 00:00:07.656517,relu,0.1288968692588566,46,0.0009943447328001687,False,,none,3.4110724603046046e-05,COMPLETE
318,162.66110229492188,2026-01-02 17:31:28.928131,2026-01-02 17:31:37.162310,0 days 00:00:08.234179,mish,0.11343859161477249,49,0.07350976385686676,True,,none,2.836880638668291e-05,COMPLETE
319,156.9934844970703,2026-01-02 17:31:37.172310,2026-01-02 17:31:45.158940,0 days 00:00:07.986630,relu,0.10701556481289183,53,0.08014298750336842,True,,none,2.19610631502198e-05,COMPLETE
320,192.53509521484375,2026-01-02 17:31:45.166940,2026-01-02 17:31:53.148525,0 days 00:00:07.981585,relu,0.10713259466004184,55,0.0005484796101736434,True,,none,0.00039622297648786523,COMPLETE
321,159.0492401123047,2026-01-02 17:31:53.156525,2026-01-02 17:32:01.055109,0 days 00:00:07.898584,relu,0.12392787422507902,52,0.08544384230690628,True,,none,1.0648211752459079e-05,COMPLETE
322,181.98959350585938,2026-01-02 17:32:01.063110,2026-01-02 17:32:08.645672,0 days 00:00:07.582562,relu,0.10043744140791025,14,0.09921929817216357,True,,minmax,0.00025209910348041807,COMPLETE
323,157.408203125,2026-01-02 17:32:08.653672,2026-01-02 17:32:16.590771,0 days 00:00:07.937099,relu,0.11824302999573981,54,0.08038913815695226,True,,none,3.8250479417611724e-05,COMPLETE
324,171.62509155273438,2026-01-02 17:32:16.599771,2026-01-02 17:32:24.226388,0 days 00:00:07.626617,relu,0.14080191284905952,17,0.06976753521682084,True,,none,4.032138847135118e-05,COMPLETE
325,166.34146118164062,2026-01-02 17:32:24.233392,2026-01-02 17:32:32.242544,0 days 00:00:08.009152,silu,0.12104838020595651,55,0.07887889374377094,True,,none,3.6927084336875734e-05,COMPLETE
326,159.637939453125,2026-01-02 17:32:32.251055,2026-01-02 17:32:40.037246,0 days 00:00:07.786191,relu,0.13602021905611364,49,0.06781748203223092,True,,none,4.2555364750140236e-05,COMPLETE
327,159.24679565429688,2026-01-02 17:32:40.045246,2026-01-02 17:32:47.991005,0 days 00:00:07.945759,relu,0.11634346489487277,51,0.05885252263698014,True,,none,3.119545402823658e-05,COMPLETE
328,158.83493041992188,2026-01-02 17:32:47.999004,2026-01-02 17:32:55.849569,0 days 00:00:07.850565,relu,0.12875849656881366,46,0.09988752750973734,True,,none,3.4942171086415914e-05,COMPLETE
329,157.6480255126953,2026-01-02 17:32:55.858079,2026-01-02 17:33:03.690717,0 days 00:00:07.832638,relu,0.10787814448897946,48,0.08070296537453929,True,,none,0.0002929434078516278,COMPLETE
330,159.2996826171875,2026-01-02 17:33:03.697717,2026-01-02 17:33:11.584304,0 days 00:00:07.886587,relu,0.11980287581986515,51,0.07883898061519443,True,,none,0.0002828807285274639,COMPLETE
331,157.8262176513672,2026-01-02 17:33:11.593302,2026-01-02 17:33:19.524430,0 days 00:00:07.931128,relu,0.10721644224623922,56,0.06449662164219558,True,,none,0.00036625561534227546,COMPLETE
332,182.42611694335938,2026-01-02 17:33:19.531430,2026-01-02 17:33:27.517565,0 days 00:00:07.986135,relu,0.11419066157471194,54,0.0025143097745698208,True,,none,0.00020284059921194488,COMPLETE
333,197.4739870876736,2026-01-02 17:33:27.525564,2026-01-02 17:33:35.233122,0 days 00:00:07.707558,relu,0.10050172192537858,56,0.000994097326940365,False,,none,0.00030224711088249715,COMPLETE
334,159.5357208251953,2026-01-02 17:33:35.242123,2026-01-02 17:33:43.198822,0 days 00:00:07.956699,relu,0.10019456998519913,57,0.060492342221485994,True,,none,0.000348888252993908,COMPLETE
335,161.16317749023438,2026-01-02 17:33:43.206821,2026-01-02 17:33:51.157369,0 days 00:00:07.950548,relu,0.12068365424434588,57,0.06796994998679086,True,,none,0.00040429162303960107,COMPLETE
336,159.76815795898438,2026-01-02 17:33:51.164879,2026-01-02 17:33:59.022486,0 days 00:00:07.857607,relu,0.11320433984977007,48,0.07728575852054646,True,,none,0.00047343770904288593,COMPLETE
337,161.03199768066406,2026-01-02 17:33:59.029486,2026-01-02 17:34:07.044595,0 days 00:00:08.015109,relu,0.1070347338850148,53,0.05451197839493015,True,,none,0.00031170554018688796,COMPLETE
338,160.1492156982422,2026-01-02 17:34:07.053605,2026-01-02 17:34:15.400806,0 days 00:00:08.347201,gelu,0.13069351716353325,42,0.07978990573532928,True,,none,0.00036170016628168526,COMPLETE
339,159.8875274658203,2026-01-02 17:34:15.408805,2026-01-02 17:34:23.510489,0 days 00:00:08.101684,relu,0.11272999630254592,48,0.0650694581266357,True,,none,0.0006074876695045601,COMPLETE
340,157.47715759277344,2026-01-02 17:34:23.518490,2026-01-02 17:34:31.392599,0 days 00:00:07.874109,relu,0.10018050462664879,45,0.08679960640433161,True,,none,9.158132899075934e-06,COMPLETE
341,158.62130737304688,2026-01-02 17:34:31.400599,2026-01-02 17:34:39.240720,0 days 00:00:07.840121,relu,0.10074816416164373,44,0.08743919339710007,True,,none,9.594271739562259e-06,COMPLETE
342,172.60714721679688,2026-01-02 17:34:39.248724,2026-01-02 17:34:47.096366,0 days 00:00:07.847642,relu,0.1235273549793365,39,0.08765766265774036,True,,minmax,0.0001387523267041221,COMPLETE
343,163.8429718017578,2026-01-02 17:34:47.104367,2026-01-02 17:34:55.341448,0 days 00:00:08.237081,mish,0.11550828382434991,46,0.09926329914604723,True,,none,1.2332438448183469e-05,COMPLETE
344,160.6731414794922,2026-01-02 17:34:55.349448,2026-01-02 17:35:03.144112,0 days 00:00:07.794664,relu,0.1072805289044855,42,0.07646788530089844,True,,none,1.4079056553901599e-05,COMPLETE
345,157.4940948486328,2026-01-02 17:35:03.152113,2026-01-02 17:35:10.981221,0 days 00:00:07.829108,relu,0.10654543031571741,45,0.0868806448394233,True,,none,0.00016355644502448797,COMPLETE
346,159.75198364257812,2026-01-02 17:35:10.989221,2026-01-02 17:35:18.873806,0 days 00:00:07.884585,relu,0.1231911946766676,44,0.07261303527753417,True,,none,0.00021517208789420292,COMPLETE
347,162.08572387695312,2026-01-02 17:35:18.882804,2026-01-02 17:35:26.706919,0 days 00:00:07.824115,relu,0.13376957673932044,41,0.08406590079303305,True,,none,0.00017472328604331848,COMPLETE
348,159.10794067382812,2026-01-02 17:35:26.713918,2026-01-02 17:35:34.469543,0 days 00:00:07.755625,relu,0.11418194133939007,37,0.07941614238005994,True,,none,8.9778664746413e-06,COMPLETE
349,167.2083740234375,2026-01-02 17:35:34.477051,2026-01-02 17:35:42.451209,0 days 00:00:07.974158,silu,0.10762848763258998,45,0.08663073946492791,True,,none,0.00014680211217719873,COMPLETE
350,205.92861938476562,2026-01-02 17:35:42.459216,2026-01-02 17:35:49.942757,0 days 00:00:07.483541,relu,0.36659521410050644,8,0.06761631544008843,True,,none,1.1628418212557478e-05,COMPLETE
351,158.3839874267578,2026-01-02 17:35:49.950757,2026-01-02 17:35:57.896967,0 days 00:00:07.946210,relu,0.12086663126543484,50,0.07605846476693474,True,,none,0.00022781907602399573,COMPLETE
352,197.7702014160156,2026-01-02 17:35:57.904963,2026-01-02 17:36:05.628024,0 days 00:00:07.723061,relu,0.11395422028025902,43,0.0009947944940001516,False,,none,1.5045410785992933e-05,COMPLETE
353,158.03408813476562,2026-01-02 17:36:05.638025,2026-01-02 17:36:13.595734,0 days 00:00:07.957709,relu,0.1453961056028895,48,0.08899928963620252,True,,none,6.322258693868443e-06,COMPLETE
354,159.117431640625,2026-01-02 17:36:13.604733,2026-01-02 17:36:21.468883,0 days 00:00:07.864150,relu,0.10654428240622023,45,0.09986369871600165,True,,none,1.063862572966611e-05,COMPLETE
355,178.75790405273438,2026-01-02 17:36:21.476881,2026-01-02 17:36:29.263491,0 days 00:00:07.786610,relu,0.45720502703837607,40,0.05879841358603253,True,,none,1.2675429855773089e-05,COMPLETE
356,158.30908203125,2026-01-02 17:36:29.272499,2026-01-02 17:36:37.185659,0 days 00:00:07.913160,relu,0.10053229245724889,51,0.07038464888802393,True,,none,8.447572186895218e-06,COMPLETE
357,160.067138671875,2026-01-02 17:36:37.192658,2026-01-02 17:36:45.134275,0 days 00:00:07.941617,relu,0.12696271420754668,47,0.08690120063603954,True,,none,0.00016527649993495504,COMPLETE
358,158.50479125976562,2026-01-02 17:36:45.142275,2026-01-02 17:36:52.935359,0 days 00:00:07.793084,relu,0.10000925207425575,42,0.07861064296262213,True,,none,0.00012034785894015916,COMPLETE
359,158.40342712402344,2026-01-02 17:36:52.943360,2026-01-02 17:37:00.807919,0 days 00:00:07.864559,relu,0.11527499475081722,52,0.08868549771637736,True,,none,1.6216377725867327e-05,COMPLETE
360,160.78622436523438,2026-01-02 17:37:00.815919,2026-01-02 17:37:08.746994,0 days 00:00:07.931075,relu,0.1096669370405075,46,0.07127586869435434,True,,none,2.0076992539676515e-05,COMPLETE
361,168.31179809570312,2026-01-02 17:37:08.754991,2026-01-02 17:37:16.608041,0 days 00:00:07.853050,relu,0.12126059122147653,49,0.0866242226562884,True,,minmax,1.7283919402629428e-05,COMPLETE
362,159.3333740234375,2026-01-02 17:37:16.616040,2026-01-02 17:37:25.033721,0 days 00:00:08.417681,gelu,0.10791572574999841,45,0.09954850366393707,True,,none,2.0736417233228428e-05,COMPLETE
363,161.12059020996094,2026-01-02 17:37:25.041722,2026-01-02 17:37:32.784806,0 days 00:00:07.743084,relu,0.11658760683976016,38,0.07858373774273135,True,,none,1.4287869676780227e-05,COMPLETE
364,159.27133178710938,2026-01-02 17:37:32.793317,2026-01-02 17:37:40.743896,0 days 00:00:07.950579,relu,0.13108392624739046,54,0.09978650893605812,True,,none,2.2675410814537542e-05,COMPLETE
365,160.8916778564453,2026-01-02 17:37:40.751896,2026-01-02 17:37:48.613997,0 days 00:00:07.862101,relu,0.10813346632497495,43,0.06293454885583764,True,,none,0.000248479665839811,COMPLETE
366,195.35894775390625,2026-01-02 17:37:48.620996,2026-01-02 17:37:56.470553,0 days 00:00:07.849557,relu,0.1240794469962641,50,0.0002772426336385967,True,,none,1.66373380847632e-05,COMPLETE
367,159.2881622314453,2026-01-02 17:37:56.478556,2026-01-02 17:38:04.276169,0 days 00:00:07.797613,relu,0.10015732067484413,46,0.071054491983977,True,,none,0.00010561323806741399,COMPLETE
368,158.3684844970703,2026-01-02 17:38:04.284173,2026-01-02 17:38:12.077310,0 days 00:00:07.793137,relu,0.11426770234069887,48,0.08636125253133732,True,,none,0.0005198900405301094,COMPLETE
369,181.56744384765625,2026-01-02 17:38:12.088317,2026-01-02 17:38:20.499516,0 days 00:00:08.411199,mish,0.10717929147824728,52,0.00493856353908359,True,,none,4.140634999807434e-05,COMPLETE
370,159.0226287841797,2026-01-02 17:38:20.506513,2026-01-02 17:38:28.329147,0 days 00:00:07.822634,relu,0.11868203335660005,43,0.07804498041538124,True,,none,1.3079247508438928e-05,COMPLETE
371,198.0148387993707,2026-01-02 17:38:28.336146,2026-01-02 17:38:35.959722,0 days 00:00:07.623576,relu,0.11268989989896852,40,0.0009950717181594067,False,,none,1.8427737502415967e-05,COMPLETE
372,173.76376342773438,2026-01-02 17:38:35.967723,2026-01-02 17:38:43.859893,0 days 00:00:07.892170,relu,0.10688108503908289,49,0.015581904532827769,True,,none,1.0683941949862046e-05,COMPLETE
373,171.76646423339844,2026-01-02 17:38:43.868895,2026-01-02 17:38:51.592420,0 days 00:00:07.723525,relu,0.2944492164337938,35,0.05181217253197519,True,,none,3.892627268372763e-05,COMPLETE
374,165.84585571289062,2026-01-02 17:38:51.601927,2026-01-02 17:38:59.667516,0 days 00:00:08.065589,silu,0.13221865502221988,59,0.08853831731797084,True,,none,7.669714655266818e-06,COMPLETE
375,166.78677368164062,2026-01-02 17:38:59.674514,2026-01-02 17:39:07.620141,0 days 00:00:07.945627,relu,0.3211586812207721,53,0.060355114843720116,True,,none,2.2262640758929078e-05,COMPLETE
376,169.69515991210938,2026-01-02 17:39:07.628139,2026-01-02 17:39:16.299859,0 days 00:00:08.671720,relu,0.10055739840175591,47,0.02274482107696172,True,,none,2.820410174768468e-05,COMPLETE
377,174.42404174804688,2026-01-02 17:39:16.307366,2026-01-02 17:39:23.826419,0 days 00:00:07.519053,relu,0.1234223044342023,11,0.09969578397108406,True,,none,1.569500193379035e-05,COMPLETE
378,159.67449951171875,2026-01-02 17:39:23.833420,2026-01-02 17:39:31.664967,0 days 00:00:07.831547,relu,0.11320100004051784,42,0.07013823906183571,True,,none,3.4422878579635805e-05,COMPLETE
379,160.7611541748047,2026-01-02 17:39:31.673967,2026-01-02 17:39:39.444062,0 days 00:00:07.770095,relu,0.1392238430040054,45,0.08308869167536335,True,,none,1.9118773685282577e-05,COMPLETE
380,157.16136169433594,2026-01-02 17:39:39.452063,2026-01-02 17:39:47.414171,0 days 00:00:07.962108,relu,0.10728297032211322,58,0.07854438496146646,True,,none,2.5989513796813266e-05,COMPLETE
381,166.19464111328125,2026-01-02 17:39:47.423171,2026-01-02 17:39:55.460788,0 days 00:00:08.037617,relu,0.10052026302640277,59,0.08891245270480785,True,,minmax,2.3968255267520468e-05,COMPLETE
382,157.96310424804688,2026-01-02 17:39:55.468790,2026-01-02 17:40:03.431950,0 days 00:00:07.963160,relu,0.10704579549867711,58,0.08812625290993154,True,,none,1.1927740363774173e-05,COMPLETE
383,158.52537536621094,2026-01-02 17:40:03.440950,2026-01-02 17:40:11.270520,0 days 00:00:07.829570,relu,0.1000562343903096,50,0.07651657480652405,True,,none,1.4121151735827427e-05,COMPLETE
384,184.57669067382812,2026-01-02 17:40:11.279521,2026-01-02 17:40:19.206650,0 days 00:00:07.927129,relu,0.1088079727439854,54,0.0015391646786278065,True,,none,4.61202859761397e-05,COMPLETE
385,160.2943878173828,2026-01-02 17:40:19.215159,2026-01-02 17:40:27.033256,0 days 00:00:07.818097,relu,0.1195433337424713,44,0.09957030881050237,True,,none,2.101974702641137e-05,COMPLETE
386,164.99172973632812,2026-01-02 17:40:27.042256,2026-01-02 17:40:35.430950,0 days 00:00:08.388694,gelu,0.11265507746896868,40,0.06623965717878261,True,,none,3.145824385243801e-05,COMPLETE
387,158.4564971923828,2026-01-02 17:40:35.438948,2026-01-02 17:40:43.350537,0 days 00:00:07.911589,relu,0.1277475617254277,57,0.08019782361268067,True,,none,2.482815270142333e-05,COMPLETE
388,157.83035278320312,2026-01-02 17:40:43.359537,2026-01-02 17:40:51.252670,0 days 00:00:07.893133,relu,0.10782445406615508,47,0.09949886507186849,True,,none,9.051405813827794e-06,COMPLETE
389,158.4682159423828,2026-01-02 17:40:51.261668,2026-01-02 17:40:59.177305,0 days 00:00:07.915637,relu,0.11617102267206442,55,0.08614621871715979,True,,none,9.775332635544997e-05,COMPLETE
390,159.3798828125,2026-01-02 17:40:59.186305,2026-01-02 17:41:07.083904,0 days 00:00:07.897599,relu,0.10866609567406761,50,0.06042045308339757,True,,none,3.7541836834650835e-05,COMPLETE
391,203.9705810546875,2026-01-02 17:41:07.090904,2026-01-02 17:41:14.945530,0 days 00:00:07.854626,relu,0.12141116879039562,42,0.00011641364220652757,True,,none,1.793886844530546e-05,COMPLETE
392,197.5684764268663,2026-01-02 17:41:14.954531,2026-01-02 17:41:22.611089,0 days 00:00:07.656558,relu,0.1003672588253211,47,0.000994168614244392,False,,none,2.8312153121472715e-05,COMPLETE
393,190.74415588378906,2026-01-02 17:41:22.618090,2026-01-02 17:41:30.111563,0 days 00:00:07.493473,relu,0.106929031819462,5,0.07140277075337562,True,,none,1.574105229097884e-05,COMPLETE
394,162.7855987548828,2026-01-02 17:41:30.118564,2026-01-02 17:41:38.458304,0 days 00:00:08.339740,mish,0.11491507690282976,52,0.08739759939350197,True,,none,2.1732812320323753e-05,COMPLETE
395,173.4156951904297,2026-01-02 17:41:38.465303,2026-01-02 17:41:46.352531,0 days 00:00:07.887228,relu,0.41602446783187536,44,0.07774383385237085,True,,none,0.00013378592384099034,COMPLETE
396,158.29833984375,2026-01-02 17:41:46.360530,2026-01-02 17:41:54.198309,0 days 00:00:07.837779,relu,0.1278258629669725,39,0.09971633282018402,True,,none,0.00018979330316310053,COMPLETE
397,159.84046936035156,2026-01-02 17:41:54.206309,2026-01-02 17:42:02.075938,0 days 00:00:07.869629,relu,0.10899829648411236,48,0.054731949456189505,True,,none,3.2172707298763134e-05,COMPLETE
398,159.66525268554688,2026-01-02 17:42:02.082939,2026-01-02 17:42:09.877608,0 days 00:00:07.794669,relu,0.10041396229861883,45,0.08858821525298556,True,,none,2.556263808010186e-05,COMPLETE
399,159.5327606201172,2026-01-02 17:42:09.885609,2026-01-02 17:42:17.870267,0 days 00:00:07.984658,relu,0.11944231449471036,55,0.06898281558350297,True,,none,4.235414113440762e-05,COMPLETE
400,158.40518188476562,2026-01-02 17:42:17.878266,2026-01-02 17:42:25.709931,0 days 00:00:07.831665,relu,0.11456029376245243,50,0.09984269538454038,True,,none,1.3299907548299262e-05,COMPLETE
401,174.34738159179688,2026-01-02 17:42:25.718939,2026-01-02 17:42:33.535237,0 days 00:00:07.816298,relu,0.12395467263401048,41,0.07835225465040697,True,,minmax,1.89456988936089e-05,COMPLETE
402,165.87611389160156,2026-01-02 17:42:33.544237,2026-01-02 17:42:41.493841,0 days 00:00:07.949604,silu,0.10662843212197128,47,0.08725563661867976,True,,none,3.080801485915639e-05,COMPLETE
403,160.74476623535156,2026-01-02 17:42:41.501841,2026-01-02 17:42:49.428978,0 days 00:00:07.927137,relu,0.13524231272655335,59,0.06437435757386407,True,,none,3.74203894658617e-05,COMPLETE
404,160.63272094726562,2026-01-02 17:42:49.438487,2026-01-02 17:42:57.203506,0 days 00:00:07.765019,relu,0.10036670380218536,44,0.07748688384139336,True,,none,0.0007325902182592404,COMPLETE
405,159.00918579101562,2026-01-02 17:42:57.212509,2026-01-02 17:43:05.022085,0 days 00:00:07.809576,relu,0.11507156520276995,37,0.08823739265600268,True,,none,1.0992282597524338e-05,COMPLETE
406,156.9622802734375,2026-01-02 17:43:05.030085,2026-01-02 17:43:12.855659,0 days 00:00:07.825574,relu,0.10865815868433204,52,0.09995796923318995,True,,none,2.1931691975928374e-05,COMPLETE
407,157.4039306640625,2026-01-02 17:43:12.863660,2026-01-02 17:43:20.938876,0 days 00:00:08.075216,relu,0.12250952232736026,54,0.08893015516831752,True,,none,2.1191630227045756e-05,COMPLETE
408,159.33323669433594,2026-01-02 17:43:20.946881,2026-01-02 17:43:28.874499,0 days 00:00:07.927618,relu,0.14383715092365706,57,0.08920950872113058,True,,none,2.3592511659394575e-05,COMPLETE
409,158.951904296875,2026-01-02 17:43:28.883498,2026-01-02 17:43:36.917668,0 days 00:00:08.034170,relu,0.12858676702933203,54,0.09926808564573784,True,,none,2.1391717997295654e-05,COMPLETE
410,197.64196363661023,2026-01-02 17:43:36.925669,2026-01-02 17:43:44.629302,0 days 00:00:07.703633,relu,0.13375609847781134,53,0.0009946762140986421,False,,none,2.7098923247581143e-05,COMPLETE
411,159.12313842773438,2026-01-02 17:43:44.637301,2026-01-02 17:43:52.620942,0 days 00:00:07.983641,relu,0.12188366254396744,59,0.07638818489774839,True,,none,1.957918857144511e-05,COMPLETE
412,162.02037048339844,2026-01-02 17:43:52.627942,2026-01-02 17:44:01.156686,0 days 00:00:08.528744,gelu,0.12616147430567698,56,0.08328783220664977,True,,none,6.892686405698483e-06,COMPLETE
413,158.0988311767578,2026-01-02 17:44:01.164687,2026-01-02 17:44:09.058262,0 days 00:00:07.893575,relu,0.11744517754248403,52,0.0997644736393448,True,,none,2.41444918715866e-05,COMPLETE
414,158.6343231201172,2026-01-02 17:44:09.068262,2026-01-02 17:44:16.970938,0 days 00:00:07.902676,relu,0.11344510409906289,51,0.07130722127597379,True,,none,2.1615304294685765e-05,COMPLETE
415,158.4427947998047,2026-01-02 17:44:16.978937,2026-01-02 17:44:24.974083,0 days 00:00:07.995146,relu,0.12389967305312716,54,0.087449936127983,True,,none,2.7958429175432862e-05,COMPLETE
416,159.2471160888672,2026-01-02 17:44:24.983082,2026-01-02 17:44:32.911191,0 days 00:00:07.928109,relu,0.11086357765607417,50,0.06431239453597666,True,,none,1.870932354164875e-05,COMPLETE
417,159.0214080810547,2026-01-02 17:44:32.919190,2026-01-02 17:44:40.830323,0 days 00:00:07.911133,relu,0.1334905247383709,58,0.08006520467393748,True,,none,2.436503092394069e-05,COMPLETE
418,163.94723510742188,2026-01-02 17:44:40.839328,2026-01-02 17:44:49.109955,0 days 00:00:08.270627,mish,0.1192595853966174,48,0.0882685299225532,True,,none,2.8301746491181084e-05,COMPLETE
419,158.54415893554688,2026-01-02 17:44:49.117955,2026-01-02 17:44:57.051558,0 days 00:00:07.933603,relu,0.1088046393005463,55,0.07115991666784272,True,,none,1.607007094102516e-05,COMPLETE
420,179.1051788330078,2026-01-02 17:44:57.060067,2026-01-02 17:45:04.966681,0 days 00:00:07.906614,relu,0.10904979118555082,51,0.0065313809397096745,True,,none,2.0806921514124164e-05,COMPLETE
421,160.75991821289062,2026-01-02 17:45:04.973682,2026-01-02 17:45:12.938836,0 days 00:00:07.965154,relu,0.12094677152821436,47,0.07998109984637343,True,,none,4.706118681136267e-06,COMPLETE
422,185.3349151611328,2026-01-02 17:45:12.946840,2026-01-02 17:45:20.813457,0 days 00:00:07.866617,relu,0.4990470732378376,53,0.0997253895793204,True,,minmax,3.303259809386158e-05,COMPLETE
423,169.3248291015625,2026-01-02 17:45:20.821457,2026-01-02 17:45:28.734607,0 days 00:00:07.913150,silu,0.11618376528947713,46,0.05579576807342066,True,,none,9.68109013991452e-06,COMPLETE
424,158.49281311035156,2026-01-02 17:45:28.742609,2026-01-02 17:45:36.668286,0 days 00:00:07.925677,relu,0.14028114564273927,60,0.09981492364387791,True,,none,2.370662504501014e-05,COMPLETE
425,158.1295166015625,2026-01-02 17:45:36.675286,2026-01-02 17:45:44.598900,0 days 00:00:07.923614,relu,0.12812556986685447,50,0.08569333535134963,True,,none,0.00026669008430837716,COMPLETE
426,158.81204223632812,2026-01-02 17:45:44.607898,2026-01-02 17:45:52.572040,0 days 00:00:07.964142,relu,0.10669164227803421,56,0.06976142504565062,True,,none,1.7236625170891007e-05,COMPLETE
427,158.66390991210938,2026-01-02 17:45:52.580040,2026-01-02 17:46:00.422678,0 days 00:00:07.842638,relu,0.11365180506102768,48,0.08713142296556795,True,,none,1.2963439486263479e-05,COMPLETE
428,159.20138549804688,2026-01-02 17:46:00.429677,2026-01-02 17:46:08.317288,0 days 00:00:07.887611,relu,0.10775042008178803,45,0.09995060889078028,True,,none,3.11003395698684e-05,COMPLETE
429,164.45416259765625,2026-01-02 17:46:08.325292,2026-01-02 17:46:16.001909,0 days 00:00:07.676617,relu,0.12221509292469794,19,0.08041454216952017,True,,none,0.00042720645913822604,COMPLETE
430,197.5410833062066,2026-01-02 17:46:16.009908,2026-01-02 17:46:23.700466,0 days 00:00:07.690558,relu,0.1003427893636039,52,0.0009943243997689057,False,,none,2.6317185641101594e-05,COMPLETE
431,161.17999267578125,2026-01-02 17:46:23.710468,2026-01-02 17:46:31.553060,0 days 00:00:07.842592,relu,0.11356847296322514,42,0.061761168465209605,True,,none,1.9667206209372264e-05,COMPLETE
432,160.20028686523438,2026-01-02 17:46:31.562060,2026-01-02 17:46:39.453655,0 days 00:00:07.891595,relu,0.10625310673887423,49,0.0757458741419772,True,,none,1.4531420153310354e-05,COMPLETE
433,161.54864501953125,2026-01-02 17:46:39.460656,2026-01-02 17:46:47.254212,0 days 00:00:07.793556,relu,0.12880444334323818,26,0.08756323669608616,True,,none,3.775945041070927e-05,COMPLETE
434,158.37680053710938,2026-01-02 17:46:47.262211,2026-01-02 17:46:55.074824,0 days 00:00:07.812613,relu,0.11893434560211814,45,0.09991122081828828,True,,none,2.2539063127242656e-05,COMPLETE
435,161.5361785888672,2026-01-02 17:46:55.082822,2026-01-02 17:47:02.843925,0 days 00:00:07.761103,relu,0.10007107318765585,33,0.06898042208173549,True,,none,2.862448971649754e-05,COMPLETE
436,159.35519409179688,2026-01-02 17:47:02.852925,2026-01-02 17:47:10.819014,0 days 00:00:07.966089,relu,0.14811010704849606,54,0.07896765596973453,True,,none,1.1823308500726411e-05,COMPLETE
437,164.1028289794922,2026-01-02 17:47:10.827014,2026-01-02 17:47:19.309210,0 days 00:00:08.482196,gelu,0.3474523448133832,58,0.08882809022823791,True,,none,1.706945904642525e-05,COMPLETE
438,160.001708984375,2026-01-02 17:47:19.317209,2026-01-02 17:47:27.213303,0 days 00:00:07.896094,relu,0.11193473546749393,49,0.06027726625692844,True,,none,3.508697531379019e-05,COMPLETE
439,169.20184326171875,2026-01-02 17:47:27.221308,2026-01-02 17:47:35.093909,0 days 00:00:07.872601,relu,0.1073906252010933,46,0.07704138502374307,True,,minmax,4.51719621322302e-05,COMPLETE
440,159.4505615234375,2026-01-02 17:47:35.102907,2026-01-02 17:47:42.970991,0 days 00:00:07.868084,relu,0.1367986159734634,43,0.08729735868536746,True,,none,2.5719686145416748e-05,COMPLETE
441,159.970703125,2026-01-02 17:47:42.980506,2026-01-02 17:47:50.931676,0 days 00:00:07.951170,relu,0.11966155834449767,52,0.0694912851988889,True,,none,2.071514802725888e-05,COMPLETE
442,173.2097930908203,2026-01-02 17:47:50.939678,2026-01-02 17:47:59.256892,0 days 00:00:08.317214,mish,0.3795775826391876,49,0.08840191786202213,True,,none,3.055989877702775e-05,COMPLETE
443,159.88186645507812,2026-01-02 17:47:59.265895,2026-01-02 17:48:07.141110,0 days 00:00:07.875215,relu,0.11390757909935598,41,0.07784054247976147,True,,none,1.3870486196584704e-05,COMPLETE
444,160.3889617919922,2026-01-02 17:48:07.149110,2026-01-02 17:48:15.133757,0 days 00:00:07.984647,relu,0.12697366448012687,61,0.04912503790886755,True,,none,1.7986435860308505e-05,COMPLETE
445,158.25953674316406,2026-01-02 17:48:15.142758,2026-01-02 17:48:23.043295,0 days 00:00:07.900537,relu,0.10601470294071007,56,0.08997022070584389,True,,none,8.073622028621433e-06,COMPLETE
446,159.66067504882812,2026-01-02 17:48:23.051296,2026-01-02 17:48:30.959450,0 days 00:00:07.908154,relu,0.10718122075454876,46,0.06818146508004633,True,,none,2.291336328902575e-05,COMPLETE
447,157.89108276367188,2026-01-02 17:48:30.967448,2026-01-02 17:48:38.908619,0 days 00:00:07.941171,relu,0.11855819068795434,51,0.08923107813690509,True,,none,3.3950444863663755e-05,COMPLETE
448,164.8710174560547,2026-01-02 17:48:38.916618,2026-01-02 17:48:46.904744,0 days 00:00:07.988126,silu,0.11377748231342708,39,0.07863566481297289,True,,none,0.00015716912481642892,COMPLETE
449,197.23778191460505,2026-01-02 17:48:46.912743,2026-01-02 17:48:54.641360,0 days 00:00:07.728617,relu,0.12517651855619216,43,0.000994231013285074,False,,none,2.5718475541328432e-05,COMPLETE
450,165.88186645507812,2026-01-02 17:48:54.649362,2026-01-02 17:49:02.389027,0 days 00:00:07.739665,relu,0.10686126017328815,22,0.06083433952804808,True,,none,1.005437026890869e-05,COMPLETE
451,158.5614776611328,2026-01-02 17:49:02.396029,2026-01-02 17:49:10.288670,0 days 00:00:07.892641,relu,0.11481902102515733,47,0.09957674512705933,True,,none,1.5975287060626316e-05,COMPLETE
452,177.1044921875,2026-01-02 17:49:10.297674,2026-01-02 17:49:18.285838,0 days 00:00:07.988164,relu,0.10581245346768993,53,0.009492775378402556,True,,none,2.0060985030592535e-05,COMPLETE
453,158.9055938720703,2026-01-02 17:49:18.293347,2026-01-02 17:49:26.163957,0 days 00:00:07.870610,relu,0.1331531663533804,49,0.09977024235073016,True,,none,2.810080318889649e-05,COMPLETE
454,159.06239318847656,2026-01-02 17:49:26.170957,2026-01-02 17:49:34.166614,0 days 00:00:07.995657,relu,0.10044467714693371,55,0.07622653280517053,True,,none,1.1485638233380368e-05,COMPLETE
455,159.57077026367188,2026-01-02 17:49:34.173614,2026-01-02 17:49:41.959722,0 days 00:00:07.786108,relu,0.12222841589917785,45,0.09993209196642323,True,,none,1.4835239349047138e-05,COMPLETE
456,187.98245239257812,2026-01-02 17:49:41.966724,2026-01-02 17:49:49.541344,0 days 00:00:07.574620,relu,0.11388408093422318,7,0.06882526462166354,True,,none,4.177521160124021e-05,COMPLETE
457,158.78231811523438,2026-01-02 17:49:49.549341,2026-01-02 17:49:57.577999,0 days 00:00:08.028658,relu,0.10879942774818485,59,0.08208538866759858,True,,none,3.0393033312019618e-05,COMPLETE
458,160.29208374023438,2026-01-02 17:49:57.586004,2026-01-02 17:50:05.566696,0 days 00:00:07.980692,relu,0.12005864609611588,51,0.08508089094613368,True,,none,0.00031874768340352515,COMPLETE
459,176.4826202392578,2026-01-02 17:50:05.574696,2026-01-02 17:50:13.405306,0 days 00:00:07.830610,relu,0.10613199474559551,41,0.054630244994458774,True,,minmax,2.2672550692124736e-05,COMPLETE
460,182.184814453125,2026-01-02 17:50:13.413306,2026-01-02 17:50:21.853005,0 days 00:00:08.439699,gelu,0.10048896291946458,47,0.0021197132440941404,True,,none,1.837834349446027e-05,COMPLETE
461,159.7962188720703,2026-01-02 17:50:21.861005,2026-01-02 17:50:29.679098,0 days 00:00:07.818093,relu,0.10013202346252476,44,0.07147364984957114,True,,none,3.802550830838998e-05,COMPLETE
462,157.44589233398438,2026-01-02 17:50:29.686101,2026-01-02 17:50:37.593742,0 days 00:00:07.907641,relu,0.12817525923401368,54,0.08802527979143475,True,,none,2.3951879236125765e-05,COMPLETE
463,159.3771514892578,2026-01-02 17:50:37.603250,2026-01-02 17:50:45.552852,0 days 00:00:07.949602,relu,0.13667270983750293,57,0.0892392082623286,True,,none,2.588060458308446e-05,COMPLETE
464,158.01278686523438,2026-01-02 17:50:45.562852,2026-01-02 17:50:53.505426,0 days 00:00:07.942574,relu,0.12941908910219183,61,0.08973898917531553,True,,none,2.2930477778815875e-05,COMPLETE
465,158.03707885742188,2026-01-02 17:50:53.513426,2026-01-02 17:51:01.486029,0 days 00:00:07.972603,relu,0.12769042172767847,54,0.09993759825707044,True,,none,2.011840317874609e-05,COMPLETE
466,159.17318725585938,2026-01-02 17:51:01.495036,2026-01-02 17:51:09.464208,0 days 00:00:07.969172,relu,0.12071839311377228,55,0.08745990613079989,True,,none,3.0092367594262696e-05,COMPLETE
467,159.90985107421875,2026-01-02 17:51:09.473208,2026-01-02 17:51:17.433832,0 days 00:00:07.960624,relu,0.14259466472828763,52,0.07788915111947006,True,,none,2.5315697602409657e-05,COMPLETE
468,197.5544443088108,2026-01-02 17:51:17.442833,2026-01-02 17:51:25.748011,0 days 00:00:08.305178,mish,0.11421336932845667,58,0.0009933580545245179,False,,none,3.4205354388909334e-05,COMPLETE
469,159.83218383789062,2026-01-02 17:51:25.756011,2026-01-02 17:51:33.688201,0 days 00:00:07.932190,relu,0.12491690096620447,50,0.06264122103359128,True,,none,1.7534825392813103e-05,COMPLETE
470,157.29196166992188,2026-01-02 17:51:33.696208,2026-01-02 17:51:41.619333,0 days 00:00:07.923125,relu,0.11323206228703367,54,0.08859066720015808,True,,none,2.1447200154031505e-05,COMPLETE
471,157.84678649902344,2026-01-02 17:51:41.629333,2026-01-02 17:51:49.562975,0 days 00:00:07.933642,relu,0.13437007387825883,60,0.09924488775201686,True,,none,2.022704310763495e-05,COMPLETE
472,157.86729431152344,2026-01-02 17:51:49.570973,2026-01-02 17:51:57.478622,0 days 00:00:07.907649,relu,0.11690321560294216,56,0.0784338264604622,True,,none,1.3404914366915422e-05,COMPLETE
473,167.8262939453125,2026-01-02 17:51:57.486623,2026-01-02 17:52:05.487324,0 days 00:00:08.000701,silu,0.12460390961223372,64,0.06911934062867459,True,,none,1.5435411831903626e-05,COMPLETE
474,159.12435913085938,2026-01-02 17:52:05.495323,2026-01-02 17:52:13.397387,0 days 00:00:07.902064,relu,0.11302535385178343,53,0.08806724354247576,True,,none,2.7631384934274306e-05,COMPLETE
475,157.52975463867188,2026-01-02 17:52:13.406391,2026-01-02 17:52:21.448495,0 days 00:00:08.042104,relu,0.11862985652424417,57,0.08920778939065654,True,,none,2.2315545169238196e-05,COMPLETE
476,159.67892456054688,2026-01-02 17:52:21.456496,2026-01-02 17:52:29.478645,0 days 00:00:08.022149,relu,0.14785584824471315,59,0.08013032560735568,True,,none,1.8572686440726568e-05,COMPLETE
477,159.5321807861328,2026-01-02 17:52:29.486645,2026-01-02 17:52:37.423330,0 days 00:00:07.936685,relu,0.1323667628643159,58,0.06487719829705801,True,,none,2.244883639572968e-05,COMPLETE
478,159.0850067138672,2026-01-02 17:52:37.433329,2026-01-02 17:52:45.321425,0 days 00:00:07.888096,relu,0.12342665623435296,56,0.0732917203361176,True,,none,1.6620121174221953e-05,COMPLETE
479,169.7508544921875,2026-01-02 17:52:45.329426,2026-01-02 17:52:53.206521,0 days 00:00:07.877095,relu,0.13798051256773963,61,0.08761735005193946,True,,minmax,2.1002939450079073e-05,COMPLETE
480,157.7295684814453,2026-01-02 17:52:53.213522,2026-01-02 17:53:01.179127,0 days 00:00:07.965605,relu,0.11888375560239303,53,0.09983316576124666,True,,none,2.4293133411393318e-05,COMPLETE
481,163.1675262451172,2026-01-02 17:53:01.187126,2026-01-02 17:53:08.998754,0 days 00:00:07.811628,relu,0.12557770849464647,30,0.08131508205935244,True,,none,1.887097506534987e-05,COMPLETE
482,160.12466430664062,2026-01-02 17:53:09.006755,2026-01-02 17:53:17.028365,0 days 00:00:08.021610,relu,0.11432946708706994,55,0.07024125418630343,True,,none,1.2297911680798386e-05,COMPLETE
483,158.02944946289062,2026-01-02 17:53:17.037365,2026-01-02 17:53:24.946028,0 days 00:00:07.908663,relu,0.11808167926093409,62,0.08834356089815053,True,,none,2.1088347513038967e-05,COMPLETE
484,161.9291534423828,2026-01-02 17:53:24.954027,2026-01-02 17:53:32.957688,0 days 00:00:08.003661,relu,0.13066693647991856,57,0.0604460228460844,True,,none,2.578304413002975e-05,COMPLETE
485,191.44845581054688,2026-01-02 17:53:32.993687,2026-01-02 17:53:40.636277,0 days 00:00:07.642590,relu,0.11114663957032865,14,0.003379086597269277,True,,none,1.679269245595975e-05,COMPLETE
486,158.2146759033203,2026-01-02 17:53:40.644277,2026-01-02 17:53:48.548367,0 days 00:00:07.904090,relu,0.1204051366857371,52,0.07794494481389147,True,,none,1.4234262652100865e-05,COMPLETE
487,160.75006103515625,2026-01-02 17:53:48.556367,2026-01-02 17:53:57.059024,0 days 00:00:08.502657,gelu,0.10821653660112457,54,0.08917539259410684,True,,none,2.240492508754777e-05,COMPLETE
488,198.21995958116318,2026-01-02 17:53:57.068530,2026-01-02 17:54:04.830152,0 days 00:00:07.761622,relu,0.2793748658849879,50,0.0009938285340766462,False,,none,1.0938085160516587e-05,COMPLETE
489,159.00460815429688,2026-01-02 17:54:04.838663,2026-01-02 17:54:12.824270,0 days 00:00:07.985607,relu,0.1274309653699519,58,0.07125935123611744,True,,none,2.826710808363254e-05,COMPLETE
490,156.951171875,2026-01-02 17:54:12.832772,2026-01-02 17:54:20.683336,0 days 00:00:07.850564,relu,0.11345261958220373,49,0.09927516211930203,True,,none,8.68593701654147e-06,COMPLETE
491,158.47116088867188,2026-01-02 17:54:20.691338,2026-01-02 17:54:28.676498,0 days 00:00:07.985160,relu,0.1368432042768694,52,0.08996957745712306,True,,none,8.841714770270824e-06,COMPLETE
492,163.78627014160156,2026-01-02 17:54:28.683499,2026-01-02 17:54:37.008195,0 days 00:00:08.324696,mish,0.11663859728776663,56,0.08908467668837325,True,,none,7.174950601868839e-06,COMPLETE
493,168.62954711914062,2026-01-02 17:54:37.017196,2026-01-02 17:54:44.637797,0 days 00:00:07.620601,relu,0.1266657356519595,16,0.08928616405541753,True,,none,7.71878303105299e-06,COMPLETE
494,158.10452270507812,2026-01-02 17:54:44.644796,2026-01-02 17:54:52.600980,0 days 00:00:07.956184,relu,0.11309129528692967,50,0.09836188265774604,True,,none,1.0260302016628027e-05,COMPLETE
495,173.57681274414062,2026-01-02 17:54:52.608981,2026-01-02 17:55:00.536683,0 days 00:00:07.927702,relu,0.477152586189144,54,0.09888023487787224,True,,none,1.245570400784976e-05,COMPLETE
496,157.73585510253906,2026-01-02 17:55:00.545192,2026-01-02 17:55:08.523332,0 days 00:00:07.978140,relu,0.10726201240321075,64,0.07718583540243021,True,,none,1.0394108549781752e-05,COMPLETE
497,157.4833984375,2026-01-02 17:55:08.532337,2026-01-02 17:55:16.332855,0 days 00:00:07.800518,relu,0.10031649678066978,48,0.07931943223308768,True,,none,8.566402631473312e-06,COMPLETE
498,179.73001098632812,2026-01-02 17:55:16.339855,2026-01-02 17:55:24.208973,0 days 00:00:07.869118,silu,0.10030852865724843,47,0.09955411461456472,True,,minmax,6.28582151877769e-06,COMPLETE
499,167.8787078857422,2026-01-02 17:55:24.215973,2026-01-02 17:55:32.061645,0 days 00:00:07.845672,relu,0.33671264153820807,48,0.0656228378632205,True,,none,8.929718170660316e-06,COMPLETE
500,160.84536743164062,2026-01-02 17:55:32.068643,2026-01-02 17:55:39.982801,0 days 00:00:07.914158,relu,0.10038991597040699,51,0.07728920684339674,True,,none,6.2544592871993266e-06,COMPLETE
501,161.7345733642578,2026-01-02 17:55:39.990802,2026-01-02 17:55:47.838868,0 days 00:00:07.848066,relu,0.10772419933815996,48,0.04612487930504815,True,,none,7.836922690623148e-06,COMPLETE
502,202.9027862548828,2026-01-02 17:55:47.847376,2026-01-02 17:55:55.723044,0 days 00:00:07.875668,relu,0.44578386175848617,49,0.000642096103507701,True,,none,8.138020607559266e-06,COMPLETE
503,160.11233520507812,2026-01-02 17:55:55.730044,2026-01-02 17:56:03.581171,0 days 00:00:07.851127,relu,0.11215100782348014,45,0.05373147278021614,True,,none,1.1268578210664921e-05,COMPLETE
504,164.70675659179688,2026-01-02 17:56:03.589170,2026-01-02 17:56:11.498762,0 days 00:00:07.909592,relu,0.10731887230844073,51,0.02683080137875636,True,,none,1.3607759434394228e-05,COMPLETE
505,159.83670043945312,2026-01-02 17:56:11.506762,2026-01-02 17:56:19.418868,0 days 00:00:07.912106,relu,0.10086370932733872,43,0.07965118353728945,True,,none,8.938477458156153e-06,COMPLETE
506,160.53823852539062,2026-01-02 17:56:19.426867,2026-01-02 17:56:27.307042,0 days 00:00:07.880175,relu,0.11303622911755173,47,0.06622355080058213,True,,none,9.992471113519725e-06,COMPLETE
507,197.70834343804253,2026-01-02 17:56:27.314043,2026-01-02 17:56:35.070640,0 days 00:00:07.756597,relu,0.12053479991809381,53,0.0009937691322657281,False,,none,8.461827360957634e-06,COMPLETE
508,158.16502380371094,2026-01-02 17:56:35.114642,2026-01-02 17:56:43.135794,0 days 00:00:08.021152,relu,0.10048819060771234,49,0.07975370829201803,True,,none,9.837750282896364e-06,COMPLETE
509,156.80657958984375,2026-01-02 17:56:43.142800,2026-01-02 17:56:51.015013,0 days 00:00:07.872213,relu,0.11245024963822717,45,0.09945249878281079,True,,none,5.673339713048733e-06,COMPLETE
510,160.2574005126953,2026-01-02 17:56:51.023013,2026-01-02 17:56:59.365175,0 days 00:00:08.342162,gelu,0.1294861765806888,38,0.09921719013961273,True,,none,4.554667776075223e-05,COMPLETE
511,157.77597045898438,2026-01-02 17:56:59.373175,2026-01-02 17:57:07.327745,0 days 00:00:07.954570,relu,0.1201418600952742,51,0.08837206553709946,True,,none,7.334567484864434e-06,COMPLETE
512,194.3424072265625,2026-01-02 17:57:07.334746,2026-01-02 17:57:15.166384,0 days 00:00:07.831638,relu,0.1136179839386897,42,0.0003757917454596883,True,,none,5.359887834828975e-06,COMPLETE
513,159.03858947753906,2026-01-02 17:57:15.174381,2026-01-02 17:57:23.061552,0 days 00:00:07.887171,relu,0.14355850728220418,46,0.09850370671911711,True,,none,3.5027903967914613e-06,COMPLETE
514,180.26467895507812,2026-01-02 17:57:23.069554,2026-01-02 17:57:31.017180,0 days 00:00:07.947626,relu,0.11213818768804931,53,0.005003450228837568,True,,none,5.151450973835799e-06,COMPLETE
515,181.2357635498047,2026-01-02 17:57:31.026182,2026-01-02 17:57:38.531744,0 days 00:00:07.505562,relu,0.12248986939433297,9,0.09936314564634623,True,,none,4.7554664096862196e-06,COMPLETE
516,160.57949829101562,2026-01-02 17:57:38.539752,2026-01-02 17:57:46.419363,0 days 00:00:07.879611,relu,0.13170441596359678,49,0.073719501569513,True,,none,4.213959900163627e-06,COMPLETE
517,167.76950073242188,2026-01-02 17:57:46.428362,2026-01-02 17:57:54.415480,0 days 00:00:07.987118,relu,0.10744453614812857,55,0.08238695530777307,True,,minmax,3.987435728255423e-05,COMPLETE
518,167.70730590820312,2026-01-02 17:57:54.424481,2026-01-02 17:58:02.687575,0 days 00:00:08.263094,mish,0.11676386123811755,44,0.05862819378553846,True,,none,1.525760547763047e-05,COMPLETE
519,158.79620361328125,2026-01-02 17:58:02.695573,2026-01-02 17:58:10.471625,0 days 00:00:07.776052,relu,0.10647620171982793,40,0.09937868347106536,True,,none,3.535201048115693e-05,COMPLETE
520,159.3767852783203,2026-01-02 17:58:10.479625,2026-01-02 17:58:18.454713,0 days 00:00:07.975088,relu,0.10034386148697812,47,0.0729687119102365,True,,none,4.316076536545937e-05,COMPLETE
521,159.2847442626953,2026-01-02 17:58:18.462714,2026-01-02 17:58:26.383321,0 days 00:00:07.920607,relu,0.12080670984448941,50,0.09992885278788455,True,,none,6.2318962763853475e-06,COMPLETE
522,156.945556640625,2026-01-02 17:58:26.391321,2026-01-02 17:58:34.315419,0 days 00:00:07.924098,relu,0.11191574634266191,53,0.08507504728733042,True,,none,1.2283845042850168e-05,COMPLETE
523,160.1287078857422,2026-01-02 17:58:34.324418,2026-01-02 17:58:42.037991,0 days 00:00:07.713573,relu,0.11379293292884941,28,0.08593241983466951,True,,none,1.2962626395374093e-05,COMPLETE
524,163.5888214111328,2026-01-02 17:58:42.045993,2026-01-02 17:58:50.132128,0 days 00:00:08.086135,silu,0.10649569013136785,59,0.08649970337213209,True,,none,1.1715379061041288e-05,COMPLETE
525,175.05508422851562,2026-01-02 17:58:50.139127,2026-01-02 17:58:57.675723,0 days 00:00:07.536596,relu,0.11136719649740685,12,0.07022497378280937,True,,none,1.1706807230611554e-05,COMPLETE
526,158.38003540039062,2026-01-02 17:58:57.682723,2026-01-02 17:59:05.515888,0 days 00:00:07.833165,relu,0.1068443365614833,43,0.09996110481346725,True,,none,2.991345553827784e-06,COMPLETE
527,197.4656477186415,2026-01-02 17:59:05.523889,2026-01-02 17:59:13.340536,0 days 00:00:07.816647,relu,0.10017844828891885,54,0.0009944005059893241,False,,none,1.4837403435648102e-05,COMPLETE
528,158.74929809570312,2026-01-02 17:59:13.349537,2026-01-02 17:59:21.247166,0 days 00:00:07.897629,relu,0.11456176808509458,47,0.08422636226588258,True,,none,6.0782058082701565e-06,COMPLETE
529,158.86502075195312,2026-01-02 17:59:21.256165,2026-01-02 17:59:29.244861,0 days 00:00:07.988696,relu,0.12515221987280534,51,0.07871251853951872,True,,none,7.185936087972592e-06,COMPLETE
530,161.0481719970703,2026-01-02 17:59:29.253863,2026-01-02 17:59:37.151949,0 days 00:00:07.898086,relu,0.11274537063527182,45,0.06457059745878485,True,,none,8.866912903529712e-06,COMPLETE
531,157.2943115234375,2026-01-02 17:59:37.159947,2026-01-02 17:59:45.057087,0 days 00:00:07.897140,relu,0.10733356566776696,41,0.08611947525782565,True,,none,1.8457263199238123e-05,COMPLETE
532,159.46856689453125,2026-01-02 17:59:45.066093,2026-01-02 17:59:52.878143,0 days 00:00:07.812050,relu,0.12818109125117913,39,0.08890766079049171,True,,none,1.6962206298416045e-05,COMPLETE
533,160.4124298095703,2026-01-02 17:59:52.886654,2026-01-02 18:00:00.673238,0 days 00:00:07.786584,relu,0.11938590093885698,36,0.08726842843647305,True,,none,1.791457558565479e-05,COMPLETE
534,161.04898071289062,2026-01-02 18:00:00.681741,2026-01-02 18:00:08.568337,0 days 00:00:07.886596,relu,0.13563058009900322,39,0.08896777228828226,True,,none,1.887098150281297e-05,COMPLETE
535,162.63780212402344,2026-01-02 18:00:08.576337,2026-01-02 18:00:16.789520,0 days 00:00:08.213183,gelu,0.11850803923397622,24,0.07159995030004326,True,,none,1.9738599580276568e-05,COMPLETE
536,169.4091339111328,2026-01-02 18:00:16.798521,2026-01-02 18:00:24.654130,0 days 00:00:07.855609,relu,0.3574804579292402,34,0.0997746460931367,True,,none,1.4807710776207387e-05,COMPLETE
537,170.70245361328125,2026-01-02 18:00:24.664130,2026-01-02 18:00:32.489729,0 days 00:00:07.825599,relu,0.11015168950204059,42,0.0878550462946926,True,,minmax,1.369958757521655e-05,COMPLETE
538,161.23583984375,2026-01-02 18:00:32.497729,2026-01-02 18:00:40.339315,0 days 00:00:07.841586,relu,0.12435934267285363,42,0.07542729787528996,True,,none,1.5922897759362904e-05,COMPLETE
539,159.9754180908203,2026-01-02 18:00:40.347312,2026-01-02 18:00:48.438039,0 days 00:00:08.090727,relu,0.10741363808673325,36,0.08752688801363785,True,,none,2.3653839363518244e-05,COMPLETE
540,163.49838256835938,2026-01-02 18:00:48.818090,2026-01-02 18:00:56.823202,0 days 00:00:08.005112,relu,0.11255513250145993,41,0.06493913821469971,True,,none,1.677532474805571e-05,COMPLETE
541,157.6338348388672,2026-01-02 18:00:56.831207,2026-01-02 18:01:04.855896,0 days 00:00:08.024689,relu,0.11975625835857862,60,0.07952866518734825,True,,none,2.64644212203652e-05,COMPLETE
542,161.16824340820312,2026-01-02 18:01:04.862896,2026-01-02 18:01:13.253590,0 days 00:00:08.390694,mish,0.10717858831602592,54,0.09907935462427771,True,,none,1.9330761077893974e-05,COMPLETE
543,159.43118286132812,2026-01-02 18:01:13.264591,2026-01-02 18:01:21.166193,0 days 00:00:07.901602,relu,0.12958675844489156,44,0.07421797583926194,True,,none,3.041019372063217e-05,COMPLETE
544,155.69955444335938,2026-01-02 18:01:21.174197,2026-01-02 18:01:29.171810,0 days 00:00:07.997613,relu,0.10005196832770014,57,0.08823231872915589,True,,none,1.300742953658083e-05,COMPLETE
545,160.6850128173828,2026-01-02 18:01:29.180812,2026-01-02 18:01:37.197409,0 days 00:00:08.016597,relu,0.11490827976003118,59,0.0586372690833864,True,,none,1.2519201337471441e-05,COMPLETE
546,158.37704467773438,2026-01-02 18:01:37.204408,2026-01-02 18:01:45.285528,0 days 00:00:08.081120,relu,0.10622799657667659,57,0.0677117802865698,True,,none,1.4053066365643383e-05,COMPLETE
547,157.3656005859375,2026-01-02 18:01:45.293528,2026-01-02 18:01:53.220128,0 days 00:00:07.926600,relu,0.10099244305977455,61,0.08036780540397899,True,,none,1.1199013995950378e-05,COMPLETE
548,197.15657836914065,2026-01-02 18:01:53.229128,2026-01-02 18:02:00.948144,0 days 00:00:07.719016,relu,0.10018812703616681,64,0.0009947258977033625,False,,none,1.197605051886124e-05,COMPLETE
549,167.74081420898438,2026-01-02 18:02:00.956652,2026-01-02 18:02:08.912210,0 days 00:00:07.955558,silu,0.12118909113769455,60,0.07815466781379943,True,,none,1.3022445245073371e-05,COMPLETE
550,159.09573364257812,2026-01-02 18:02:08.920211,2026-01-02 18:02:16.866857,0 days 00:00:07.946646,relu,0.11358513392328032,62,0.05742522627216018,True,,none,1.5105492585826332e-05,COMPLETE
551,159.9852294921875,2026-01-02 18:02:16.873857,2026-01-02 18:02:24.884511,0 days 00:00:08.010654,relu,0.1382984613831334,57,0.06828307559463098,True,,none,1.132429279188632e-05,COMPLETE
552,157.10531616210938,2026-01-02 18:02:24.893511,2026-01-02 18:02:32.792109,0 days 00:00:07.898598,relu,0.1273128855240439,64,0.0813217298098957,True,,none,1.715039424825651e-05,COMPLETE
553,164.8032684326172,2026-01-02 18:02:32.799109,2026-01-02 18:02:40.701228,0 days 00:00:07.902119,relu,0.26577936248980294,64,0.05123944471989246,True,,none,1.5689718860843148e-05,COMPLETE
554,158.58932495117188,2026-01-02 18:02:40.709226,2026-01-02 18:02:48.642911,0 days 00:00:07.933685,relu,0.10780133599264329,61,0.06870988761289663,True,,none,1.3086636395676133e-05,COMPLETE
555,157.46560668945312,2026-01-02 18:02:48.651913,2026-01-02 18:02:56.635533,0 days 00:00:07.983620,relu,0.1153072075506496,64,0.09991766594616024,True,,none,1.062313380750333e-05,COMPLETE
556,157.6525115966797,2026-01-02 18:02:56.644536,2026-01-02 18:03:04.599174,0 days 00:00:07.954638,relu,0.12038518587241787,64,0.07925874873278561,True,,none,1.7847383493251688e-05,COMPLETE
557,159.42941284179688,2026-01-02 18:03:04.606174,2026-01-02 18:03:12.597842,0 days 00:00:07.991668,relu,0.10746073379546985,60,0.06264550469315348,True,,none,1.6710134721233194e-05,COMPLETE
558,158.09750366210938,2026-01-02 18:03:12.605842,2026-01-02 18:03:20.582962,0 days 00:00:07.977120,relu,0.10022635553926339,59,0.08082989914236563,True,,none,1.3926023135729906e-05,COMPLETE
559,177.15402221679688,2026-01-02 18:03:20.590962,2026-01-02 18:03:28.514598,0 days 00:00:07.923636,relu,0.3019909399783059,62,0.0871722957340863,True,,minmax,1.4895091679332878e-05,COMPLETE
560,160.8961639404297,2026-01-02 18:03:28.522600,2026-01-02 18:03:37.104822,0 days 00:00:08.582222,gelu,0.12694285350352003,58,0.07284150422433221,True,,none,1.9401992589788936e-05,COMPLETE
561,156.2997283935547,2026-01-02 18:03:37.113822,2026-01-02 18:03:45.075426,0 days 00:00:07.961604,relu,0.11380131417888274,61,0.09958070114718082,True,,none,1.2720149767289518e-05,COMPLETE
562,158.14553833007812,2026-01-02 18:03:45.084426,2026-01-02 18:03:53.062525,0 days 00:00:07.978099,relu,0.1115096331975116,61,0.09997993490823726,True,,none,1.1606296404456443e-05,COMPLETE
563,157.48605346679688,2026-01-02 18:03:53.071032,2026-01-02 18:04:01.021604,0 days 00:00:07.950572,relu,0.10749317877135335,61,0.087020013491266,True,,none,1.30954321750719e-05,COMPLETE
564,170.35552978515625,2026-01-02 18:04:01.029604,2026-01-02 18:04:09.004219,0 days 00:00:07.974615,relu,0.3999444847028039,61,0.07711387428560507,True,,none,1.0904722500106205e-05,COMPLETE
565,156.6653289794922,2026-01-02 18:04:09.012218,2026-01-02 18:04:16.919300,0 days 00:00:07.907082,relu,0.11874237019180675,64,0.0883949484746259,True,,none,1.2625679023646381e-05,COMPLETE
566,157.38075256347656,2026-01-02 18:04:16.927302,2026-01-02 18:04:24.962855,0 days 00:00:08.035553,relu,0.10000379771054799,64,0.08660071597868554,True,,none,1.2352613421053339e-05,COMPLETE
567,156.59190368652344,2026-01-02 18:04:24.971358,2026-01-02 18:04:32.926985,0 days 00:00:07.955627,relu,0.10581063302190656,63,0.09944801880489584,True,,none,1.0448631061228037e-05,COMPLETE
568,197.48948655870225,2026-01-02 18:04:32.935984,2026-01-02 18:04:41.264342,0 days 00:00:08.328358,relu,0.10064622488287507,63,0.000994895089662904,False,,none,1.0718567763574151e-05,COMPLETE
569,197.3370819091797,2026-01-02 18:04:41.277855,2026-01-02 18:04:49.860098,0 days 00:00:08.582243,mish,0.10038606921017136,64,0.00012935949088021384,True,,none,1.0325829506182608e-05,COMPLETE
570,169.31068420410156,2026-01-02 18:04:49.867098,2026-01-02 18:04:57.805770,0 days 00:00:07.938672,relu,0.100052047495403,62,0.019623413544764982,True,,none,1.2397675751558871e-05,COMPLETE
571,157.6465606689453,2026-01-02 18:04:57.813769,2026-01-02 18:05:05.825451,0 days 00:00:08.011682,relu,0.10792501375517949,62,0.08891543304183393,True,,none,9.930728349327776e-06,COMPLETE
572,162.4328155517578,2026-01-02 18:05:05.833451,2026-01-02 18:05:13.803157,0 days 00:00:07.969706,relu,0.10826917705332657,59,0.0350927105333578,True,,none,1.1903437644596223e-05,COMPLETE
573,157.30328369140625,2026-01-02 18:05:13.811157,2026-01-02 18:05:21.820283,0 days 00:00:08.009126,relu,0.10741120063184764,63,0.0995368931226059,True,,none,1.028097910833906e-05,COMPLETE
574,157.4833984375,2026-01-02 18:05:21.829284,2026-01-02 18:05:29.804911,0 days 00:00:07.975627,relu,0.11315223474478715,64,0.09821247852971982,True,,none,9.761357302223522e-06,COMPLETE
575,158.96434020996094,2026-01-02 18:05:29.813913,2026-01-02 18:05:37.692026,0 days 00:00:07.878113,relu,0.11468633826081634,64,0.0886817124648138,True,,none,1.1546965070239581e-05,COMPLETE
576,165.770751953125,2026-01-02 18:05:37.701021,2026-01-02 18:05:45.731674,0 days 00:00:08.030653,silu,0.10763384514042802,60,0.09952873571209535,True,,none,9.565055282747537e-06,COMPLETE
577,157.49313354492188,2026-01-02 18:05:45.739673,2026-01-02 18:05:53.739258,0 days 00:00:07.999585,relu,0.11798001011921108,59,0.07261443293622169,True,,none,1.3592426905644408e-05,COMPLETE
578,180.58924865722656,2026-01-02 18:05:53.746260,2026-01-02 18:06:01.720911,0 days 00:00:07.974651,relu,0.10754964840073686,64,0.013424899219599088,True,,minmax,9.921452314011216e-06,COMPLETE
579,160.0203399658203,2026-01-02 18:06:01.729913,2026-01-02 18:06:09.754998,0 days 00:00:08.025085,relu,0.1164926176993284,58,0.08044788751564307,True,,none,1.5074044384068722e-05,COMPLETE
580,156.2778778076172,2026-01-02 18:06:09.762996,2026-01-02 18:06:17.712641,0 days 00:00:07.949645,relu,0.11002186912997376,60,0.0889266919818094,True,,none,1.087835805955681e-05,COMPLETE
581,160.0628204345703,2026-01-02 18:06:17.719642,2026-01-02 18:06:25.676820,0 days 00:00:07.957178,relu,0.12376799424391967,61,0.06824903731579789,True,,none,1.0753352072009384e-05,COMPLETE
582,158.08143615722656,2026-01-02 18:06:25.684819,2026-01-02 18:06:33.732507,0 days 00:00:08.047688,relu,0.11109383528489553,58,0.07848757467677628,True,,none,9.712490438301127e-06,COMPLETE
583,157.9624481201172,2026-01-02 18:06:33.747510,2026-01-02 18:06:41.715139,0 days 00:00:07.967629,relu,0.1000639959363442,64,0.09977711729178351,True,,none,8.501569728857067e-06,COMPLETE
584,157.5155029296875,2026-01-02 18:06:41.723137,2026-01-02 18:06:49.798832,0 days 00:00:08.075695,relu,0.11688128712093707,60,0.09994291675848263,True,,none,1.1501354431286589e-05,COMPLETE
585,159.87387084960938,2026-01-02 18:06:49.807831,2026-01-02 18:06:57.980026,0 days 00:00:08.172195,relu,0.1297165329507901,59,0.06426720841341454,True,,none,1.26083427296137e-05,COMPLETE
586,157.15924072265625,2026-01-02 18:06:57.989022,2026-01-02 18:07:05.922619,0 days 00:00:07.933597,relu,0.10758987017818371,64,0.07994251153261298,True,,none,1.3141005153967387e-05,COMPLETE
587,161.3395233154297,2026-01-02 18:07:05.931621,2026-01-02 18:07:14.451809,0 days 00:00:08.520188,gelu,0.1226845729216564,57,0.08641927658011171,True,,none,1.3978922976806165e-05,COMPLETE
588,197.33698818630643,2026-01-02 18:07:14.460809,2026-01-02 18:07:22.221948,0 days 00:00:07.761139,relu,0.11533481425845145,61,0.0009929404567870195,False,,none,1.359469182323994e-05,COMPLETE
589,161.18972778320312,2026-01-02 18:07:22.230948,2026-01-02 18:07:30.337262,0 days 00:00:08.106314,relu,0.1322275027609211,57,0.06060834610026793,True,,none,1.532549867657099e-05,COMPLETE
590,158.76779174804688,2026-01-02 18:07:30.345261,2026-01-02 18:07:38.266813,0 days 00:00:07.921552,relu,0.1116577608504792,64,0.07276617396016402,True,,none,1.1967703983726212e-05,COMPLETE
591,157.85568237304688,2026-01-02 18:07:38.275812,2026-01-02 18:07:46.190925,0 days 00:00:07.915113,relu,0.12219796476460053,64,0.0875327106741065,True,,none,1.6925074443211728e-05,COMPLETE
592,158.40548706054688,2026-01-02 18:07:46.198929,2026-01-02 18:07:54.112558,0 days 00:00:07.913629,relu,0.1094017820363619,56,0.07342188985696609,True,,none,9.499970344646326e-06,COMPLETE
593,156.4338836669922,2026-01-02 18:07:54.120557,2026-01-02 18:08:02.120626,0 days 00:00:08.000069,relu,0.10741254524169515,60,0.08737964035301465,True,,none,1.3610151682950553e-05,COMPLETE
594,160.4447784423828,2026-01-02 18:08:02.127626,2026-01-02 18:08:10.223326,0 days 00:00:08.095700,relu,0.12111941320321863,57,0.056940069252073795,True,,none,1.5229770844302488e-05,COMPLETE
595,182.10977172851562,2026-01-02 18:08:10.230328,2026-01-02 18:08:18.723059,0 days 00:00:08.492731,mish,0.1145084485771508,57,0.004131737378197482,True,,none,1.4034953522189549e-05,COMPLETE
596,159.28033447265625,2026-01-02 18:08:18.733062,2026-01-02 18:08:26.760218,0 days 00:00:08.027156,relu,0.12847835704848595,60,0.06617728140860452,True,,none,1.622691758413625e-05,COMPLETE
597,168.4113006591797,2026-01-02 18:08:26.770218,2026-01-02 18:08:34.660831,0 days 00:00:07.890613,relu,0.10783389491902673,56,0.0799400423946602,True,,minmax,1.2964597257521055e-05,COMPLETE
598,160.05349731445312,2026-01-02 18:08:34.668831,2026-01-02 18:08:42.686567,0 days 00:00:08.017736,relu,0.14022677416291718,60,0.07202348688467833,True,,none,1.3017166154769201e-05,COMPLETE
599,163.60887145996094,2026-01-02 18:08:42.694577,2026-01-02 18:08:50.736268,0 days 00:00:08.041691,relu,0.11770470030674453,57,0.04127823080885963,True,,none,1.6981220566420402e-05,COMPLETE
600,158.04098510742188,2026-01-02 18:08:50.744270,2026-01-02 18:08:58.670375,0 days 00:00:07.926105,relu,0.10007207171376034,60,0.08780917043669187,True,,none,1.4768454882924998e-05,COMPLETE
601,199.65182495117188,2026-01-02 18:08:58.677375,2026-01-02 18:09:06.758548,0 days 00:00:08.081173,silu,0.10774511646510558,64,0.00010119427400284135,True,,none,1.7122965368663843e-05,COMPLETE
602,159.36288452148438,2026-01-02 18:09:06.766548,2026-01-02 18:09:14.835778,0 days 00:00:08.069230,relu,0.12421426876973453,55,0.07998066942070758,True,,none,1.255493935732218e-05,COMPLETE
603,158.528076171875,2026-01-02 18:09:14.845780,2026-01-02 18:09:22.890932,0 days 00:00:08.045152,relu,0.11455851965353914,57,0.08770788932329356,True,,none,1.406397710628426e-05,COMPLETE
604,187.31967163085938,2026-01-02 18:09:22.899941,2026-01-02 18:09:30.485052,0 days 00:00:07.585111,relu,0.1070563150743749,5,0.0998525730231487,True,,none,1.8154519264881147e-05,COMPLETE
605,184.94178771972656,2026-01-02 18:09:30.494051,2026-01-02 18:09:38.493630,0 days 00:00:07.999579,relu,0.14952413019095084,60,0.0012722764655604846,True,,none,1.5639037305572924e-05,COMPLETE
606,184.09176635742188,2026-01-02 18:09:38.500629,2026-01-02 18:09:46.123732,0 days 00:00:07.623103,relu,0.13332258693619198,10,0.050155508139405815,True,,none,3.947918899787115e-06,COMPLETE
607,197.58599636501737,2026-01-02 18:09:46.132735,2026-01-02 18:09:53.838875,0 days 00:00:07.706140,relu,0.11632613158678995,64,0.0009935912922577907,False,,none,1.111864530411478e-05,COMPLETE
608,158.5303192138672,2026-01-02 18:09:53.846875,2026-01-02 18:10:01.908567,0 days 00:00:08.061692,relu,0.1064234204663832,55,0.06602415298065563,True,,none,1.2655964129965434e-05,COMPLETE
609,160.3794403076172,2026-01-02 18:10:01.916571,2026-01-02 18:10:09.908681,0 days 00:00:07.992110,relu,0.11875992131283591,60,0.07741358725885476,True,,none,1.6186762349055638e-06,COMPLETE
610,157.4733123779297,2026-01-02 18:10:09.916680,2026-01-02 18:10:17.918450,0 days 00:00:08.001770,relu,0.12558636624528383,57,0.08758295127873543,True,,none,1.1284311849158737e-05,COMPLETE
611,157.7106170654297,2026-01-02 18:10:17.925967,2026-01-02 18:10:25.925640,0 days 00:00:07.999673,relu,0.11176597839327813,55,0.07089512444627648,True,,none,1.737085677968726e-05,COMPLETE
612,161.1109619140625,2026-01-02 18:10:25.933641,2026-01-02 18:10:34.047341,0 days 00:00:08.113700,relu,0.10682025043057974,59,0.05632429300284368,True,,none,1.4497205164753793e-05,COMPLETE
613,155.65518188476562,2026-01-02 18:10:34.055341,2026-01-02 18:10:42.072960,0 days 00:00:08.017619,relu,0.12172645005506642,64,0.08845327728139026,True,,none,1.9899789172670626e-05,COMPLETE
614,162.0081024169922,2026-01-02 18:10:42.080960,2026-01-02 18:10:50.659667,0 days 00:00:08.578707,gelu,0.14318769820448926,64,0.08851898302682336,True,,none,2.020938932213464e-05,COMPLETE
615,182.01121520996094,2026-01-02 18:10:50.668667,2026-01-02 18:10:58.709872,0 days 00:00:08.041205,relu,0.13364424698237576,61,0.001909751253590255,True,,none,8.901106906968082e-06,COMPLETE
616,158.6304473876953,2026-01-02 18:10:58.717877,2026-01-02 18:11:06.664536,0 days 00:00:07.946659,relu,0.12517980432270473,60,0.07602262431512193,True,,none,1.2542700921803418e-05,COMPLETE
617,167.20855712890625,2026-01-02 18:11:06.672536,2026-01-02 18:11:14.660223,0 days 00:00:07.987687,relu,0.12585806452310905,64,0.08968673471585775,True,,minmax,1.6117001741274522e-05,COMPLETE
618,165.04837036132812,2026-01-02 18:11:14.668223,2026-01-02 18:11:23.107357,0 days 00:00:08.439134,mish,0.12018203869573359,61,0.064174914601434,True,,none,1.0319908846984066e-05,COMPLETE
619,159.8880157470703,2026-01-02 18:11:23.115357,2026-01-02 18:11:30.990474,0 days 00:00:07.875117,relu,0.13728832018885456,56,0.07890710028108601,True,,none,6.9424979586274545e-06,COMPLETE
620,157.2037353515625,2026-01-02 18:11:30.999475,2026-01-02 18:11:38.936614,0 days 00:00:07.937139,relu,0.11558849607583942,64,0.08800167850626543,True,,none,1.4125445415660428e-05,COMPLETE
621,159.61776733398438,2026-01-02 18:11:38.946616,2026-01-02 18:11:47.031755,0 days 00:00:08.085139,relu,0.13060652615201013,64,0.09995512456120574,True,,none,1.365916317251934e-05,COMPLETE
622,157.8127899169922,2026-01-02 18:11:47.041265,2026-01-02 18:11:55.042390,0 days 00:00:08.001125,relu,0.10022722401872824,64,0.07353644340809097,True,,none,1.1597406830337426e-05,COMPLETE
623,157.95094299316406,2026-01-02 18:11:55.051390,2026-01-02 18:12:02.972985,0 days 00:00:07.921595,relu,0.1188239655837567,61,0.08804049595564899,True,,none,1.4248876457567238e-05,COMPLETE
624,159.8148193359375,2026-01-02 18:12:02.980987,2026-01-02 18:12:11.005635,0 days 00:00:08.024648,relu,0.11435057690898862,61,0.06229993310301815,True,,none,1.1048059619600372e-05,COMPLETE
625,165.0498504638672,2026-01-02 18:12:11.013635,2026-01-02 18:12:19.031841,0 days 00:00:08.018206,silu,0.12736019722912773,64,0.09988658029204724,True,,none,1.2998010789393818e-05,COMPLETE
626,197.67200920952692,2026-01-02 18:12:19.039344,2026-01-02 18:12:26.985035,0 days 00:00:07.945691,relu,0.10001015178704677,59,0.000994241415502487,False,,none,5.540985551745714e-06,COMPLETE
627,158.38912963867188,2026-01-02 18:12:26.993036,2026-01-02 18:12:35.145204,0 days 00:00:08.152168,relu,0.1211790945046419,58,0.08026258486685577,True,,none,1.593612994756933e-05,COMPLETE
628,186.89891052246094,2026-01-02 18:12:35.153203,2026-01-02 18:12:43.104365,0 days 00:00:07.951162,relu,0.3856113205501725,64,0.008330165862462368,True,,none,9.053418678553872e-06,COMPLETE
629,158.65866088867188,2026-01-02 18:12:43.113365,2026-01-02 18:12:51.142579,0 days 00:00:08.029214,relu,0.112814358420085,60,0.07381874352382026,True,,none,1.2399196990569576e-05,COMPLETE
630,158.46560668945312,2026-01-02 18:12:51.152089,2026-01-02 18:12:59.148303,0 days 00:00:07.996214,relu,0.13253503908709466,58,0.08801222249092264,True,,none,1.549403818519057e-05,COMPLETE
631,156.89041137695312,2026-01-02 18:12:59.155303,2026-01-02 18:13:07.128844,0 days 00:00:07.973541,relu,0.10007547471271107,61,0.09957696472817415,True,,none,1.0340960314142193e-05,COMPLETE
632,161.15426635742188,2026-01-02 18:13:07.137849,2026-01-02 18:13:15.129988,0 days 00:00:07.992139,relu,0.10604231327789129,64,0.06960564421809819,True,,none,1.0254064157544302e-05,COMPLETE
633,157.58419799804688,2026-01-02 18:13:15.137992,2026-01-02 18:13:23.120614,0 days 00:00:07.982622,relu,0.10051479466081426,61,0.08016596719898186,True,,none,8.813953420423152e-06,COMPLETE
634,181.73841857910156,2026-01-02 18:13:23.129615,2026-01-02 18:13:31.183300,0 days 00:00:08.053685,relu,0.106992618561683,61,0.002969596116094543,True,,none,9.844649868909379e-06,COMPLETE
635,155.7786407470703,2026-01-02 18:13:31.191300,2026-01-02 18:13:39.234451,0 days 00:00:08.043151,relu,0.10757752548595093,57,0.09918334601312402,True,,none,7.687168470720458e-06,COMPLETE
636,162.5377655029297,2026-01-02 18:13:39.242455,2026-01-02 18:13:47.319087,0 days 00:00:08.076632,relu,0.2890222275601889,59,0.09981261492771663,True,,none,8.330997573860762e-06,COMPLETE
637,176.74087524414062,2026-01-02 18:13:47.326085,2026-01-02 18:13:55.846362,0 days 00:00:08.520277,gelu,0.11354609244374493,57,0.08652075799466818,True,,minmax,9.281972799582353e-06,COMPLETE
638,160.0392608642578,2026-01-02 18:13:55.854868,2026-01-02 18:14:03.952505,0 days 00:00:08.097637,relu,0.11114509157425195,64,0.05833302243472582,True,,none,7.465568142489287e-06,COMPLETE
639,158.68499755859375,2026-01-02 18:14:03.963014,2026-01-02 18:14:12.005151,0 days 00:00:08.042137,relu,0.10698923831703328,57,0.06982592273529344,True,,none,7.953993175986656e-06,COMPLETE
640,158.54063415527344,2026-01-02 18:14:12.014152,2026-01-02 18:14:20.043311,0 days 00:00:08.029159,relu,0.10025917677865515,61,0.08823364572484921,True,,none,4.821997162909512e-06,COMPLETE
641,156.2085723876953,2026-01-02 18:14:20.052313,2026-01-02 18:14:28.093018,0 days 00:00:08.040705,relu,0.11698591329784717,57,0.09942900726625316,True,,none,7.459153955939424e-06,COMPLETE
642,168.6303253173828,2026-01-02 18:14:28.102017,2026-01-02 18:14:36.150205,0 days 00:00:08.048188,relu,0.4103160469364343,55,0.09881581550579266,True,,none,6.735541410896345e-06,COMPLETE
643,165.03085327148438,2026-01-02 18:14:36.159206,2026-01-02 18:14:44.207838,0 days 00:00:08.048632,relu,0.31899931733016856,55,0.09977892361274468,True,,none,5.747858180976287e-06,COMPLETE
644,156.9494171142578,2026-01-02 18:14:44.215839,2026-01-02 18:14:52.240017,0 days 00:00:08.024178,relu,0.10000633788947584,57,0.07894921602000331,True,,none,7.02013665459235e-06,COMPLETE
645,159.0026092529297,2026-01-02 18:14:52.248021,2026-01-02 18:15:00.330245,0 days 00:00:08.082224,relu,0.1210306457283179,57,0.06361306354685403,True,,none,6.35526331986348e-06,COMPLETE
646,165.0364532470703,2026-01-02 18:15:00.339243,2026-01-02 18:15:08.813954,0 days 00:00:08.474711,mish,0.11243330678016007,57,0.07754952668940665,True,,none,6.710110781546865e-06,COMPLETE
647,197.57562676323784,2026-01-02 18:15:08.822955,2026-01-02 18:15:16.659044,0 days 00:00:07.836089,relu,0.10683131676825072,54,0.0009943676605910804,False,,none,7.119704073544228e-06,COMPLETE
648,178.14260864257812,2026-01-02 18:15:16.666563,2026-01-02 18:15:24.601174,0 days 00:00:07.934611,relu,0.11762138913575683,59,0.0057822856731399724,True,,none,7.4328509920674455e-06,COMPLETE
649,160.1413116455078,2026-01-02 18:15:24.609175,2026-01-02 18:15:32.570293,0 days 00:00:07.961118,relu,0.10834493592951727,55,0.05325385215805618,True,,none,5.835838323440341e-06,COMPLETE
650,158.36007690429688,2026-01-02 18:15:32.579293,2026-01-02 18:15:40.626888,0 days 00:00:08.047595,relu,0.12447086258281524,60,0.06985334595920871,True,,none,7.438136323014639e-06,COMPLETE
651,159.55723571777344,2026-01-02 18:15:40.636887,2026-01-02 18:15:48.661987,0 days 00:00:08.025100,relu,0.1133070524283683,57,0.07875064174543508,True,,none,6.757946379336427e-06,COMPLETE
652,164.33428955078125,2026-01-02 18:15:48.670497,2026-01-02 18:15:56.762628,0 days 00:00:08.092131,silu,0.10786473152465688,53,0.08009768140713326,True,,none,5.39120876739245e-06,COMPLETE
653,161.00332641601562,2026-01-02 18:15:56.769628,2026-01-02 18:16:04.686187,0 days 00:00:07.916559,relu,0.11883094025219643,60,0.06194445094879705,True,,none,8.496472103423996e-06,COMPLETE
654,157.65640258789062,2026-01-02 18:16:04.693187,2026-01-02 18:16:12.673864,0 days 00:00:07.980677,relu,0.10034144503104185,55,0.0999727591051574,True,,none,7.871845580030604e-06,COMPLETE
655,156.8723602294922,2026-01-02 18:16:12.682862,2026-01-02 18:16:20.818640,0 days 00:00:08.135778,relu,0.1262352226220929,58,0.0715863375971664,True,,none,7.6274187563987965e-06,COMPLETE
656,194.77676391601562,2026-01-02 18:16:20.826640,2026-01-02 18:16:28.773245,0 days 00:00:07.946605,relu,0.14272903709828683,53,0.00026333459143650784,True,,none,5.750085159789851e-06,COMPLETE
657,171.4949951171875,2026-01-02 18:16:28.780755,2026-01-02 18:16:36.757891,0 days 00:00:07.977136,relu,0.15363352659032603,60,0.06879816151608459,True,,minmax,6.194595903440722e-06,COMPLETE
658,196.74380493164062,2026-01-02 18:16:36.765894,2026-01-02 18:16:44.233498,0 days 00:00:07.467604,relu,0.13151638444702193,4,0.047308261864502606,True,,none,6.9644841450795325e-06,COMPLETE
659,158.8869171142578,2026-01-02 18:16:44.242497,2026-01-02 18:16:52.260746,0 days 00:00:08.018249,relu,0.13884625265301404,61,0.08585001080331775,True,,none,7.88770600802794e-06,COMPLETE
660,158.84303283691406,2026-01-02 18:16:52.267749,2026-01-02 18:17:00.320982,0 days 00:00:08.053233,relu,0.12675354924362472,57,0.07719482869035904,True,,none,7.635957788950994e-06,COMPLETE
661,160.75772094726562,2026-01-02 18:17:00.329983,2026-01-02 18:17:08.282050,0 days 00:00:07.952067,relu,0.13201137402841143,53,0.07012495717032642,True,,none,4.7922151267146574e-06,COMPLETE
662,160.15554809570312,2026-01-02 18:17:08.290050,2026-01-02 18:17:16.912322,0 days 00:00:08.622272,gelu,0.12196576576535995,57,0.0877334241662852,True,,none,8.074046359389602e-06,COMPLETE
663,158.05667114257812,2026-01-02 18:17:16.922322,2026-01-02 18:17:24.869889,0 days 00:00:07.947567,relu,0.12355264887161341,64,0.08775266554823258,True,,none,8.612182637889744e-06,COMPLETE
664,159.2978973388672,2026-01-02 18:17:24.877891,2026-01-02 18:17:32.912510,0 days 00:00:08.034619,relu,0.1346263808535393,61,0.06233927541448674,True,,none,6.699226273256405e-06,COMPLETE
665,158.8824005126953,2026-01-02 18:17:32.922510,2026-01-02 18:17:40.982163,0 days 00:00:08.059653,relu,0.11389402747188175,55,0.07725872813196062,True,,none,9.302425177582215e-06,COMPLETE
666,198.17530646430123,2026-01-02 18:17:40.989672,2026-01-02 18:17:48.499182,0 days 00:00:07.509510,relu,0.11685985887976266,21,0.0009941320753933216,False,,none,5.979075317440719e-06,COMPLETE
667,157.77374267578125,2026-01-02 18:17:48.507182,2026-01-02 18:17:56.566709,0 days 00:00:08.059527,relu,0.12529999424830887,58,0.0868473015409215,True,,none,9.737856408832619e-06,COMPLETE
668,159.40963745117188,2026-01-02 18:17:56.574720,2026-01-02 18:18:04.577424,0 days 00:00:08.002704,relu,0.11398086839462288,52,0.09988473404587672,True,,none,8.11325500562069e-06,COMPLETE
669,160.60733032226562,2026-01-02 18:18:04.585422,2026-01-02 18:18:12.651129,0 days 00:00:08.065707,relu,0.10776039095174783,61,0.07078499203569949,True,,none,9.333938259299754e-06,COMPLETE
670,166.09469604492188,2026-01-02 18:18:12.685135,2026-01-02 18:18:21.189311,0 days 00:00:08.504176,mish,0.11947384399796515,55,0.054844303818872356,True,,none,6.952431513712269e-06,COMPLETE
671,188.5290985107422,2026-01-02 18:18:21.197821,2026-01-02 18:18:28.833857,0 days 00:00:07.636036,relu,0.10693123273248055,6,0.08842629459883414,True,,none,1.0632057871241644e-05,COMPLETE
672,157.21388244628906,2026-01-02 18:18:28.841860,2026-01-02 18:18:36.807518,0 days 00:00:07.965658,relu,0.12828562299320317,61,0.07747206232224842,True,,none,8.694135628608093e-06,COMPLETE
673,157.41590881347656,2026-01-02 18:18:36.816518,2026-01-02 18:18:44.840213,0 days 00:00:08.023695,relu,0.100034192428412,58,0.09938596966432738,True,,none,5.681091497271737e-06,COMPLETE
674,177.88119506835938,2026-01-02 18:18:44.848211,2026-01-02 18:18:52.810400,0 days 00:00:07.962189,relu,0.24874658898628507,64,0.015827511631910894,True,,none,1.0958992280121593e-05,COMPLETE
675,158.66964721679688,2026-01-02 18:18:52.818400,2026-01-02 18:19:00.878539,0 days 00:00:08.060139,relu,0.1167336744583956,53,0.08754278578589632,True,,none,7.579917976537361e-06,COMPLETE
676,168.57571411132812,2026-01-02 18:19:00.886545,2026-01-02 18:19:09.031204,0 days 00:00:08.144659,silu,0.10718583322495363,57,0.06446686708100968,True,,none,1.0021443648649401e-05,COMPLETE
677,194.02345275878906,2026-01-02 18:19:09.039204,2026-01-02 18:19:16.641773,0 days 00:00:07.602569,relu,0.1232500346250046,8,0.07799706630676985,True,,minmax,4.5551188186943266e-06,COMPLETE
678,158.75064086914062,2026-01-02 18:19:16.649773,2026-01-02 18:19:24.574414,0 days 00:00:07.924641,relu,0.1368896127510022,52,0.08666245816062007,True,,none,6.485506378878679e-06,COMPLETE
679,158.4443817138672,2026-01-02 18:19:24.583414,2026-01-02 18:19:32.548048,0 days 00:00:07.964634,relu,0.11288813993176335,61,0.07191603132027012,True,,none,9.20977156130862e-06,COMPLETE
680,157.57325744628906,2026-01-02 18:19:32.556046,2026-01-02 18:19:40.525237,0 days 00:00:07.969191,relu,0.10717915049838247,64,0.09014856058085347,True,,none,1.0643909197961867e-05,COMPLETE
681,158.45523071289062,2026-01-02 18:19:40.534238,2026-01-02 18:19:48.539382,0 days 00:00:08.005144,relu,0.14379259914097348,55,0.09923188535993809,True,,none,7.926255343369868e-06,COMPLETE
682,158.32235717773438,2026-01-02 18:19:48.548385,2026-01-02 18:19:56.610019,0 days 00:00:08.061634,relu,0.11799454696344801,58,0.08068306321938351,True,,none,8.626278600142246e-06,COMPLETE
683,159.7672119140625,2026-01-02 18:19:56.618020,2026-01-02 18:20:04.592611,0 days 00:00:07.974591,relu,0.12774714012642435,52,0.059975732189608034,True,,none,1.124615538392667e-05,COMPLETE
684,157.8666534423828,2026-01-02 18:20:04.599611,2026-01-02 18:20:12.624826,0 days 00:00:08.025215,relu,0.1007715142076757,60,0.09944302521661547,True,,none,5.088886064278154e-06,COMPLETE
685,197.51394999186198,2026-01-02 18:20:12.632827,2026-01-02 18:20:20.424956,0 days 00:00:07.792129,relu,0.11484462055029776,56,0.0009946423878067466,False,,none,1.1933400759285518e-05,COMPLETE
686,158.82522583007812,2026-01-02 18:20:20.432960,2026-01-02 18:20:28.418085,0 days 00:00:07.985125,relu,0.10722300243927303,64,0.07026402181028345,True,,none,9.657408989453094e-06,COMPLETE
687,159.3502197265625,2026-01-02 18:20:28.426085,2026-01-02 18:20:36.489202,0 days 00:00:08.063117,relu,0.12154505961971397,58,0.07937543695922675,True,,none,7.491116820437011e-06,COMPLETE
688,160.2135009765625,2026-01-02 18:20:36.498208,2026-01-02 18:20:45.006932,0 days 00:00:08.508724,gelu,0.1325289531090933,53,0.08538761677543484,True,,none,6.45994854978837e-06,COMPLETE
689,157.13803100585938,2026-01-02 18:20:45.015440,2026-01-02 18:20:53.030096,0 days 00:00:08.014656,relu,0.11283051816094955,60,0.06940345318786847,True,,none,1.0880650748165773e-05,COMPLETE
690,159.30178833007812,2026-01-02 18:20:53.038096,2026-01-02 18:21:01.017231,0 days 00:00:07.979135,relu,0.1269192204547332,53,0.05661559482313408,True,,none,8.24639741474487e-06,COMPLETE
691,161.72645568847656,2026-01-02 18:21:01.024231,2026-01-02 18:21:09.067366,0 days 00:00:08.043135,relu,0.1722884922918282,55,0.06637132347020977,True,,none,9.84119109432467e-06,COMPLETE
692,160.3721466064453,2026-01-02 18:21:09.075366,2026-01-02 18:21:17.276546,0 days 00:00:08.201180,relu,0.1500290833102825,58,0.09983369577207696,True,,none,1.0381764625960995e-05,COMPLETE
693,162.1656036376953,2026-01-02 18:21:17.285547,2026-01-02 18:21:25.333212,0 days 00:00:08.047665,relu,0.11473331229737144,51,0.05015099814312795,True,,none,7.2444386513172115e-06,COMPLETE
694,174.95330810546875,2026-01-02 18:21:25.342213,2026-01-02 18:21:33.901448,0 days 00:00:08.559235,mish,0.12050653072815215,55,0.029474881689871807,True,,none,8.827241622953454e-06,COMPLETE
695,168.8497314453125,2026-01-02 18:21:33.909453,2026-01-02 18:21:41.924050,0 days 00:00:08.014597,relu,0.10047097494966328,60,0.0703359068651913,True,,minmax,1.1862956850618056e-05,COMPLETE
696,176.5475616455078,2026-01-02 18:21:41.932050,2026-01-02 18:21:49.943199,0 days 00:00:08.011149,relu,0.11236734192900523,52,0.01163428987156076,True,,none,1.10146142181641e-05,COMPLETE
697,159.03781127929688,2026-01-02 18:21:49.951198,2026-01-02 18:21:57.852279,0 days 00:00:07.901081,relu,0.13405326840529944,56,0.08779121803203498,True,,none,5.495551587197079e-06,COMPLETE
698,156.53782653808594,2026-01-02 18:21:57.861280,2026-01-02 18:22:05.943421,0 days 00:00:08.082141,relu,0.1003798808875709,60,0.09971242336004393,True,,none,9.110126960299562e-06,COMPLETE
699,158.0177001953125,2026-01-02 18:22:05.951421,2026-01-02 18:22:13.942079,0 days 00:00:07.990658,relu,0.10086665048707878,51,0.08918114124701479,True,,none,6.495760948908617e-06,COMPLETE
700,164.93606567382812,2026-01-02 18:22:13.950078,2026-01-02 18:22:22.093232,0 days 00:00:08.143154,silu,0.10641987287710347,58,0.09927268333509628,True,,none,8.522866539030044e-06,COMPLETE
701,156.0780487060547,2026-01-02 18:22:22.100232,2026-01-02 18:22:30.160370,0 days 00:00:08.060138,relu,0.10029617741288983,55,0.08901890849201585,True,,none,7.128107644649869e-06,COMPLETE
702,158.1591796875,2026-01-02 18:22:30.168368,2026-01-02 18:22:38.099528,0 days 00:00:07.931160,relu,0.1008103677381676,54,0.08925045654132915,True,,none,6.305591047507046e-06,COMPLETE
703,168.14566040039062,2026-01-02 18:22:38.108525,2026-01-02 18:22:45.827728,0 days 00:00:07.719203,relu,0.10011185993551464,13,0.09926836959988103,True,,none,7.4100157153805835e-06,COMPLETE
704,157.5817413330078,2026-01-02 18:22:45.836240,2026-01-02 18:22:53.800867,0 days 00:00:07.964627,relu,0.1001489350346503,52,0.08925097279591152,True,,none,5.761387192772417e-06,COMPLETE
705,197.75195692274306,2026-01-02 18:22:53.808864,2026-01-02 18:23:01.688467,0 days 00:00:07.879603,relu,0.1000537493872837,55,0.000993558338612096,False,,none,7.096004124981597e-06,COMPLETE
706,158.53652954101562,2026-01-02 18:23:01.696468,2026-01-02 18:23:09.693149,0 days 00:00:07.996681,relu,0.10963456528798847,51,0.08718660571813946,True,,none,8.31522841271087e-06,COMPLETE
707,183.61639404296875,2026-01-02 18:23:09.702149,2026-01-02 18:23:17.385235,0 days 00:00:07.683086,relu,0.10783341571020147,18,0.007880956072657114,True,,none,9.251968401688866e-06,COMPLETE
708,158.75387573242188,2026-01-02 18:23:17.393235,2026-01-02 18:23:25.382415,0 days 00:00:07.989180,relu,0.10825366826033747,50,0.07758602463962182,True,,none,7.510837279925482e-06,COMPLETE
709,157.59365844726562,2026-01-02 18:23:25.389414,2026-01-02 18:23:33.448543,0 days 00:00:08.059129,relu,0.10738302933370833,55,0.09894801007016754,True,,none,6.305196837708679e-06,COMPLETE
710,157.9158935546875,2026-01-02 18:23:33.458543,2026-01-02 18:23:41.601169,0 days 00:00:08.142626,relu,0.100454006881344,57,0.08840918358806113,True,,none,7.940678710336935e-06,COMPLETE
711,193.01321411132812,2026-01-02 18:23:41.609168,2026-01-02 18:23:50.116440,0 days 00:00:08.507272,gelu,0.11371024409400725,50,0.00047721880356146917,True,,none,9.155890533464492e-06,COMPLETE
712,156.35079956054688,2026-01-02 18:23:50.125447,2026-01-02 18:23:58.162166,0 days 00:00:08.036719,relu,0.10012380242141959,54,0.09917062589998826,True,,none,5.048502811512436e-06,COMPLETE
713,188.66885375976562,2026-01-02 18:23:58.171166,2026-01-02 18:24:06.258341,0 days 00:00:08.087175,relu,0.10714320857359193,54,0.0007690158353944367,True,,none,4.202979386444041e-06,COMPLETE
714,158.9862060546875,2026-01-02 18:24:06.265341,2026-01-02 18:24:14.353506,0 days 00:00:08.088165,relu,0.10703901296536435,57,0.09956446287677032,True,,none,5.19136909106689e-06,COMPLETE
715,167.71273803710938,2026-01-02 18:24:14.362504,2026-01-02 18:24:22.368658,0 days 00:00:08.006154,relu,0.10042825080848843,53,0.07718060817073731,True,,minmax,5.826995706354709e-06,COMPLETE
716,158.74172973632812,2026-01-02 18:24:22.378659,2026-01-02 18:24:30.484849,0 days 00:00:08.106190,relu,0.11469924980038311,59,0.08022889402142191,True,,none,3.429399076377763e-06,COMPLETE
717,157.0042724609375,2026-01-02 18:24:30.494848,2026-01-02 18:24:38.497023,0 days 00:00:08.002175,relu,0.10003330316296205,55,0.08915908228085564,True,,none,5.154549283507092e-06,COMPLETE
718,157.28746032714844,2026-01-02 18:24:38.505025,2026-01-02 18:24:46.469704,0 days 00:00:07.964679,relu,0.11229366453927514,60,0.09986464064927887,True,,none,4.722233300088897e-06,COMPLETE
719,173.7459259033203,2026-01-02 18:24:46.476704,2026-01-02 18:24:55.002971,0 days 00:00:08.526267,mish,0.3686889306504567,57,0.07661175380663487,True,,none,5.519871829065053e-06,COMPLETE
720,157.6282196044922,2026-01-02 18:24:55.010971,2026-01-02 18:25:03.001056,0 days 00:00:07.990085,relu,0.10721417798331365,52,0.08712043880836187,True,,none,3.881310003830778e-06,COMPLETE
721,159.8134765625,2026-01-02 18:25:03.009056,2026-01-02 18:25:10.951767,0 days 00:00:07.942711,relu,0.11693599063599242,61,0.07839133358394834,True,,none,6.751955906455244e-06,COMPLETE
722,158.64254760742188,2026-01-02 18:25:10.960768,2026-01-02 18:25:19.081399,0 days 00:00:08.120631,relu,0.10013919167582858,55,0.09950400731802207,True,,none,4.749664692623899e-06,COMPLETE
723,158.35313415527344,2026-01-02 18:25:19.088401,2026-01-02 18:25:27.015483,0 days 00:00:07.927082,relu,0.11801591517289944,51,0.08785498544919762,True,,none,7.2462050546818235e-06,COMPLETE
724,197.58233391655818,2026-01-02 18:25:27.023482,2026-01-02 18:25:34.909150,0 days 00:00:07.885668,relu,0.10778024200760122,58,0.0009937660142650038,False,,none,4.341013443265541e-06,COMPLETE
725,165.83465576171875,2026-01-02 18:25:34.917663,2026-01-02 18:25:43.121890,0 days 00:00:08.204227,silu,0.11261038707861873,54,0.07018868138825342,True,,none,6.095036147701978e-06,COMPLETE
726,174.6494140625,2026-01-02 18:25:43.129890,2026-01-02 18:25:50.754012,0 days 00:00:07.624122,relu,0.12069720100336567,11,0.09976493485990592,True,,none,8.147576238415035e-06,COMPLETE
727,157.23391723632812,2026-01-02 18:25:50.762525,2026-01-02 18:25:58.797712,0 days 00:00:08.035187,relu,0.10682255584799549,61,0.07999456091172437,True,,none,9.540959222538342e-06,COMPLETE
728,158.82205200195312,2026-01-02 18:25:58.805711,2026-01-02 18:26:06.806853,0 days 00:00:08.001142,relu,0.11399160263522991,57,0.06405706112250811,True,,none,6.79099738628019e-06,COMPLETE
729,159.166259765625,2026-01-02 18:26:06.814851,2026-01-02 18:26:14.815014,0 days 00:00:08.000163,relu,0.10652279571406079,50,0.08839793455076479,True,,none,5.411324230820073e-06,COMPLETE
730,157.60079956054688,2026-01-02 18:26:14.822014,2026-01-02 18:26:22.825179,0 days 00:00:08.003165,relu,0.11857313350305261,61,0.07411507858993976,True,,none,8.327847953512357e-06,COMPLETE
731,169.4725799560547,2026-01-02 18:26:22.833179,2026-01-02 18:26:30.850884,0 days 00:00:08.017705,relu,0.43182838323523853,53,0.08728554339894928,True,,none,9.62344193829434e-06,COMPLETE
732,158.14651489257812,2026-01-02 18:26:30.858884,2026-01-02 18:26:38.872563,0 days 00:00:08.013679,relu,0.10661289594464428,58,0.07913394018717668,True,,none,7.184365012634395e-06,COMPLETE
733,159.8844451904297,2026-01-02 18:26:38.880566,2026-01-02 18:26:46.904200,0 days 00:00:08.023634,relu,0.12169806968527584,56,0.06231096670426216,True,,none,6.252233678485144e-06,COMPLETE
734,165.24497985839844,2026-01-02 18:26:46.912200,2026-01-02 18:26:54.864320,0 days 00:00:07.952120,relu,0.10082857346595307,61,0.09963694683022846,True,,minmax,8.852091255809911e-06,COMPLETE
735,158.3702850341797,2026-01-02 18:26:54.873832,2026-01-02 18:27:02.784467,0 days 00:00:07.910635,relu,0.11170612154911908,50,0.0725209351118637,True,,none,1.0537502524575247e-05,COMPLETE
736,160.91384887695312,2026-01-02 18:27:02.792470,2026-01-02 18:27:11.324673,0 days 00:00:08.532203,gelu,0.11334131283491232,53,0.08719647011221277,True,,none,8.075280116175896e-06,COMPLETE
737,156.90826416015625,2026-01-02 18:27:11.332670,2026-01-02 18:27:19.441322,0 days 00:00:08.108652,relu,0.10003348066230155,59,0.08894583236107953,True,,none,1.0282501031082358e-05,COMPLETE
738,157.13992309570312,2026-01-02 18:27:19.450323,2026-01-02 18:27:27.553428,0 days 00:00:08.103105,relu,0.10069304631234818,59,0.08822995444279007,True,,none,1.019652075164862e-05,COMPLETE
739,156.256103515625,2026-01-02 18:27:27.561431,2026-01-02 18:27:35.512072,0 days 00:00:07.950641,relu,0.10091286520621591,61,0.08948989630091753,True,,none,1.1644150479481353e-05,COMPLETE
740,155.79351806640625,2026-01-02 18:27:35.521075,2026-01-02 18:27:43.459725,0 days 00:00:07.938650,relu,0.10055983654769056,64,0.09968813256257748,True,,none,1.1924168114950946e-05,COMPLETE
741,156.96484375,2026-01-02 18:27:43.467725,2026-01-02 18:27:51.439899,0 days 00:00:07.972174,relu,0.1005940098595726,64,0.07057133135927877,True,,none,1.1506756792960906e-05,COMPLETE
742,157.33372497558594,2026-01-02 18:27:51.448899,2026-01-02 18:27:59.492109,0 days 00:00:08.043210,relu,0.10075488216767307,64,0.07951573732142447,True,,none,1.1283834892437664e-05,COMPLETE
743,157.1425018310547,2026-01-02 18:27:59.501109,2026-01-02 18:28:07.545714,0 days 00:00:08.044605,relu,0.10711548452282253,64,0.08800471792027333,True,,none,9.632255209760792e-06,COMPLETE
744,158.4822998046875,2026-01-02 18:28:07.554715,2026-01-02 18:28:15.540865,0 days 00:00:07.986150,relu,0.11284452065795425,61,0.06559142128780297,True,,none,1.2038333953040264e-05,COMPLETE
745,163.60816955566406,2026-01-02 18:28:15.548865,2026-01-02 18:28:24.180200,0 days 00:00:08.631335,mish,0.10645364075225622,61,0.07869671289884797,True,,none,1.0497432125372216e-05,COMPLETE
746,197.49057840983073,2026-01-02 18:28:24.188201,2026-01-02 18:28:32.026362,0 days 00:00:07.838161,relu,0.10032703236189477,60,0.0009943572077690335,False,,none,1.2150183927933536e-05,COMPLETE
747,157.1109161376953,2026-01-02 18:28:32.034363,2026-01-02 18:28:40.123014,0 days 00:00:08.088651,relu,0.11885138612982225,61,0.09951542751753895,True,,none,8.905404149845712e-06,COMPLETE
748,158.04054260253906,2026-01-02 18:28:40.133017,2026-01-02 18:28:48.271155,0 days 00:00:08.138138,relu,0.10746958639509628,58,0.09988042281225444,True,,none,9.957046761238226e-06,COMPLETE
749,158.42208862304688,2026-01-02 18:28:48.280156,2026-01-02 18:28:56.277833,0 days 00:00:07.997677,relu,0.10016751260033838,61,0.07232236206163739,True,,none,1.1248459486912448e-05,COMPLETE
750,156.6220245361328,2026-01-02 18:28:56.285340,2026-01-02 18:29:04.359957,0 days 00:00:08.074617,relu,0.10006936399167753,64,0.08766071055794918,True,,none,1.243763247157856e-05,COMPLETE
751,156.79733276367188,2026-01-02 18:29:04.368955,2026-01-02 18:29:12.383041,0 days 00:00:08.014086,relu,0.106707110581179,64,0.056905672467030696,True,,none,1.2800085871531343e-05,COMPLETE
752,171.96380615234375,2026-01-02 18:29:12.391552,2026-01-02 18:29:20.418727,0 days 00:00:08.027175,silu,0.10822536635255832,64,0.043303017895502505,True,,none,1.2691963930977944e-05,COMPLETE
753,158.3413848876953,2026-01-02 18:29:20.427729,2026-01-02 18:29:28.462327,0 days 00:00:08.034598,relu,0.10047192569749758,64,0.06136929683107888,True,,none,1.2942281267793836e-05,COMPLETE
754,158.10250854492188,2026-01-02 18:29:28.470327,2026-01-02 18:29:36.530456,0 days 00:00:08.060129,relu,0.11377301075805131,61,0.05949812725853064,True,,none,1.2697290350860202e-05,COMPLETE
755,158.8979949951172,2026-01-02 18:29:36.539456,2026-01-02 18:29:44.600169,0 days 00:00:08.060713,relu,0.12228955613065007,64,0.054695010981196314,True,,none,1.1801017029363667e-05,COMPLETE
756,168.2054901123047,2026-01-02 18:29:44.608169,2026-01-02 18:29:52.657863,0 days 00:00:08.049694,relu,0.10817848837556476,64,0.06902609957969522,True,,minmax,1.266037138858551e-05,COMPLETE
757,157.97616577148438,2026-01-02 18:29:52.665864,2026-01-02 18:30:00.664039,0 days 00:00:07.998175,relu,0.10027272464233612,61,0.08038758443392391,True,,none,1.0806926670795521e-05,COMPLETE
758,158.26382446289062,2026-01-02 18:30:00.673037,2026-01-02 18:30:08.661218,0 days 00:00:07.988181,relu,0.1142816500425322,61,0.07097305502565728,True,,none,1.3166106068097497e-05,COMPLETE
759,171.2659149169922,2026-01-02 18:30:08.668218,2026-01-02 18:30:16.796419,0 days 00:00:08.128201,relu,0.4603752268975221,64,0.08578762231128217,True,,none,1.1163109864769652e-05,COMPLETE
760,157.51617431640625,2026-01-02 18:30:16.804419,2026-01-02 18:30:24.847574,0 days 00:00:08.043155,relu,0.12163214868525657,59,0.08829240611731957,True,,none,1.3896763169329187e-05,COMPLETE
761,157.6776123046875,2026-01-02 18:30:24.855574,2026-01-02 18:30:32.845737,0 days 00:00:07.990163,relu,0.1090896072068763,64,0.06754994809025153,True,,none,1.02487146540902e-05,COMPLETE
762,157.40838623046875,2026-01-02 18:30:32.854735,2026-01-02 18:30:40.952896,0 days 00:00:08.098161,relu,0.1135281711772973,59,0.0784502786337964,True,,none,1.1826742374753794e-05,COMPLETE
763,161.5226593017578,2026-01-02 18:30:40.960896,2026-01-02 18:30:49.580098,0 days 00:00:08.619202,gelu,0.10721965524510423,61,0.08618718032397876,True,,none,1.3428703005570877e-05,COMPLETE
764,158.7351837158203,2026-01-02 18:30:49.587101,2026-01-02 18:30:57.569278,0 days 00:00:07.982177,relu,0.12533526225687508,64,0.06408936953063162,True,,none,1.0223894643849627e-05,COMPLETE
765,197.44843078613283,2026-01-02 18:30:57.578276,2026-01-02 18:31:05.453878,0 days 00:00:07.875602,relu,0.11688177766474868,58,0.0009944180631577598,False,,none,1.2139647998707163e-05,COMPLETE
766,156.25958251953125,2026-01-02 18:31:05.462877,2026-01-02 18:31:13.478958,0 days 00:00:08.016081,relu,0.10043904113420891,61,0.08861652748077539,True,,none,1.3832796826521644e-05,COMPLETE
767,194.5264129638672,2026-01-02 18:31:13.486959,2026-01-02 18:31:21.538594,0 days 00:00:08.051635,relu,0.10647173740738004,61,0.00018920818230383317,True,,none,1.4185703762177715e-05,COMPLETE
768,157.60804748535156,2026-01-02 18:31:21.546594,2026-01-02 18:31:29.612793,0 days 00:00:08.066199,relu,0.1001520880952969,61,0.08875047451710921,True,,none,1.4305114355514317e-05,COMPLETE
769,158.65597534179688,2026-01-02 18:31:29.621794,2026-01-02 18:31:37.569873,0 days 00:00:07.948079,relu,0.10663443238212582,58,0.073929165945917,True,,none,9.419556286263216e-06,COMPLETE
770,156.12631225585938,2026-01-02 18:31:37.577871,2026-01-02 18:31:45.640551,0 days 00:00:08.062680,relu,0.10017987222717552,64,0.0999605113256121,True,,none,1.1130502158181245e-05,COMPLETE
771,163.29190063476562,2026-01-02 18:31:45.649551,2026-01-02 18:31:54.191800,0 days 00:00:08.542249,mish,0.1075763091161576,64,0.09873113345119672,True,,none,1.3947333680290635e-05,COMPLETE
772,157.51527404785156,2026-01-02 18:31:54.198806,2026-01-02 18:32:02.197963,0 days 00:00:07.999157,relu,0.1001099717956889,61,0.08863467610653522,True,,none,1.1916970117383158e-05,COMPLETE
773,156.61776733398438,2026-01-02 18:32:02.205963,2026-01-02 18:32:10.226560,0 days 00:00:08.020597,relu,0.10036082798889405,61,0.09955787093032374,True,,none,1.0856548049513238e-05,COMPLETE
774,168.9981689453125,2026-01-02 18:32:10.235561,2026-01-02 18:32:18.255250,0 days 00:00:08.019689,relu,0.11440121491148883,64,0.07802559422036531,True,,minmax,1.3776504900194555e-05,COMPLETE
775,157.14012145996094,2026-01-02 18:32:18.262251,2026-01-02 18:32:26.274949,0 days 00:00:08.012698,relu,0.10777515626760487,64,0.08929305217383197,True,,none,1.1545616727412497e-05,COMPLETE
776,156.2756805419922,2026-01-02 18:32:26.281948,2026-01-02 18:32:34.263100,0 days 00:00:07.981152,relu,0.11949394755899737,64,0.09952857958883389,True,,none,3.976088094866275e-06,COMPLETE
777,159.2604522705078,2026-01-02 18:32:34.271100,2026-01-02 18:32:42.322318,0 days 00:00:08.051218,relu,0.11785048502731744,64,0.09946279161503963,True,,none,3.629870268895734e-06,COMPLETE
778,155.97805786132812,2026-01-02 18:32:42.331318,2026-01-02 18:32:50.346643,0 days 00:00:08.015325,relu,0.1071756407501213,64,0.08870405947819321,True,,none,2.8559595903237466e-06,COMPLETE
779,179.20697021484375,2026-01-02 18:32:50.355645,2026-01-02 18:32:58.442800,0 days 00:00:08.087155,silu,0.1074256835617231,64,0.022503912178368324,True,,none,2.71813397538533e-06,COMPLETE
780,157.1385955810547,2026-01-02 18:32:58.450801,2026-01-02 18:33:06.444947,0 days 00:00:07.994146,relu,0.10010257985960806,64,0.09887527733192812,True,,none,3.0562124038268743e-06,COMPLETE
781,158.11119079589844,2026-01-02 18:33:06.452947,2026-01-02 18:33:14.406556,0 days 00:00:07.953609,relu,0.11374066158510888,64,0.08939420200352287,True,,none,2.1867633698526204e-06,COMPLETE
782,156.64462280273438,2026-01-02 18:33:14.413557,2026-01-02 18:33:22.426644,0 days 00:00:08.013087,relu,0.10022706080404895,61,0.09916957013809491,True,,none,2.953787330416391e-06,COMPLETE
783,156.80795288085938,2026-01-02 18:33:22.434644,2026-01-02 18:33:30.474319,0 days 00:00:08.039675,relu,0.10694029194663135,61,0.08711117828938106,True,,none,2.0355381596139653e-06,COMPLETE
784,156.76541137695312,2026-01-02 18:33:30.482317,2026-01-02 18:33:38.554992,0 days 00:00:08.072675,relu,0.10592071569239274,61,0.09957590779576861,True,,none,2.681650639080832e-06,COMPLETE
785,197.3101136610243,2026-01-02 18:33:38.562992,2026-01-02 18:33:46.378596,0 days 00:00:07.815604,relu,0.10026577330654196,61,0.0009938430089911972,False,,none,3.0280881212843475e-06,COMPLETE
786,157.0724639892578,2026-01-02 18:33:46.387597,2026-01-02 18:33:54.342268,0 days 00:00:07.954671,relu,0.100597394614503,64,0.09931480991040234,True,,none,3.333372011610175e-06,COMPLETE
787,158.50962829589844,2026-01-02 18:33:54.350268,2026-01-02 18:34:02.423441,0 days 00:00:08.073173,relu,0.10044712570446795,61,0.08808378034447202,True,,none,2.59220816624393e-06,COMPLETE
788,161.60787963867188,2026-01-02 18:34:02.431954,2026-01-02 18:34:11.178742,0 days 00:00:08.746788,gelu,0.10684269061741171,60,0.08019490268893502,True,,none,2.584856897792145e-06,COMPLETE
789,156.2592315673828,2026-01-02 18:34:11.187743,2026-01-02 18:34:19.202370,0 days 00:00:08.014627,relu,0.10669589273389736,61,0.09903538735725628,True,,none,2.454978668890901e-06,COMPLETE
790,165.5891571044922,2026-01-02 18:34:19.210367,2026-01-02 18:34:27.282576,0 days 00:00:08.072209,relu,0.3405085033694244,59,0.09888122470723841,True,,none,2.3769986980767276e-06,COMPLETE
791,156.44171142578125,2026-01-02 18:34:27.291576,2026-01-02 18:34:35.377334,0 days 00:00:08.085758,relu,0.10026502457571973,59,0.08797279020511907,True,,none,3.802213282367342e-06,COMPLETE
792,157.6131591796875,2026-01-02 18:34:35.386342,2026-01-02 18:34:43.521491,0 days 00:00:08.135149,relu,0.1077236704903912,58,0.0821447318887161,True,,none,3.0971798816445475e-06,COMPLETE
793,158.50656127929688,2026-01-02 18:34:43.529492,2026-01-02 18:34:51.671659,0 days 00:00:08.142167,relu,0.10007722583245113,58,0.0875060522670029,True,,none,2.272830515198423e-06,COMPLETE
794,157.03994750976562,2026-01-02 18:34:51.680658,2026-01-02 18:34:59.668723,0 days 00:00:07.988065,relu,0.10044945059822775,61,0.0803056728481426,True,,none,3.7082862157279234e-06,COMPLETE
795,166.73953247070312,2026-01-02 18:34:59.677723,2026-01-02 18:35:07.835001,0 days 00:00:08.157278,relu,0.1117425645934373,58,0.07822923961517855,True,,minmax,3.090203471491408e-06,COMPLETE
796,162.58126831054688,2026-01-02 18:35:07.843514,2026-01-02 18:35:16.241138,0 days 00:00:08.397624,mish,0.10047845961944614,64,0.0996566258618237,True,,none,2.637480691252654e-06,COMPLETE
797,158.79563903808594,2026-01-02 18:35:16.250138,2026-01-02 18:35:24.229309,0 days 00:00:07.979171,relu,0.11200460450734774,61,0.0884339682797771,True,,none,1.947654708327489e-06,COMPLETE
798,166.8346405029297,2026-01-02 18:35:24.237309,2026-01-02 18:35:32.341539,0 days 00:00:08.104230,relu,0.3262961613984074,58,0.09955465479378726,True,,none,3.074567667074224e-06,COMPLETE
799,157.15188598632812,2026-01-02 18:35:32.348539,2026-01-02 18:35:40.256215,0 days 00:00:07.907676,relu,0.10000058280905759,64,0.08803973267445965,True,,none,4.093829170886334e-06,COMPLETE
800,157.93203735351562,2026-01-02 18:35:40.267216,2026-01-02 18:35:48.372440,0 days 00:00:08.105224,relu,0.11231053412237414,57,0.0997885841063485,True,,none,3.5626005073020073e-06,COMPLETE
801,158.59893798828125,2026-01-02 18:35:48.380437,2026-01-02 18:35:56.344151,0 days 00:00:07.963714,relu,0.10956052418086237,60,0.07794818262075282,True,,none,3.4658703011890424e-06,COMPLETE
802,165.09231567382812,2026-01-02 18:35:56.353156,2026-01-02 18:36:04.450859,0 days 00:00:08.097703,silu,0.11718554543949403,61,0.08678238845416571,True,,none,1.7206632027416354e-06,COMPLETE
803,158.45285034179688,2026-01-02 18:36:04.459858,2026-01-02 18:36:12.533065,0 days 00:00:08.073207,relu,0.10007444133462111,57,0.07367477111136388,True,,none,2.808312230445672e-06,COMPLETE
804,197.61434766981338,2026-01-02 18:36:12.542068,2026-01-02 18:36:20.331687,0 days 00:00:07.789619,relu,0.10774947238888817,64,0.0009940597716066434,False,,none,2.3905425973852243e-06,COMPLETE
805,156.88967895507812,2026-01-02 18:36:20.340694,2026-01-02 18:36:28.358339,0 days 00:00:08.017645,relu,0.11688527311337109,60,0.08761714491565178,True,,none,3.830205060540689e-06,COMPLETE
806,159.32156372070312,2026-01-02 18:36:28.366341,2026-01-02 18:36:36.422978,0 days 00:00:08.056637,relu,0.10771657931101085,58,0.07703420754202853,True,,none,3.989586109443897e-06,COMPLETE
807,157.22061157226562,2026-01-02 18:36:36.431975,2026-01-02 18:36:44.482152,0 days 00:00:08.050177,relu,0.10839510888463533,64,0.08600542956280707,True,,none,1.984151020711694e-06,COMPLETE
808,156.8365020751953,2026-01-02 18:36:44.493152,2026-01-02 18:36:52.586797,0 days 00:00:08.093645,relu,0.11633823525159351,56,0.09946336433574664,True,,none,3.4873263150968513e-06,COMPLETE
809,159.5866241455078,2026-01-02 18:36:52.596796,2026-01-02 18:37:00.689471,0 days 00:00:08.092675,relu,0.10761827465931693,61,0.07231816175681163,True,,none,2.9061308497553323e-06,COMPLETE
810,157.42530822753906,2026-01-02 18:37:00.697471,2026-01-02 18:37:08.695628,0 days 00:00:07.998157,relu,0.10062105513511178,57,0.09985201533969001,True,,none,2.2833164359804324e-06,COMPLETE
811,157.0791473388672,2026-01-02 18:37:08.703630,2026-01-02 18:37:16.652243,0 days 00:00:07.948613,relu,0.11798172703691673,61,0.0881238252076439,True,,none,4.029175650508444e-06,COMPLETE
812,157.09228515625,2026-01-02 18:37:16.659757,2026-01-02 18:37:24.691899,0 days 00:00:08.032142,relu,0.10755579291181148,64,0.09987840814986862,True,,none,3.242314351353352e-06,COMPLETE
813,160.5561065673828,2026-01-02 18:37:24.699899,2026-01-02 18:37:33.119164,0 days 00:00:08.419265,gelu,0.11496864371851177,31,0.07992396014027778,True,,none,2.4605352437301467e-06,COMPLETE
814,159.71884155273438,2026-01-02 18:37:33.128164,2026-01-02 18:37:41.127840,0 days 00:00:07.999676,relu,0.11978303606657022,56,0.0710624541390619,True,,none,2.7625668919304884e-06,COMPLETE
815,195.91798400878906,2026-01-02 18:37:41.136840,2026-01-02 18:37:49.101008,0 days 00:00:07.964168,relu,0.10710334495587752,60,0.002851993285981489,True,,minmax,4.033266082675649e-06,COMPLETE
816,156.56582641601562,2026-01-02 18:37:49.109007,2026-01-02 18:37:57.227187,0 days 00:00:08.118180,relu,0.10019843642061749,58,0.08657338148750567,True,,none,3.3013842084359456e-06,COMPLETE
817,157.80789184570312,2026-01-02 18:37:57.235186,2026-01-02 18:38:05.316333,0 days 00:00:08.081147,relu,0.10039371062362441,56,0.07930148873876497,True,,none,3.4221895702715267e-06,COMPLETE
818,159.68142700195312,2026-01-02 18:38:05.325332,2026-01-02 18:38:13.375950,0 days 00:00:08.050618,relu,0.10030304923475958,56,0.09988045558779932,True,,none,2.9809319749856192e-06,COMPLETE
819,161.29153442382812,2026-01-02 18:38:13.384950,2026-01-02 18:38:21.508584,0 days 00:00:08.123634,relu,0.21455517029650034,58,0.06760207077782858,True,,none,2.7162274514651495e-06,COMPLETE
820,156.56045532226562,2026-01-02 18:38:21.516584,2026-01-02 18:38:29.607798,0 days 00:00:08.091214,relu,0.10648792385193093,59,0.08534250750604606,True,,none,3.5452276363361554e-06,COMPLETE
821,166.27589416503906,2026-01-02 18:38:29.616796,2026-01-02 18:38:38.226021,0 days 00:00:08.609225,mish,0.10000598159561616,59,0.06531842714099761,True,,none,3.2103248004626026e-06,COMPLETE
822,158.35302734375,2026-01-02 18:38:38.234023,2026-01-02 18:38:46.212649,0 days 00:00:07.978626,relu,0.11226856196848685,56,0.07890121687104781,True,,none,3.9138142931811225e-06,COMPLETE
823,157.317138671875,2026-01-02 18:38:46.220647,2026-01-02 18:38:54.291748,0 days 00:00:08.071101,relu,0.10005035150648735,60,0.07322968006619701,True,,none,3.2989133118544347e-06,COMPLETE
824,197.41511169433596,2026-01-02 18:38:54.299749,2026-01-02 18:39:02.141872,0 days 00:00:07.842123,relu,0.10842266059150313,56,0.0009939291215188052,False,,none,4.612642758155037e-06,COMPLETE
825,157.6981201171875,2026-01-02 18:39:02.150872,2026-01-02 18:39:10.241519,0 days 00:00:08.090647,relu,0.10825439297904266,61,0.08647600137267329,True,,none,3.5995817045160666e-06,COMPLETE
826,157.13404846191406,2026-01-02 18:39:10.249518,2026-01-02 18:39:18.379222,0 days 00:00:08.129704,relu,0.10858514048079049,59,0.08761412239111999,True,,none,2.4331379043739417e-06,COMPLETE
827,158.70938110351562,2026-01-02 18:39:18.387222,2026-01-02 18:39:26.426919,0 days 00:00:08.039697,relu,0.11302452730647553,56,0.07844525011673385,True,,none,4.312060812560688e-06,COMPLETE
828,170.62136840820312,2026-01-02 18:39:26.434915,2026-01-02 18:39:34.542665,0 days 00:00:08.107750,silu,0.10767221435924725,61,0.06381134302624063,True,,none,2.1234464441515767e-06,COMPLETE
829,155.80569458007812,2026-01-02 18:39:34.550666,2026-01-02 18:39:42.550285,0 days 00:00:07.999619,relu,0.10016216013920413,64,0.08795005007530857,True,,none,2.7223495710922246e-06,COMPLETE
830,192.83827209472656,2026-01-02 18:39:42.558286,2026-01-02 18:39:50.671000,0 days 00:00:08.112714,relu,0.44199777634847737,59,0.009752356637099504,True,,none,3.5560909486220978e-06,COMPLETE
831,157.1593780517578,2026-01-02 18:39:50.679512,2026-01-02 18:39:58.710666,0 days 00:00:08.031154,relu,0.11454793655599993,64,0.07107962144937452,True,,none,4.325315213076153e-06,COMPLETE
832,158.9306640625,2026-01-02 18:39:58.718666,2026-01-02 18:40:06.720790,0 days 00:00:08.002124,relu,0.12105709694366958,64,0.06281769801127211,True,,none,2.384534441661673e-06,COMPLETE
833,158.53302001953125,2026-01-02 18:40:06.728791,2026-01-02 18:40:14.773940,0 days 00:00:08.045149,relu,0.10830593161399063,56,0.0796190139177854,True,,none,2.768755010258564e-06,COMPLETE
834,187.8036651611328,2026-01-02 18:40:14.781443,2026-01-02 18:40:22.413484,0 days 00:00:07.632041,relu,0.10002302800730638,8,0.0726550469917657,True,,minmax,1.7369746619564196e-06,COMPLETE
835,158.14292907714844,2026-01-02 18:40:22.421483,2026-01-02 18:40:30.440606,0 days 00:00:08.019123,relu,0.11381723181558254,64,0.08825643563615654,True,,none,3.18575068373722e-06,COMPLETE
836,169.62303161621094,2026-01-02 18:40:30.448606,2026-01-02 18:40:38.504800,0 days 00:00:08.056194,relu,0.41878498139139597,59,0.0789202542992343,True,,none,3.658428195958195e-06,COMPLETE
837,157.90982055664062,2026-01-02 18:40:38.513803,2026-01-02 18:40:46.611840,0 days 00:00:08.098037,relu,0.10879455621223255,61,0.08851576735301235,True,,none,1.314969099552417e-06,COMPLETE
838,163.24038696289062,2026-01-02 18:40:46.619840,2026-01-02 18:40:55.243535,0 days 00:00:08.623695,gelu,0.11949098664019309,56,0.06559903449888596,True,,none,4.329121052328955e-06,COMPLETE
839,156.30902099609375,2026-01-02 18:40:55.252536,2026-01-02 18:41:03.331671,0 days 00:00:08.079135,relu,0.10672822341706899,61,0.08772293103425127,True,,none,2.7067485425832753e-06,COMPLETE
840,161.50259399414062,2026-01-02 18:41:03.339673,2026-01-02 18:41:11.399313,0 days 00:00:08.059640,relu,0.1885636288217061,58,0.07616346416729465,True,,none,2.5344087021128373e-06,COMPLETE
841,159.6216278076172,2026-01-02 18:41:11.406313,2026-01-02 18:41:19.469425,0 days 00:00:08.063112,relu,0.12577279834266777,55,0.08708761838464217,True,,none,2.1795564337395687e-06,COMPLETE
842,160.09164428710938,2026-01-02 18:41:19.476430,2026-01-02 18:41:27.574080,0 days 00:00:08.097650,relu,0.11552163006958639,58,0.07007607139022175,True,,none,2.7816964998871638e-06,COMPLETE
843,161.1874542236328,2026-01-02 18:41:27.582085,2026-01-02 18:41:35.617719,0 days 00:00:08.035634,relu,0.12041555470581124,61,0.05485092926232498,True,,none,1.9290172292238147e-06,COMPLETE
844,197.73902350531685,2026-01-02 18:41:35.625722,2026-01-02 18:41:43.406839,0 days 00:00:07.781117,relu,0.10004272742117445,56,0.0009935175821711181,False,,none,3.1231557963710544e-06,COMPLETE
845,156.90914916992188,2026-01-02 18:41:43.414840,2026-01-02 18:41:51.421032,0 days 00:00:08.006192,relu,0.11239841069738166,61,0.09980211541896016,True,,none,2.5081146837879666e-06,COMPLETE
846,164.77322387695312,2026-01-02 18:41:51.429032,2026-01-02 18:41:59.975319,0 days 00:00:08.546287,mish,0.10847002899064895,55,0.08009126318295898,True,,none,2.0322992502520804e-06,COMPLETE
847,158.64080810546875,2026-01-02 18:41:59.983321,2026-01-02 18:42:08.219839,0 days 00:00:08.236518,relu,0.12374579795377105,59,0.0874599822202038,True,,none,3.272047082266954e-06,COMPLETE
848,158.24923706054688,2026-01-02 18:42:08.227838,2026-01-02 18:42:16.328984,0 days 00:00:08.101146,relu,0.10754113117641652,61,0.061063009657641214,True,,none,2.9095393600107572e-06,COMPLETE
849,157.76226806640625,2026-01-02 18:42:16.336984,2026-01-02 18:42:24.432172,0 days 00:00:08.095188,relu,0.11472793589379544,55,0.0726760013567673,True,,none,3.900575317783892e-06,COMPLETE
850,156.5572967529297,2026-01-02 18:42:24.439170,2026-01-02 18:42:32.549761,0 days 00:00:08.110591,relu,0.10849217697301022,58,0.08867495136914126,True,,none,2.331931008992985e-06,COMPLETE
851,162.75601196289062,2026-01-02 18:42:32.557761,2026-01-02 18:42:40.648356,0 days 00:00:08.090595,relu,0.12707418081395583,55,0.06776350002524906,True,,none,2.4195524594292624e-06,COMPLETE
852,165.5941925048828,2026-01-02 18:42:40.657355,2026-01-02 18:42:48.786494,0 days 00:00:08.129139,silu,0.12246707214872828,58,0.07963240507524415,True,,none,2.1572468034633545e-06,COMPLETE
853,171.63748168945312,2026-01-02 18:42:48.795498,2026-01-02 18:42:56.894700,0 days 00:00:08.099202,relu,0.1182283989802071,64,0.05837128709781331,True,,minmax,2.507826710953151e-06,COMPLETE
854,190.75048828125,2026-01-02 18:42:56.902700,2026-01-02 18:43:04.544287,0 days 00:00:07.641587,relu,0.1139779544858906,6,0.08663370531673306,True,,none,2.8335567361511416e-06,COMPLETE
855,159.05465698242188,2026-01-02 18:43:04.552287,2026-01-02 18:43:12.664923,0 days 00:00:08.112636,relu,0.10800722637868843,58,0.07629005345740973,True,,none,2.0735184929253863e-06,COMPLETE
856,159.64608764648438,2026-01-02 18:43:12.672922,2026-01-02 18:43:20.783165,0 days 00:00:08.110243,relu,0.11928897456325677,55,0.06688512652804497,True,,none,1.7900782445037518e-06,COMPLETE
857,157.33078002929688,2026-01-02 18:43:20.792165,2026-01-02 18:43:28.848798,0 days 00:00:08.056633,relu,0.10848374423156339,58,0.08822213801552777,True,,none,3.4245520906413224e-06,COMPLETE
858,182.98452758789062,2026-01-02 18:43:28.856795,2026-01-02 18:43:36.930934,0 days 00:00:08.074139,relu,0.12614740953024026,64,0.0017709853477520614,True,,none,2.309526221277506e-06,COMPLETE
859,159.13259887695312,2026-01-02 18:43:36.938933,2026-01-02 18:43:44.985070,0 days 00:00:08.046137,relu,0.112681683001575,54,0.07760618520035953,True,,none,3.613727797629002e-06,COMPLETE
860,156.35299682617188,2026-01-02 18:43:44.993068,2026-01-02 18:43:53.101268,0 days 00:00:08.108200,relu,0.10644409108879106,61,0.08791272493061739,True,,none,2.6454486880927104e-06,COMPLETE
861,157.6117401123047,2026-01-02 18:43:53.108268,2026-01-02 18:44:01.196887,0 days 00:00:08.088619,relu,0.1063822928176344,61,0.08917374618968588,True,,none,2.5750700369118334e-06,COMPLETE
862,161.66043090820312,2026-01-02 18:44:01.205891,2026-01-02 18:44:09.076526,0 days 00:00:07.870635,relu,0.1070367970381665,25,0.0997932005507824,True,,none,1.5566014217738739e-06,COMPLETE
863,197.61507127549913,2026-01-02 18:44:09.084526,2026-01-02 18:44:17.522210,0 days 00:00:08.437684,gelu,0.11576540507942265,61,0.0009942553600578736,False,,none,2.633320166689599e-06,COMPLETE
864,164.60281372070312,2026-01-02 18:44:17.530210,2026-01-02 18:44:25.557357,0 days 00:00:08.027147,relu,0.2578141953720097,64,0.07155720848383139,True,,none,2.9461754461710646e-06,COMPLETE
865,156.0802764892578,2026-01-02 18:44:25.565357,2026-01-02 18:44:33.719585,0 days 00:00:08.154228,relu,0.10005899184933587,58,0.08701448939666717,True,,none,1.8322218348176079e-06,COMPLETE
866,159.3054656982422,2026-01-02 18:44:33.727583,2026-01-02 18:44:41.862279,0 days 00:00:08.134696,relu,0.10014670083579882,58,0.06096604151270073,True,,none,1.493471018102124e-06,COMPLETE
867,159.1211700439453,2026-01-02 18:44:41.870279,2026-01-02 18:44:49.981412,0 days 00:00:08.111133,relu,0.10000709862426226,55,0.06766504078698363,True,,none,2.2203270241750516e-06,COMPLETE
868,158.80166625976562,2026-01-02 18:44:49.989415,2026-01-02 18:44:58.051071,0 days 00:00:08.061656,relu,0.10807545263182054,58,0.07734549642434033,True,,none,1.8404505664444164e-06,COMPLETE
869,161.2643280029297,2026-01-02 18:44:58.060074,2026-01-02 18:45:06.104807,0 days 00:00:08.044733,relu,0.11336181058000513,55,0.049593502589259146,True,,none,1.6412839329954458e-06,COMPLETE
870,163.89846801757812,2026-01-02 18:45:06.112812,2026-01-02 18:45:13.823953,0 days 00:00:07.711141,relu,0.10742614568933383,20,0.08187524655352087,True,,none,2.177086495369281e-06,COMPLETE
871,163.38546752929688,2026-01-02 18:45:13.832958,2026-01-02 18:45:22.012194,0 days 00:00:08.179236,relu,0.27460383607591726,59,0.07133608229628975,True,,none,1.7344737456940984e-06,COMPLETE
872,164.1455078125,2026-01-02 18:45:22.020195,2026-01-02 18:45:30.712961,0 days 00:00:08.692766,mish,0.12329471682549856,58,0.08619653884065094,True,,none,2.041226455431721e-06,COMPLETE
873,166.96946716308594,2026-01-02 18:45:30.720963,2026-01-02 18:45:38.387520,0 days 00:00:07.666557,relu,0.10028511730993944,16,0.07934691253512045,True,,none,1.2063354466352822e-06,COMPLETE
874,175.94375610351562,2026-01-02 18:45:38.395520,2026-01-02 18:45:46.440161,0 days 00:00:08.044641,relu,0.24120789309387008,54,0.08843407257472422,True,,minmax,2.7504815731177403e-06,COMPLETE
875,157.0179901123047,2026-01-02 18:45:46.448158,2026-01-02 18:45:54.455329,0 days 00:00:08.007171,relu,0.11561348627232318,61,0.06600192417366185,True,,none,3.034192172729837e-06,COMPLETE
876,158.2188720703125,2026-01-02 18:45:54.463328,2026-01-02 18:46:02.595981,0 days 00:00:08.132653,relu,0.10014118534761393,59,0.057231772190185805,True,,none,1.9223561658576117e-06,COMPLETE
877,165.4290313720703,2026-01-02 18:46:02.603981,2026-01-02 18:46:10.768633,0 days 00:00:08.164652,silu,0.10750860564678585,56,0.09995648331212276,True,,none,2.4585379805034747e-06,COMPLETE
878,157.89999389648438,2026-01-02 18:46:10.785634,2026-01-02 18:46:18.851339,0 days 00:00:08.065705,relu,0.11877200385950616,61,0.0876103291253577,True,,none,4.4591161130868926e-06,COMPLETE
879,157.987548828125,2026-01-02 18:46:18.858339,2026-01-02 18:46:26.925955,0 days 00:00:08.067616,relu,0.11342546031707738,64,0.07379316535230346,True,,none,3.153695052241959e-06,COMPLETE
880,158.4785919189453,2026-01-02 18:46:26.934460,2026-01-02 18:46:34.976565,0 days 00:00:08.042105,relu,0.13061715854488648,58,0.08685422287619339,True,,none,3.635053790925246e-06,COMPLETE
881,158.65919494628906,2026-01-02 18:46:34.984565,2026-01-02 18:46:43.146286,0 days 00:00:08.161721,relu,0.10851748445476046,55,0.0777149294562106,True,,none,2.2965376687273533e-06,COMPLETE
882,157.36227416992188,2026-01-02 18:46:43.156286,2026-01-02 18:46:51.211479,0 days 00:00:08.055193,relu,0.10719571394173512,60,0.08869719556528932,True,,none,2.861439965746416e-06,COMPLETE
883,198.14845038519965,2026-01-02 18:46:51.219480,2026-01-02 18:46:59.046080,0 days 00:00:07.826600,relu,0.3067184515245888,64,0.0009946596020966618,False,,none,1.4960246234212475e-06,COMPLETE
884,159.39828491210938,2026-01-02 18:46:59.054080,2026-01-02 18:47:07.044700,0 days 00:00:07.990620,relu,0.12146530688125906,55,0.06417526244319885,True,,none,1.983068767745008e-06,COMPLETE
885,183.1197967529297,2026-01-02 18:47:07.052700,2026-01-02 18:47:14.764340,0 days 00:00:07.711640,relu,0.11419850585113349,7,0.07256477682101886,True,,none,4.042633164301344e-06,COMPLETE
886,156.86727905273438,2026-01-02 18:47:14.773339,2026-01-02 18:47:22.870534,0 days 00:00:08.097195,relu,0.10721220659066133,61,0.09998999128098857,True,,none,3.3206722906036544e-06,COMPLETE
887,162.43975830078125,2026-01-02 18:47:22.879534,2026-01-02 18:47:31.485821,0 days 00:00:08.606287,gelu,0.12103723009233892,58,0.07940522592628661,True,,none,2.569251965935441e-06,COMPLETE
888,158.25054931640625,2026-01-02 18:47:31.492821,2026-01-02 18:47:39.589516,0 days 00:00:08.096695,relu,0.10620924860607989,54,0.08723853437830978,True,,none,4.735903954658345e-06,COMPLETE
889,156.37684631347656,2026-01-02 18:47:39.596515,2026-01-02 18:47:47.633644,0 days 00:00:08.037129,relu,0.10020184734635446,61,0.08931567513535742,True,,none,2.697630940097809e-06,COMPLETE
890,158.61956787109375,2026-01-02 18:47:47.641642,2026-01-02 18:47:55.696269,0 days 00:00:08.054627,relu,0.11496166815834466,64,0.08892951979129891,True,,none,2.284412721923154e-06,COMPLETE
891,160.64395141601562,2026-01-02 18:47:55.704268,2026-01-02 18:48:03.786447,0 days 00:00:08.082179,relu,0.12661060776405722,60,0.07177466929427735,True,,none,2.5783476504069784e-06,COMPLETE
892,165.2581787109375,2026-01-02 18:48:03.794447,2026-01-02 18:48:11.791660,0 days 00:00:07.997213,relu,0.10738950450070484,64,0.07933024168798279,True,,minmax,1.7604068186926634e-06,COMPLETE
893,156.3023223876953,2026-01-02 18:48:11.799661,2026-01-02 18:48:19.784807,0 days 00:00:07.985146,relu,0.10021306407692676,61,0.09997671060664269,True,,none,2.1510567834175064e-06,COMPLETE
894,165.97476196289062,2026-01-02 18:48:19.793805,2026-01-02 18:48:27.850368,0 days 00:00:08.056563,relu,0.35091229922556716,64,0.09114197956232584,True,,none,2.003564486779741e-06,COMPLETE
895,163.95794677734375,2026-01-02 18:48:27.859388,2026-01-02 18:48:36.359618,0 days 00:00:08.500230,mish,0.10040951293157613,60,0.09936975147686987,True,,none,1.6683647317193034e-06,COMPLETE
896,172.29689025878906,2026-01-02 18:48:36.368621,2026-01-02 18:48:44.714018,0 days 00:00:08.345397,relu,0.4905447526282133,61,0.09960770746521659,True,,none,2.159060695858325e-06,COMPLETE
897,157.71011352539062,2026-01-02 18:48:45.218578,2026-01-02 18:48:53.584807,0 days 00:00:08.366229,relu,0.11395337038471685,64,0.08866103404533347,True,,none,1.3908764436137716e-06,COMPLETE
898,163.4306182861328,2026-01-02 18:48:53.597805,2026-01-02 18:49:01.682940,0 days 00:00:08.085135,relu,0.10732398240768719,57,0.03518976602905259,True,,none,1.7959015022272424e-06,COMPLETE
899,157.64608764648438,2026-01-02 18:49:01.712941,2026-01-02 18:49:09.876157,0 days 00:00:08.163216,relu,0.1007730091847758,61,0.0994119707636915,True,,none,2.24050410679052e-06,COMPLETE
900,157.3023681640625,2026-01-02 18:49:09.884156,2026-01-02 18:49:17.977799,0 days 00:00:08.093643,relu,0.10054017741962677,54,0.09964258790584656,True,,none,2.4534059089703706e-06,COMPLETE
901,197.93180406358505,2026-01-02 18:49:17.985798,2026-01-02 18:49:25.879431,0 days 00:00:07.893633,relu,0.11464972278040536,61,0.0009945172073524443,False,,none,1.874319370703547e-06,COMPLETE
902,156.73326110839844,2026-01-02 18:49:25.887428,2026-01-02 18:49:34.014070,0 days 00:00:08.126642,relu,0.113797559281833,57,0.07887578255280048,True,,none,1.9623006809661323e-06,COMPLETE
903,167.3396759033203,2026-01-02 18:49:34.022068,2026-01-02 18:49:42.170777,0 days 00:00:08.148709,silu,0.20257300379896698,64,0.07178877624193315,True,,none,2.355397873655777e-06,COMPLETE
904,193.1433868408203,2026-01-02 18:49:42.177776,2026-01-02 18:49:50.288403,0 days 00:00:08.110627,relu,0.106720007534254,57,0.0003173553211084671,True,,none,2.782759487497998e-06,COMPLETE
905,184.26907348632812,2026-01-02 18:49:50.297405,2026-01-02 18:49:58.362073,0 days 00:00:08.064668,relu,0.10022038770097216,61,0.0013111329676264993,True,,none,2.1653481649258253e-06,COMPLETE
906,157.5298614501953,2026-01-02 18:49:58.370073,2026-01-02 18:50:06.498725,0 days 00:00:08.128652,relu,0.12222251874615242,54,0.08770235790605077,True,,none,2.6952730487595843e-06,COMPLETE
907,180.8321533203125,2026-01-02 18:50:06.508723,2026-01-02 18:50:14.623401,0 days 00:00:08.114678,relu,0.11451148762166669,61,0.004410785806782676,True,,none,1.5044772789813515e-06,COMPLETE
908,158.3678741455078,2026-01-02 18:50:14.631399,2026-01-02 18:50:22.726093,0 days 00:00:08.094694,relu,0.10714847468689817,58,0.06347732555102481,True,,none,2.4396957194555012e-06,COMPLETE
909,158.38336181640625,2026-01-02 18:50:22.734099,2026-01-02 18:50:30.798741,0 days 00:00:08.064642,relu,0.13129259548688477,64,0.08015479061713876,True,,none,2.0282924934884427e-06,COMPLETE
910,156.10223388671875,2026-01-02 18:50:30.806740,2026-01-02 18:50:38.986422,0 days 00:00:08.179682,relu,0.11867561800752671,57,0.09986666251357719,True,,none,2.9041999534554062e-06,COMPLETE
911,193.04002380371094,2026-01-02 18:50:38.994422,2026-01-02 18:50:46.680576,0 days 00:00:07.686154,relu,0.13328829866916814,9,0.08909184174791206,True,,minmax,2.6952850636802644e-06,COMPLETE
912,157.51022338867188,2026-01-02 18:50:46.689575,2026-01-02 18:50:54.696826,0 days 00:00:08.007251,relu,0.12694113999423803,53,0.0906045529321938,True,,none,3.229722748537895e-06,COMPLETE
913,158.8578643798828,2026-01-02 18:50:54.705827,2026-01-02 18:51:02.787976,0 days 00:00:08.082149,relu,0.12071283258239535,55,0.07691852578379678,True,,none,2.9406038005860817e-06,COMPLETE
914,159.60574340820312,2026-01-02 18:51:02.795975,2026-01-02 18:51:11.461274,0 days 00:00:08.665299,gelu,0.12054134306061579,61,0.08942434259770071,True,,none,2.8770967310974516e-06,COMPLETE
915,162.24319458007812,2026-01-02 18:51:11.470274,2026-01-02 18:51:19.430888,0 days 00:00:07.960614,relu,0.1281175818505812,27,0.0989325026162419,True,,none,3.0795057245570575e-06,COMPLETE
916,158.6555938720703,2026-01-02 18:51:19.439888,2026-01-02 18:51:27.502027,0 days 00:00:08.062139,relu,0.10009176707298298,57,0.07901287862904982,True,,none,2.6999880834463746e-06,COMPLETE
917,157.15740966796875,2026-01-02 18:51:27.510026,2026-01-02 18:51:35.474129,0 days 00:00:07.964103,relu,0.13912374243394962,64,0.09897980322083358,True,,none,3.997375013399309e-06,COMPLETE
918,157.02293395996094,2026-01-02 18:51:35.483129,2026-01-02 18:51:43.615253,0 days 00:00:08.132124,relu,0.11359956631021968,60,0.09984266310574956,True,,none,5.02335002593704e-06,COMPLETE
919,158.14913940429688,2026-01-02 18:51:43.627253,2026-01-02 18:51:51.827436,0 days 00:00:08.200183,relu,0.10020970823824578,54,0.07214953545416831,True,,none,3.6442503716486198e-06,COMPLETE
920,197.41822347005206,2026-01-02 18:51:51.835435,2026-01-02 18:52:00.199606,0 days 00:00:08.364171,mish,0.11976262306690454,58,0.0009930984025223774,False,,none,2.4634094626309877e-06,COMPLETE
921,160.3233184814453,2026-01-02 18:52:00.207606,2026-01-02 18:52:08.312755,0 days 00:00:08.105149,relu,0.22479322233350668,61,0.09994057548650338,True,,none,2.918619742374646e-06,COMPLETE
922,159.76649475097656,2026-01-02 18:52:08.321751,2026-01-02 18:52:16.490337,0 days 00:00:08.168586,relu,0.11243521692119121,64,0.07822235245054275,True,,none,2.193602841894458e-06,COMPLETE
923,173.74998474121094,2026-01-02 18:52:16.499339,2026-01-02 18:52:24.510922,0 days 00:00:08.011583,relu,0.10689695750739428,56,0.01648910176864661,True,,none,3.291570261216219e-06,COMPLETE
924,161.12185668945312,2026-01-02 18:52:24.519926,2026-01-02 18:52:32.545592,0 days 00:00:08.025666,relu,0.10007342300759314,53,0.05472967067676526,True,,none,4.5175911338570335e-06,COMPLETE
925,166.98214721679688,2026-01-02 18:52:32.553595,2026-01-02 18:52:40.677261,0 days 00:00:08.123666,silu,0.11928648988293689,61,0.08792262799337476,True,,none,2.4733382357329702e-06,COMPLETE
926,159.43687438964844,2026-01-02 18:52:40.685264,2026-01-02 18:52:48.825402,0 days 00:00:08.140138,relu,0.11311640107698509,58,0.06639729949104466,True,,none,2.9551287165161347e-06,COMPLETE
927,167.62539672851562,2026-01-02 18:52:48.834402,2026-01-02 18:52:57.003544,0 days 00:00:08.169142,relu,0.39140895963360045,61,0.0814660718798551,True,,none,1.8278090074249213e-06,COMPLETE
928,158.43495178222656,2026-01-02 18:52:57.012546,2026-01-02 18:53:05.197882,0 days 00:00:08.185336,relu,0.12601720960313306,57,0.08766151269675485,True,,none,3.7043008672403906e-06,COMPLETE
929,182.23928833007812,2026-01-02 18:53:05.206883,2026-01-02 18:53:13.242103,0 days 00:00:08.035220,relu,0.10018851444519868,64,0.002219769813661252,True,,none,2.664795420756226e-06,COMPLETE
930,159.54957580566406,2026-01-02 18:53:13.251102,2026-01-02 18:53:21.377799,0 days 00:00:08.126697,relu,0.10816730273240577,53,0.07135239574154127,True,,none,2.1926675127424855e-06,COMPLETE
931,167.51345825195312,2026-01-02 18:53:21.386799,2026-01-02 18:53:29.499410,0 days 00:00:08.112611,relu,0.11317073848338914,59,0.09980568604560067,True,,minmax,4.162579696425697e-06,COMPLETE
932,157.9456329345703,2026-01-02 18:53:29.508409,2026-01-02 18:53:37.609584,0 days 00:00:08.101175,relu,0.12119595357732629,61,0.0800996222980913,True,,none,3.375114252263262e-06,COMPLETE
933,155.75608825683594,2026-01-02 18:53:37.617585,2026-01-02 18:53:45.812387,0 days 00:00:08.194802,relu,0.10758756918242843,57,0.09974087993812684,True,,none,1.659769688084337e-06,COMPLETE
934,159.6560516357422,2026-01-02 18:53:45.822385,2026-01-02 18:53:53.817534,0 days 00:00:07.995149,relu,0.13351770275595268,54,0.06437687825469758,True,,none,1.2901052831050784e-06,COMPLETE
935,157.87124633789062,2026-01-02 18:53:53.825535,2026-01-02 18:54:01.884136,0 days 00:00:08.058601,relu,0.1236009804236718,56,0.08692952650923735,True,,none,1.8690100992816356e-06,COMPLETE
936,161.2274627685547,2026-01-02 18:54:01.892136,2026-01-02 18:54:10.554385,0 days 00:00:08.662249,gelu,0.11492856498825788,54,0.08047009090349455,True,,none,1.457886566026174e-06,COMPLETE
937,178.94589233398438,2026-01-02 18:54:10.563385,2026-01-02 18:54:18.772647,0 days 00:00:08.209262,relu,0.12696595550191025,57,0.005805379040081198,True,,none,1.533213158661757e-06,COMPLETE
938,156.95753479003906,2026-01-02 18:54:18.781646,2026-01-02 18:54:26.931801,0 days 00:00:08.150155,relu,0.1110270198257805,53,0.09962652864790844,True,,none,1.5951728035884483e-06,COMPLETE
939,197.54647772894964,2026-01-02 18:54:26.939808,2026-01-02 18:54:34.779443,0 days 00:00:07.839635,relu,0.11785649533605598,64,0.0009940602625489415,False,,none,1.1059333674517539e-06,COMPLETE
940,161.59896850585938,2026-01-02 18:54:34.787445,2026-01-02 18:54:42.883095,0 days 00:00:08.095650,relu,0.23263849831473718,58,0.06961623808531107,True,,none,1.3715986292711273e-06,COMPLETE
941,157.45162963867188,2026-01-02 18:54:42.891096,2026-01-02 18:54:50.985402,0 days 00:00:08.094306,relu,0.1076641374686855,56,0.08902218156610078,True,,none,1.7688941324953603e-06,COMPLETE
942,157.2462158203125,2026-01-02 18:54:50.994402,2026-01-02 18:54:59.061068,0 days 00:00:08.066666,relu,0.13547863419541273,61,0.09968422257569144,True,,none,1.6989537682469382e-06,COMPLETE
943,170.40394592285156,2026-01-02 18:54:59.069068,2026-01-02 18:55:07.119708,0 days 00:00:08.050640,relu,0.1138736096502378,52,0.025418525442013177,True,,none,2.0275237960692195e-06,COMPLETE
944,159.3522491455078,2026-01-02 18:55:07.128707,2026-01-02 18:55:15.140910,0 days 00:00:08.012203,relu,0.10828867137663581,64,0.07766392486145882,True,,none,1.992658730414703e-06,COMPLETE
945,166.6063995361328,2026-01-02 18:55:15.149915,2026-01-02 18:55:23.743693,0 days 00:00:08.593778,mish,0.11980101928357023,58,0.05714181736258517,True,,none,2.457055132078766e-06,COMPLETE
946,156.53366088867188,2026-01-02 18:55:23.751693,2026-01-02 18:55:31.731801,0 days 00:00:07.980108,relu,0.10750284138978435,61,0.08741257932296274,True,,none,4.817648372361679e-06,COMPLETE
947,160.28990173339844,2026-01-02 18:55:31.739800,2026-01-02 18:55:39.688897,0 days 00:00:07.949097,relu,0.12870547060977913,56,0.07037443789263859,True,,none,1.6835721843777682e-06,COMPLETE
948,158.20477294921875,2026-01-02 18:55:39.695896,2026-01-02 18:55:47.800082,0 days 00:00:08.104186,relu,0.10755970969574004,60,0.08063594818257301,True,,none,2.236414250125311e-06,COMPLETE
949,194.88766479492188,2026-01-02 18:55:47.808081,2026-01-02 18:55:55.905278,0 days 00:00:08.097197,relu,0.10021589749141027,53,0.00019956958184835796,True,,none,1.1922885956884402e-06,COMPLETE
950,166.796875,2026-01-02 18:55:55.913282,2026-01-02 18:56:04.059377,0 days 00:00:08.146095,silu,0.11806598442751633,64,0.08877072511363891,True,,none,2.838158378209939e-06,COMPLETE
951,167.49903869628906,2026-01-02 18:56:04.065885,2026-01-02 18:56:12.094992,0 days 00:00:08.029107,relu,0.11396150539886601,58,0.07264614740945853,True,,minmax,3.0403676841353913e-06,COMPLETE
952,156.27621459960938,2026-01-02 18:56:12.102992,2026-01-02 18:56:20.168714,0 days 00:00:08.065722,relu,0.10697662223041801,61,0.08811297815864422,True,,none,1.92543995919934e-06,COMPLETE
953,158.3284912109375,2026-01-02 18:56:20.176716,2026-01-02 18:56:28.143303,0 days 00:00:07.966587,relu,0.1254836071278522,64,0.08827690446671235,True,,none,1.3983229575893416e-06,COMPLETE
954,181.1415557861328,2026-01-02 18:56:28.155306,2026-01-02 18:56:36.169974,0 days 00:00:08.014668,relu,0.12201008817812106,61,0.0035570420719763553,True,,none,1.5699380117108704e-06,COMPLETE
955,158.0320587158203,2026-01-02 18:56:36.178974,2026-01-02 18:56:44.169111,0 days 00:00:07.990137,relu,0.13252835489775328,56,0.06003945936292761,True,,none,2.0538777191538234e-06,COMPLETE
956,158.7338409423828,2026-01-02 18:56:44.178116,2026-01-02 18:56:52.265294,0 days 00:00:08.087178,relu,0.14079659177535048,61,0.09984718309478023,True,,none,2.203262779450111e-06,COMPLETE
957,161.73707580566406,2026-01-02 18:56:52.272806,2026-01-02 18:57:00.134373,0 days 00:00:07.861567,relu,0.11394147248652155,23,0.09991387739125111,True,,none,1.8131284381706285e-06,COMPLETE
958,366.59586046006945,2026-01-02 18:57:00.142373,2026-01-02 18:57:07.960451,0 days 00:00:07.818078,relu,0.11901442482110518,64,3.168440229284394e-05,False,,none,1.918892366525719e-06,COMPLETE
959,189.5428009033203,2026-01-02 18:57:07.969451,2026-01-02 18:57:16.016149,0 days 00:00:08.046698,relu,0.10766345526057397,56,0.0007299509776875393,True,,none,0.0009928648610425272,COMPLETE
960,160.9586944580078,2026-01-02 18:57:16.023149,2026-01-02 18:57:24.737911,0 days 00:00:08.714762,gelu,0.11317475591050302,59,0.07842253225095133,True,,none,1.8550987473452803e-06,COMPLETE
961,177.2609100341797,2026-01-02 18:57:24.745912,2026-01-02 18:57:32.794573,0 days 00:00:08.048661,relu,0.47324494046662935,53,0.06810277071975128,True,,none,1.5889893152415309e-06,COMPLETE
962,191.2354736328125,2026-01-02 18:57:32.803575,2026-01-02 18:57:40.774124,0 days 00:00:07.970549,relu,0.12472666597300887,61,0.0004618236360481857,True,,none,1.7580808633895e-06,COMPLETE
963,157.823974609375,2026-01-02 18:57:40.782634,2026-01-02 18:57:48.959800,0 days 00:00:08.177166,relu,0.10807115342122357,58,0.08116762313095541,True,,none,2.4112833988701644e-06,COMPLETE
964,157.93209838867188,2026-01-02 18:57:48.967807,2026-01-02 18:57:56.995895,0 days 00:00:08.028088,relu,0.1178988107445207,64,0.08879001896704035,True,,none,1.286355543142118e-06,COMPLETE
965,157.45155334472656,2026-01-02 18:57:57.003894,2026-01-02 18:58:05.028019,0 days 00:00:08.024125,relu,0.10832401640453787,56,0.07325842086997203,True,,none,2.368739657503582e-06,COMPLETE
966,159.780517578125,2026-01-02 18:58:05.036018,2026-01-02 18:58:13.085667,0 days 00:00:08.049649,relu,0.13202214879291382,61,0.0888813924632313,True,,none,2.0916396652989846e-06,COMPLETE
967,161.5377960205078,2026-01-02 18:58:13.093667,2026-01-02 18:58:21.191299,0 days 00:00:08.097632,relu,0.10710058316358007,53,0.0475146105142911,True,,none,2.5109048828082843e-06,COMPLETE
968,165.83677673339844,2026-01-02 18:58:21.199299,2026-01-02 18:58:29.227889,0 days 00:00:08.028590,relu,0.12075649344895216,64,0.09999776246514938,True,,minmax,2.0536458056243354e-06,COMPLETE
969,158.77304077148438,2026-01-02 18:58:29.236886,2026-01-02 18:58:37.335086,0 days 00:00:08.098200,relu,0.10003216168657049,59,0.06442549647510289,True,,none,1.5181688993244215e-06,COMPLETE
970,164.24327087402344,2026-01-02 18:58:37.343083,2026-01-02 18:58:45.830795,0 days 00:00:08.487712,mish,0.10011086299516089,55,0.0803720672931764,True,,none,2.660761519100592e-06,COMPLETE
971,168.45584106445312,2026-01-02 18:58:45.838795,2026-01-02 18:58:53.574846,0 days 00:00:07.736051,relu,0.11424434256593129,14,0.0997297638301668,True,,none,2.2057643715597475e-06,COMPLETE
972,158.85824584960938,2026-01-02 18:58:53.582845,2026-01-02 18:59:01.688515,0 days 00:00:08.105670,relu,0.112614579599105,61,0.08046221297245361,True,,none,1.843902989794735e-06,COMPLETE
973,157.49063110351562,2026-01-02 18:59:01.697520,2026-01-02 18:59:09.787599,0 days 00:00:08.090079,relu,0.10004529746990497,58,0.0872246896098809,True,,none,2.7410844448628295e-06,COMPLETE
974,166.00775146484375,2026-01-02 18:59:09.796108,2026-01-02 18:59:17.899792,0 days 00:00:08.103684,silu,0.12686349741858866,52,0.07191981343279057,True,,none,2.2967368832605546e-06,COMPLETE
975,156.55116271972656,2026-01-02 18:59:17.909791,2026-01-02 18:59:25.938407,0 days 00:00:08.028616,relu,0.10921016437341814,64,0.09974426609004289,True,,none,2.560694255883105e-06,COMPLETE
976,159.98501586914062,2026-01-02 18:59:25.947407,2026-01-02 18:59:33.997018,0 days 00:00:08.049611,relu,0.11568299159984519,56,0.0795624871470172,True,,none,1.6967831156378165e-06,COMPLETE
977,157.5714874267578,2026-01-02 18:59:34.006018,2026-01-02 18:59:42.068736,0 days 00:00:08.062718,relu,0.1075686424090502,60,0.06278839276417916,True,,none,2.983289208362799e-06,COMPLETE
978,197.78803622775607,2026-01-02 18:59:42.076736,2026-01-02 18:59:49.806893,0 days 00:00:07.730157,relu,0.12136692322743248,29,0.000994031826040203,False,,none,1.4146145709874764e-06,COMPLETE
979,157.49839782714844,2026-01-02 18:59:49.814891,2026-01-02 18:59:57.877443,0 days 00:00:08.062552,relu,0.10004652261681501,61,0.08784169967836039,True,,none,1.1118745651434546e-06,COMPLETE
980,158.65090942382812,2026-01-02 18:59:57.884442,2026-01-02 19:00:05.955062,0 days 00:00:08.070620,relu,0.10702732764882615,55,0.0728302628642904,True,,none,2.0899277105800008e-06,COMPLETE
981,158.02264404296875,2026-01-02 19:00:05.963062,2026-01-02 19:00:14.062769,0 days 00:00:08.099707,relu,0.12857860900211296,58,0.0883147435531426,True,,none,1.9452778968255277e-06,COMPLETE
982,164.16632080078125,2026-01-02 19:00:14.069768,2026-01-02 19:00:22.082978,0 days 00:00:08.013210,relu,0.28431814048299664,64,0.07833486479358208,True,,none,2.347377880265401e-06,COMPLETE
983,156.26263427734375,2026-01-02 19:00:22.091984,2026-01-02 19:00:30.195096,0 days 00:00:08.103112,relu,0.11602290777840014,52,0.08812956824735982,True,,none,1.6745715487762466e-06,COMPLETE
984,163.41810607910156,2026-01-02 19:00:30.204612,2026-01-02 19:00:38.221753,0 days 00:00:08.017141,relu,0.17496732802290982,52,0.053308437566952416,True,,none,1.4198299344099238e-06,COMPLETE
985,157.86251831054688,2026-01-02 19:00:38.230754,2026-01-02 19:00:46.237421,0 days 00:00:08.006667,relu,0.1313649384343406,52,0.09931582887005011,True,,none,1.2305786677956398e-06,COMPLETE
986,162.5829620361328,2026-01-02 19:00:46.246419,2026-01-02 19:00:54.796141,0 days 00:00:08.549722,gelu,0.12486808194794691,52,0.06576045325312574,True,,none,1.726381916579548e-06,COMPLETE
987,158.92434692382812,2026-01-02 19:00:54.804645,2026-01-02 19:01:02.921832,0 days 00:00:08.117187,relu,0.14740237731736605,55,0.0881214228410639,True,,none,1.0026886536697589e-06,COMPLETE
988,158.56134033203125,2026-01-02 19:01:02.929830,2026-01-02 19:01:10.910891,0 days 00:00:07.981061,relu,0.13712281293638723,55,0.09987580116713435,True,,none,1.5332667807216244e-06,COMPLETE
989,159.6037139892578,2026-01-02 19:01:10.918893,2026-01-02 19:01:18.825503,0 days 00:00:07.906610,relu,0.11794922871828838,51,0.07322520540065085,True,,none,1.6721434920725525e-06,COMPLETE
990,157.7606964111328,2026-01-02 19:01:18.833504,2026-01-02 19:01:26.918649,0 days 00:00:08.085145,relu,0.11920597869354178,58,0.09975208086716914,True,,none,1.6104258197347302e-06,COMPLETE
991,158.95095825195312,2026-01-02 19:01:26.926649,2026-01-02 19:01:34.992744,0 days 00:00:08.066095,relu,0.11389692090665639,55,0.07916909303995673,True,,none,1.9043596494875191e-06,COMPLETE
992,169.010009765625,2026-01-02 19:01:35.000751,2026-01-02 19:01:43.080400,0 days 00:00:08.079649,relu,0.12112996720642444,58,0.08590920508051812,True,,minmax,1.4092632645311283e-06,COMPLETE
993,168.53768920898438,2026-01-02 19:01:43.087401,2026-01-02 19:01:51.628159,0 days 00:00:08.540758,mish,0.266354998516779,61,0.06920016747356487,True,,none,2.113547359698533e-06,COMPLETE
994,162.06869506835938,2026-01-02 19:01:51.636161,2026-01-02 19:01:59.691293,0 days 00:00:08.055132,relu,0.13932110354084012,64,0.05910534436141989,True,,none,1.8053170620939886e-06,COMPLETE
995,157.97718811035156,2026-01-02 19:01:59.699299,2026-01-02 19:02:07.665930,0 days 00:00:07.966631,relu,0.11251247533423088,52,0.08751611736183021,True,,none,2.5747180041961806e-06,COMPLETE
996,197.37021809895833,2026-01-02 19:02:07.672930,2026-01-02 19:02:15.529572,0 days 00:00:07.856642,relu,0.127805044590528,58,0.0009944380991982497,False,,none,1.9376849528846003e-06,COMPLETE
997,158.6414794921875,2026-01-02 19:02:15.538572,2026-01-02 19:02:23.519693,0 days 00:00:07.981121,relu,0.10712255408747275,61,0.0783417850116085,True,,none,1.2655858294912526e-06,COMPLETE
998,164.16488647460938,2026-01-02 19:02:23.528693,2026-01-02 19:02:31.583454,0 days 00:00:08.054761,relu,0.2972553817518093,55,0.09976521101650729,True,,none,2.2897805825501968e-06,COMPLETE
999,186.901123046875,2026-01-02 19:02:31.591454,2026-01-02 19:02:39.205587,0 days 00:00:07.614133,silu,0.11431177011592618,4,0.08652675640672429,True,,none,3.142886458318622e-06,COMPLETE
1000,142.81024169921875,2026-01-03 00:55:29.662429,2026-01-03 00:55:39.025729,0 days 00:00:09.363300,relu,0.10795953813121982,58,0.07134472109482987,True,standard,,2.79495060909614e-06,COMPLETE
1001,144.0585479736328,2026-01-03 00:55:39.035730,2026-01-03 00:55:47.639493,0 days 00:00:08.603763,relu,0.1237130549743937,51,0.0689964231243497,True,standard,,1.5558616969907933e-06,COMPLETE
1002,144.38507080078125,2026-01-03 00:55:47.647492,2026-01-03 00:55:56.044329,0 days 00:00:08.396837,relu,0.13232993232199314,51,0.05435426933772815,True,standard,,1.8590161460833438e-06,COMPLETE
1003,149.04258728027344,2026-01-03 00:55:56.052330,2026-01-03 00:56:04.316701,0 days 00:00:08.264371,relu,0.13675489239917393,50,0.04666908803446446,True,standard,,1.5360293376805404e-06,COMPLETE
1004,145.46987915039062,2026-01-03 00:56:04.329701,2026-01-03 00:56:12.089867,0 days 00:00:07.760166,relu,0.14445382564300194,50,0.056939805892803945,True,standard,,1.5306598392137248e-06,COMPLETE
1005,151.64041137695312,2026-01-03 00:56:12.097867,2026-01-03 00:56:19.997520,0 days 00:00:07.899653,relu,0.15620172684194691,49,0.04712415223786607,True,standard,,1.1887210166026393e-06,COMPLETE
1006,157.8657684326172,2026-01-03 00:56:20.007032,2026-01-03 00:56:28.304281,0 days 00:00:08.297249,relu,0.15607605602197958,51,0.03309826483260342,True,standard,,1.1394854115401686e-06,COMPLETE
1007,,2026-01-03 00:56:28.314281,,,relu,0.14603881496829918,49,0.044124881986987954,True,standard,,1.2644945703626262e-06,RUNNING
